order_item_id,order_id,product_id,quantity,unit_price,discount
1,50001,1073,2,10250,0.15
2,50001,1100,1,2550,0.15
3,50001,1070,1,2500,0.05
4,50002,1085,1,6000,0.05
5,50003,1053,2,1950,0
6,50003,1013,1,19300,0
7,50004,1094,3,5200,0
8,50004,1083,2,11100,0
9,50005,1033,1,2750,0
10,50006,1025,1,2800,0.05
11,50007,1007,1,54700,0
12,50008,1045,1,3250,0
13,50009,1023,1,2350,0
14,50009,1006,1,12550,0.1
15,50010,1026,1,5000,0
16,50011,1094,1,5200,0
17,50012,1058,1,500,0.05
18,50013,1004,2,58800,0.05
19,50013,1057,2,650,0.1
20,50014,1001,1,68450,0
21,50015,1078,2,2550,0.05
22,50015,1010,3,45950,0.05
23,50016,1012,3,3650,0
24,50016,1062,1,1450,0
25,50016,1089,1,1200,0
26,50016,1031,3,3400,0
27,50017,1046,1,2050,0
28,50017,1066,2,600,0.05
29,50018,1058,1,500,0.05
30,50019,1032,1,2800,0.1
31,50019,1078,1,2550,0
32,50020,1002,1,31150,0.1
33,50021,1041,1,2100,0
34,50021,1040,1,4750,0.1
35,50022,1070,1,2500,0.1
36,50022,1020,1,5150,0
37,50023,1099,2,1950,0
38,50023,1095,1,1650,0.1
39,50024,1036,3,4550,0.05
40,50024,1081,1,6750,0.05
41,50025,1021,1,1250,0
42,50026,1049,1,3850,0
43,50026,1037,1,4100,0
44,50026,1089,2,1200,0
45,50026,1056,1,950,0
46,50027,1003,1,17250,0.05
47,50028,1056,1,950,0.05
48,50028,1063,1,1700,0
49,50029,1006,1,12550,0.05
50,50029,1087,1,3500,0.05
51,50030,1037,1,4100,0
52,50030,1029,2,5950,0
53,50031,1043,1,1050,0.05
54,50032,1052,1,1000,0.05
55,50033,1005,3,46200,0.1
56,50033,1038,1,1700,0
57,50034,1061,1,1600,0
58,50035,1036,1,4550,0.05
59,50036,1069,1,1900,0.05
60,50037,1026,1,5000,0
61,50037,1011,1,63300,0
62,50038,1032,1,2800,0
63,50039,1053,1,1950,0.05
64,50039,1017,1,41900,0.1
65,50039,1024,1,4450,0.15
66,50040,1095,1,1650,0
67,50041,1058,2,500,0.05
68,50041,1001,1,68450,0.1
69,50041,1028,1,2350,0
70,50042,1002,1,31150,0
71,50043,1083,1,11100,0
72,50043,1012,2,3650,0.05
73,50044,1028,1,2350,0.05
74,50045,1095,1,1650,0
75,50046,1034,1,2400,0.05
76,50047,1048,1,2700,0.05
77,50047,1073,1,10250,0
78,50048,1051,1,700,0.05
79,50049,1060,1,750,0.1
80,50050,1042,1,6050,0
81,50051,1006,1,12550,0.05
82,50051,1041,1,2100,0.1
83,50051,1037,1,4100,0
84,50051,1096,1,2950,0.05
85,50052,1050,1,6550,0.05
86,50052,1045,1,3250,0.1
87,50053,1052,1,1000,0
88,50054,1016,1,37450,0
89,50055,1002,1,31150,0.1
90,50056,1018,1,5900,0
91,50057,1082,1,5100,0
92,50058,1026,1,5000,0.15
93,50059,1010,1,45950,0
94,50060,1087,2,3500,0.15
95,50061,1041,1,2100,0
96,50061,1055,1,2100,0
97,50061,1007,1,54700,0
98,50062,1057,1,650,0
99,50063,1034,2,2400,0
100,50064,1089,1,1200,0.05
101,50064,1060,1,750,0.1
102,50064,1075,1,4300,0.05
103,50065,1051,3,700,0.1
104,50065,1056,2,950,0
105,50066,1016,1,37450,0
106,50067,1034,1,2400,0
107,50067,1081,1,6750,0
108,50068,1024,3,4450,0.15
109,50069,1094,1,5200,0.1
110,50069,1012,2,3650,0
111,50069,1070,1,2500,0
112,50070,1028,2,2350,0
113,50070,1025,1,2800,0.05
114,50071,1027,3,4700,0
115,50071,1073,1,10250,0
116,50072,1031,2,3400,0.1
117,50073,1059,2,600,0.05
118,50073,1049,1,3850,0
119,50073,1080,2,500,0.05
120,50074,1069,2,1900,0.05
121,50075,1024,1,4450,0
122,50076,1055,1,2100,0
123,50077,1038,1,1700,0
124,50077,1018,1,5900,0.05
125,50078,1002,1,31150,0
126,50078,1087,1,3500,0.1
127,50078,1062,1,1450,0
128,50079,1057,1,650,0.05
129,50079,1042,1,6050,0.05
130,50079,1056,1,950,0
131,50080,1037,3,4100,0
132,50081,1056,2,950,0
133,50081,1081,1,6750,0
134,50082,1010,1,45950,0.05
135,50083,1051,1,700,0
136,50084,1057,1,650,0
137,50084,1001,1,68450,0
138,50084,1027,1,4700,0
139,50085,1081,1,6750,0.05
140,50086,1091,2,1450,0
141,50086,1039,1,2400,0
142,50087,1098,1,3700,0
143,50088,1073,2,10250,0.1
144,50089,1006,1,12550,0
145,50090,1046,2,2050,0.1
146,50090,1082,1,5100,0.15
147,50091,1010,1,45950,0
148,50092,1076,1,6950,0.1
149,50092,1027,3,4700,0.05
150,50093,1074,1,1850,0.1
151,50093,1070,1,2500,0
152,50094,1055,1,2100,0.05
153,50094,1005,1,46200,0
154,50095,1085,1,6000,0
155,50095,1027,2,4700,0
156,50096,1076,2,6950,0
157,50096,1033,1,2750,0.05
158,50097,1069,1,1900,0.1
159,50097,1084,1,3550,0
160,50097,1010,2,45950,0
161,50098,1024,1,4450,0.05
162,50098,1088,3,5250,0.1
163,50099,1025,2,2800,0.15
164,50100,1064,1,2000,0.1
165,50101,1051,1,700,0.05
166,50102,1066,2,600,0.05
167,50103,1058,1,500,0.05
168,50104,1070,3,2500,0
169,50105,1090,1,3400,0.05
170,50106,1033,1,2750,0
171,50106,1074,1,1850,0.15
172,50107,1035,1,5050,0.05
173,50107,1051,1,700,0.05
174,50107,1004,1,58800,0.1
175,50107,1097,1,4550,0.05
176,50108,1080,2,500,0
177,50109,1007,1,54700,0
178,50109,1070,1,2500,0
179,50109,1008,1,60450,0
180,50110,1058,1,500,0
181,50111,1067,1,1950,0.1
182,50111,1052,1,1000,0
183,50112,1033,1,2750,0
184,50112,1061,1,1600,0
185,50112,1056,2,950,0
186,50112,1036,1,4550,0
187,50113,1046,1,2050,0
188,50113,1010,1,45950,0
189,50114,1039,2,2400,0.05
190,50114,1034,1,2400,0
191,50114,1009,1,69500,0.1
192,50115,1069,1,1900,0.1
193,50115,1055,2,2100,0.1
194,50116,1094,1,5200,0
195,50116,1009,1,69500,0.1
196,50116,1058,1,500,0.1
197,50117,1083,1,11100,0
198,50118,1043,1,1050,0.05
199,50118,1094,1,5200,0
200,50119,1096,1,2950,0.05
201,50119,1009,1,69500,0
202,50119,1028,1,2350,0.05
203,50120,1074,2,1850,0
204,50120,1063,1,1700,0
205,50120,1018,1,5900,0
206,50121,1041,2,2100,0
207,50122,1097,1,4550,0.15
208,50122,1089,3,1200,0
209,50123,1029,1,5950,0
210,50123,1074,1,1850,0.1
211,50124,1085,3,6000,0
212,50125,1033,1,2750,0.1
213,50125,1035,2,5050,0.1
214,50126,1068,1,10300,0.1
215,50127,1003,1,17250,0.1
216,50128,1030,1,1100,0.05
217,50129,1069,1,1900,0.05
218,50129,1056,3,950,0
219,50130,1055,1,2100,0.1
220,50130,1095,1,1650,0
221,50131,1093,2,1750,0
222,50131,1017,1,41900,0.1
223,50132,1036,1,4550,0
224,50132,1014,2,37800,0
225,50132,1074,2,1850,0
226,50133,1049,1,3850,0
227,50133,1092,1,5950,0.1
228,50134,1013,1,19300,0
229,50134,1057,1,650,0.1
230,50135,1088,2,5250,0.1
231,50135,1012,1,3650,0.05
232,50135,1048,1,2700,0.1
233,50135,1068,2,10300,0.1
234,50136,1054,1,2100,0.1
235,50136,1080,2,500,0.1
236,50137,1019,1,2150,0
237,50137,1029,1,5950,0.1
238,50138,1022,1,2900,0.05
239,50139,1098,3,3700,0
240,50140,1070,1,2500,0
241,50140,1081,2,6750,0
242,50141,1042,1,6050,0
243,50142,1041,1,2100,0.05
244,50143,1070,1,2500,0
245,50143,1080,1,500,0.05
246,50143,1088,1,5250,0
247,50144,1075,1,4300,0.05
248,50145,1050,1,6550,0.05
249,50145,1022,1,2900,0.05
250,50146,1003,2,17250,0.15
251,50147,1020,1,5150,0
252,50148,1081,2,6750,0.05
253,50149,1012,1,3650,0.1
254,50150,1083,1,11100,0.1
255,50150,1070,2,2500,0
256,50150,1067,2,1950,0.1
257,50151,1001,1,68450,0.1
258,50151,1052,1,1000,0.1
259,50151,1050,1,6550,0.05
260,50152,1076,1,6950,0.05
261,50152,1072,2,3850,0
262,50153,1056,1,950,0.1
263,50153,1085,2,6000,0
264,50154,1042,1,6050,0.05
265,50155,1029,1,5950,0.05
266,50155,1025,1,2800,0
267,50156,1022,2,2900,0.05
268,50157,1043,1,1050,0
269,50158,1087,2,3500,0
270,50159,1080,1,500,0.05
271,50159,1078,1,2550,0.05
272,50160,1048,3,2700,0.05
273,50161,1009,1,69500,0
274,50162,1014,2,37800,0.15
275,50162,1097,2,4550,0.1
276,50162,1020,1,5150,0.05
277,50163,1097,1,4550,0.1
278,50164,1005,1,46200,0
279,50165,1069,2,1900,0
280,50165,1007,1,54700,0
281,50166,1055,1,2100,0
282,50167,1038,2,1700,0.15
283,50167,1004,2,58800,0
284,50168,1003,2,17250,0.05
285,50168,1009,1,69500,0.1
286,50168,1056,1,950,0
287,50168,1028,1,2350,0.05
288,50169,1021,2,1250,0.05
289,50169,1077,1,2450,0
290,50170,1100,1,2550,0.05
291,50170,1096,1,2950,0.05
292,50170,1027,2,4700,0.05
293,50170,1091,1,1450,0.15
294,50171,1012,1,3650,0.15
295,50172,1081,1,6750,0
296,50172,1095,1,1650,0
297,50173,1039,2,2400,0.05
298,50173,1038,1,1700,0.05
299,50173,1050,1,6550,0.05
300,50174,1037,1,4100,0.1
301,50175,1079,1,10450,0
302,50175,1015,1,25000,0.1
303,50176,1010,1,45950,0.05
304,50176,1066,1,600,0.1
305,50176,1086,1,900,0.15
306,50177,1036,1,4550,0.05
307,50177,1086,1,900,0.05
308,50178,1063,2,1700,0
309,50179,1017,2,41900,0.1
310,50179,1076,1,6950,0
311,50180,1026,2,5000,0
312,50181,1082,1,5100,0.05
313,50181,1045,1,3250,0.1
314,50181,1096,1,2950,0.1
315,50181,1004,1,58800,0
316,50182,1054,1,2100,0
317,50182,1053,1,1950,0
318,50183,1031,1,3400,0.1
319,50184,1017,1,41900,0.05
320,50185,1070,1,2500,0.15
321,50185,1006,2,12550,0.15
322,50186,1063,2,1700,0
323,50186,1046,2,2050,0.05
324,50186,1080,1,500,0.05
325,50187,1036,1,4550,0.05
326,50188,1045,1,3250,0.1
327,50188,1009,2,69500,0
328,50189,1049,1,3850,0
329,50189,1007,2,54700,0
330,50189,1015,1,25000,0.05
331,50190,1083,2,11100,0.05
332,50190,1049,1,3850,0.1
333,50191,1057,2,650,0
334,50191,1049,1,3850,0.05
335,50192,1071,3,9700,0.05
336,50192,1042,1,6050,0
337,50192,1001,2,68450,0
338,50193,1100,2,2550,0
339,50193,1037,1,4100,0.05
340,50193,1088,1,5250,0.05
341,50193,1033,1,2750,0.1
342,50194,1047,1,4300,0.05
343,50195,1062,1,1450,0.1
344,50196,1034,1,2400,0.05
345,50197,1041,1,2100,0.1
346,50197,1028,1,2350,0
347,50198,1064,1,2000,0
348,50199,1068,2,10300,0.05
349,50200,1069,3,1900,0
350,50200,1062,1,1450,0
351,50201,1009,1,69500,0
352,50202,1014,2,37800,0
353,50203,1010,1,45950,0
354,50203,1071,1,9700,0.05
355,50204,1043,2,1050,0.1
356,50205,1001,2,68450,0.1
357,50205,1019,1,2150,0
358,50206,1034,1,2400,0.05
359,50207,1024,1,4450,0
360,50208,1083,2,11100,0
361,50208,1089,1,1200,0.1
362,50208,1043,1,1050,0.05
363,50209,1020,1,5150,0
364,50210,1033,1,2750,0.05
365,50211,1013,3,19300,0
366,50212,1095,1,1650,0
367,50213,1005,3,46200,0
368,50214,1086,1,900,0
369,50215,1085,2,6000,0.1
370,50216,1027,1,4700,0
371,50217,1030,1,1100,0
372,50218,1015,2,25000,0
373,50218,1028,2,2350,0
374,50218,1021,1,1250,0
375,50218,1032,1,2800,0.05
376,50219,1079,2,10450,0
377,50219,1057,1,650,0
378,50219,1055,1,2100,0
379,50220,1046,2,2050,0.05
380,50220,1032,1,2800,0.1
381,50220,1056,2,950,0
382,50221,1047,1,4300,0.1
383,50221,1023,1,2350,0.1
384,50222,1050,1,6550,0
385,50222,1052,2,1000,0
386,50223,1021,1,1250,0
387,50224,1054,1,2100,0
388,50225,1048,1,2700,0.1
389,50225,1029,1,5950,0
390,50226,1035,1,5050,0.05
391,50226,1098,1,3700,0
392,50227,1090,1,3400,0.05
393,50227,1053,2,1950,0.05
394,50228,1038,1,1700,0.1
395,50229,1076,1,6950,0
396,50230,1059,2,600,0.05
397,50231,1081,1,6750,0
398,50232,1037,1,4100,0.05
399,50232,1053,1,1950,0.05
400,50232,1071,1,9700,0
401,50233,1073,1,10250,0.05
402,50234,1097,1,4550,0.05
403,50234,1098,1,3700,0
404,50235,1011,2,63300,0.05
405,50235,1013,1,19300,0
406,50235,1051,1,700,0
407,50236,1049,1,3850,0
408,50236,1008,2,60450,0
409,50237,1055,3,2100,0.1
410,50237,1062,1,1450,0.1
411,50238,1027,1,4700,0.15
412,50239,1026,1,5000,0
413,50240,1042,1,6050,0.1
414,50241,1082,1,5100,0.1
415,50241,1022,1,2900,0.1
416,50241,1050,1,6550,0
417,50241,1090,2,3400,0.05
418,50242,1039,1,2400,0.1
419,50242,1002,1,31150,0.1
420,50243,1024,1,4450,0.1
421,50243,1083,1,11100,0.05
422,50244,1087,1,3500,0.05
423,50245,1029,1,5950,0
424,50246,1045,2,3250,0.05
425,50247,1032,1,2800,0.05
426,50247,1073,1,10250,0.1
427,50248,1035,1,5050,0.1
428,50249,1027,1,4700,0.1
429,50249,1088,1,5250,0.1
430,50250,1012,1,3650,0
431,50250,1094,1,5200,0.05
432,50251,1070,1,2500,0
433,50251,1012,1,3650,0.05
434,50251,1014,1,37800,0.1
435,50251,1052,1,1000,0
436,50252,1005,1,46200,0.05
437,50253,1016,3,37450,0.05
438,50253,1052,1,1000,0.05
439,50253,1070,1,2500,0
440,50254,1026,2,5000,0.1
441,50254,1034,1,2400,0
442,50254,1065,1,250,0
443,50255,1008,1,60450,0.05
444,50256,1063,1,1700,0.1
445,50256,1076,1,6950,0
446,50257,1090,2,3400,0.1
447,50258,1018,2,5900,0
448,50259,1003,2,17250,0.05
449,50259,1018,1,5900,0.15
450,50259,1039,1,2400,0.1
451,50260,1017,2,41900,0
452,50261,1063,2,1700,0
453,50262,1056,1,950,0.05
454,50263,1055,1,2100,0
455,50264,1005,1,46200,0
456,50264,1082,3,5100,0
457,50264,1064,1,2000,0
458,50264,1039,1,2400,0
459,50265,1010,1,45950,0
460,50265,1091,1,1450,0
461,50265,1031,1,3400,0.15
462,50266,1071,1,9700,0
463,50267,1097,1,4550,0.05
464,50268,1082,1,5100,0
465,50269,1060,1,750,0.05
466,50269,1075,1,4300,0.1
467,50269,1070,1,2500,0
468,50270,1077,3,2450,0
469,50270,1029,1,5950,0.15
470,50271,1058,1,500,0.05
471,50272,1100,1,2550,0.1
472,50273,1082,2,5100,0
473,50274,1084,1,3550,0
474,50275,1061,1,1600,0
475,50275,1003,3,17250,0.1
476,50275,1085,1,6000,0
477,50276,1083,3,11100,0
478,50277,1090,1,3400,0.1
479,50278,1082,3,5100,0
480,50279,1008,1,60450,0.15
481,50279,1087,2,3500,0
482,50280,1053,1,1950,0.05
483,50281,1085,1,6000,0
484,50282,1072,1,3850,0
485,50283,1020,1,5150,0
486,50284,1005,1,46200,0
487,50284,1001,2,68450,0
488,50285,1048,2,2700,0
489,50286,1086,1,900,0.1
490,50287,1100,2,2550,0.1
491,50288,1076,2,6950,0
492,50288,1017,2,41900,0
493,50289,1047,3,4300,0.05
494,50289,1063,1,1700,0
495,50289,1072,1,3850,0.05
496,50290,1039,1,2400,0
497,50291,1032,1,2800,0.1
498,50291,1039,1,2400,0.1
499,50291,1010,2,45950,0
500,50292,1072,1,3850,0
501,50293,1071,1,9700,0.05
502,50293,1005,1,46200,0.1
503,50294,1097,1,4550,0.15
504,50295,1004,3,58800,0
505,50295,1087,1,3500,0
506,50296,1085,1,6000,0.1
507,50297,1031,1,3400,0
508,50297,1093,2,1750,0.05
509,50297,1052,3,1000,0.1
510,50298,1040,2,4750,0.05
511,50298,1090,1,3400,0.05
512,50299,1078,1,2550,0.05
513,50299,1056,1,950,0
514,50299,1073,1,10250,0.05
515,50300,1007,1,54700,0
516,50301,1035,1,5050,0
517,50301,1048,1,2700,0
518,50302,1054,1,2100,0.05
519,50302,1085,1,6000,0
520,50302,1072,1,3850,0
521,50303,1052,1,1000,0.05
522,50303,1079,2,10450,0
523,50304,1064,1,2000,0.1
524,50304,1024,1,4450,0
525,50305,1033,1,2750,0.05
526,50305,1023,2,2350,0
527,50306,1015,2,25000,0
528,50307,1014,1,37800,0
529,50308,1075,1,4300,0
530,50308,1004,2,58800,0
531,50308,1050,1,6550,0
532,50309,1028,1,2350,0
533,50309,1029,1,5950,0
534,50309,1085,2,6000,0.1
535,50309,1019,1,2150,0.05
536,50310,1029,1,5950,0.1
537,50310,1006,1,12550,0
538,50311,1080,1,500,0
539,50311,1077,1,2450,0
540,50311,1012,1,3650,0
541,50312,1053,1,1950,0.1
542,50313,1088,1,5250,0
543,50314,1061,1,1600,0.15
544,50314,1001,2,68450,0.1
545,50315,1030,1,1100,0.05
546,50316,1046,1,2050,0
547,50316,1001,1,68450,0.05
548,50317,1032,1,2800,0.05
549,50318,1078,1,2550,0.05
550,50318,1008,1,60450,0.05
551,50319,1019,1,2150,0
552,50320,1090,1,3400,0.05
553,50320,1064,1,2000,0.05
554,50321,1080,2,500,0
555,50322,1045,2,3250,0
556,50322,1094,2,5200,0
557,50323,1060,2,750,0
558,50323,1069,1,1900,0
559,50324,1002,2,31150,0
560,50325,1026,1,5000,0.1
561,50325,1087,2,3500,0.05
562,50326,1054,1,2100,0
563,50327,1083,1,11100,0
564,50327,1098,2,3700,0
565,50328,1042,1,6050,0
566,50328,1062,1,1450,0.05
567,50329,1009,1,69500,0
568,50330,1057,1,650,0.1
569,50330,1004,1,58800,0
570,50331,1088,1,5250,0.05
571,50332,1018,1,5900,0.05
572,50333,1048,1,2700,0
573,50333,1054,1,2100,0.1
574,50334,1006,1,12550,0.05
575,50335,1032,1,2800,0.05
576,50336,1032,1,2800,0
577,50337,1077,1,2450,0.05
578,50338,1017,2,41900,0.05
579,50338,1062,1,1450,0
580,50339,1064,1,2000,0.1
581,50339,1053,1,1950,0
582,50339,1044,1,900,0
583,50340,1004,2,58800,0.1
584,50341,1038,1,1700,0
585,50342,1048,1,2700,0
586,50343,1045,1,3250,0.1
587,50344,1047,2,4300,0
588,50344,1087,1,3500,0
589,50344,1051,1,700,0.05
590,50344,1041,1,2100,0
591,50345,1037,2,4100,0
592,50345,1091,1,1450,0
593,50345,1048,1,2700,0
594,50346,1073,1,10250,0
595,50347,1019,2,2150,0.1
596,50347,1087,2,3500,0.1
597,50347,1007,1,54700,0
598,50348,1090,1,3400,0.05
599,50348,1003,1,17250,0.05
600,50349,1017,1,41900,0
601,50350,1001,1,68450,0
602,50350,1024,2,4450,0
603,50351,1090,2,3400,0
604,50351,1086,2,900,0.15
605,50352,1018,1,5900,0.05
606,50352,1048,1,2700,0
607,50353,1079,1,10450,0
608,50354,1019,1,2150,0
609,50354,1100,2,2550,0
610,50355,1091,1,1450,0.05
611,50355,1035,1,5050,0
612,50356,1026,1,5000,0
613,50357,1067,1,1950,0
614,50357,1055,1,2100,0.1
615,50357,1026,1,5000,0.1
616,50358,1093,1,1750,0.1
617,50358,1087,1,3500,0.1
618,50358,1067,2,1950,0.1
619,50359,1028,1,2350,0
620,50359,1055,2,2100,0
621,50359,1058,3,500,0.05
622,50359,1087,1,3500,0.05
623,50360,1049,2,3850,0.05
624,50360,1002,1,31150,0.1
625,50361,1077,1,2450,0
626,50361,1018,1,5900,0.05
627,50361,1004,2,58800,0
628,50362,1048,2,2700,0
629,50363,1007,2,54700,0.15
630,50364,1043,1,1050,0
631,50365,1092,1,5950,0.05
632,50365,1089,1,1200,0.15
633,50365,1091,2,1450,0.05
634,50366,1037,1,4100,0
635,50366,1033,1,2750,0
636,50367,1066,1,600,0.05
637,50368,1082,1,5100,0
638,50369,1059,1,600,0
639,50369,1041,1,2100,0.05
640,50370,1041,1,2100,0
641,50371,1071,1,9700,0.1
642,50371,1034,1,2400,0.1
643,50371,1005,2,46200,0.05
644,50372,1089,1,1200,0
645,50372,1072,1,3850,0
646,50373,1050,3,6550,0.05
647,50373,1055,1,2100,0
648,50374,1050,1,6550,0.05
649,50374,1057,1,650,0
650,50374,1046,1,2050,0
651,50375,1004,1,58800,0.15
652,50376,1025,1,2800,0.05
653,50377,1042,1,6050,0
654,50378,1031,3,3400,0.05
655,50379,1021,1,1250,0
656,50379,1037,1,4100,0
657,50380,1072,1,3850,0
658,50380,1006,2,12550,0.1
659,50381,1027,2,4700,0.1
660,50381,1001,1,68450,0.1
661,50382,1060,1,750,0.1
662,50383,1083,1,11100,0
663,50383,1029,1,5950,0.05
664,50384,1067,1,1950,0
665,50385,1070,1,2500,0
666,50386,1073,1,10250,0.05
667,50386,1061,1,1600,0
668,50387,1092,3,5950,0.1
669,50387,1022,1,2900,0.1
670,50388,1098,1,3700,0
671,50389,1084,2,3550,0
672,50389,1065,2,250,0
673,50390,1010,1,45950,0
674,50391,1038,1,1700,0
675,50392,1045,2,3250,0.05
676,50392,1095,1,1650,0
677,50392,1085,2,6000,0.1
678,50392,1062,2,1450,0.1
679,50393,1075,1,4300,0
680,50393,1081,1,6750,0
681,50394,1059,1,600,0
682,50395,1068,1,10300,0.1
683,50395,1031,1,3400,0.05
684,50396,1037,2,4100,0.15
685,50397,1026,1,5000,0
686,50397,1100,1,2550,0
687,50398,1034,1,2400,0.05
688,50399,1089,1,1200,0.05
689,50400,1043,2,1050,0.05
690,50400,1064,1,2000,0.1
691,50401,1006,1,12550,0.1
692,50401,1009,1,69500,0
693,50402,1045,1,3250,0.05
694,50403,1044,2,900,0.1
695,50403,1077,1,2450,0
696,50403,1059,1,600,0.05
697,50404,1077,1,2450,0
698,50404,1024,1,4450,0.1
699,50404,1014,1,37800,0.15
700,50405,1082,1,5100,0
701,50405,1050,1,6550,0.1
702,50405,1037,1,4100,0.15
703,50406,1085,1,6000,0
704,50407,1019,1,2150,0
705,50407,1040,2,4750,0.05
706,50408,1086,1,900,0
707,50408,1017,1,41900,0.1
708,50409,1070,1,2500,0
709,50410,1003,1,17250,0
710,50410,1041,2,2100,0
711,50411,1015,3,25000,0
712,50411,1052,1,1000,0.05
713,50412,1041,1,2100,0.05
714,50412,1054,2,2100,0
715,50412,1084,1,3550,0.1
716,50412,1028,1,2350,0
717,50413,1076,1,6950,0.05
718,50413,1031,2,3400,0.1
719,50413,1009,1,69500,0.1
720,50414,1083,3,11100,0
721,50415,1043,1,1050,0.1
722,50416,1007,2,54700,0
723,50416,1080,1,500,0
724,50417,1032,2,2800,0
725,50418,1066,1,600,0
726,50418,1011,1,63300,0.05
727,50419,1098,1,3700,0.05
728,50419,1074,1,1850,0
729,50419,1039,1,2400,0
730,50419,1100,1,2550,0
731,50420,1005,2,46200,0.05
732,50420,1045,2,3250,0
733,50420,1088,1,5250,0
734,50420,1071,1,9700,0
735,50421,1013,2,19300,0
736,50421,1072,1,3850,0
737,50421,1075,3,4300,0.05
738,50421,1016,1,37450,0
739,50422,1063,1,1700,0.05
740,50423,1051,1,700,0.05
741,50423,1017,3,41900,0
742,50424,1086,1,900,0.05
743,50424,1046,1,2050,0.1
744,50425,1052,1,1000,0
745,50425,1023,1,2350,0
746,50426,1073,1,10250,0
747,50426,1090,1,3400,0.1
748,50427,1024,1,4450,0.05
749,50428,1078,1,2550,0.05
750,50428,1001,1,68450,0
751,50429,1044,1,900,0
752,50430,1078,2,2550,0
753,50431,1072,1,3850,0
754,50431,1048,2,2700,0.1
755,50431,1095,2,1650,0
756,50432,1100,1,2550,0
757,50433,1018,3,5900,0.1
758,50433,1076,2,6950,0
759,50434,1011,1,63300,0.15
760,50434,1083,1,11100,0
761,50435,1006,1,12550,0.05
762,50436,1082,1,5100,0
763,50436,1024,2,4450,0
764,50437,1081,2,6750,0.05
765,50437,1030,1,1100,0
766,50437,1083,2,11100,0
767,50437,1003,1,17250,0.05
768,50438,1064,1,2000,0.1
769,50438,1036,1,4550,0.05
770,50439,1024,1,4450,0.1
771,50440,1016,1,37450,0
772,50441,1064,1,2000,0
773,50442,1023,2,2350,0.05
774,50443,1074,1,1850,0
775,50444,1037,1,4100,0
776,50444,1004,2,58800,0.05
777,50445,1098,1,3700,0.05
778,50445,1036,1,4550,0.1
779,50445,1040,1,4750,0.1
780,50446,1070,2,2500,0
781,50446,1064,1,2000,0.1
782,50447,1009,1,69500,0.05
783,50448,1085,1,6000,0.05
784,50448,1054,1,2100,0
785,50448,1046,1,2050,0.05
786,50448,1066,1,600,0.1
787,50449,1055,1,2100,0
788,50449,1081,1,6750,0
789,50450,1041,1,2100,0
790,50451,1047,1,4300,0.1
791,50451,1068,2,10300,0
792,50452,1053,1,1950,0.05
793,50452,1099,1,1950,0
794,50452,1079,2,10450,0.05
795,50453,1069,1,1900,0.1
796,50453,1005,2,46200,0
797,50454,1005,1,46200,0
798,50454,1077,2,2450,0
799,50454,1023,1,2350,0
800,50454,1069,2,1900,0.1
801,50455,1090,1,3400,0.1
802,50455,1060,1,750,0
803,50456,1082,2,5100,0
804,50457,1031,2,3400,0
805,50457,1072,1,3850,0.05
806,50458,1087,1,3500,0.05
807,50459,1003,1,17250,0
808,50459,1085,1,6000,0
809,50459,1024,2,4450,0.05
810,50459,1072,2,3850,0.05
811,50460,1097,2,4550,0.1
812,50460,1063,1,1700,0.1
813,50460,1080,2,500,0
814,50461,1074,1,1850,0.1
815,50461,1004,1,58800,0
816,50462,1071,1,9700,0.05
817,50463,1045,1,3250,0
818,50463,1015,1,25000,0
819,50463,1089,1,1200,0
820,50464,1034,3,2400,0.1
821,50464,1081,2,6750,0.05
822,50464,1097,1,4550,0
823,50464,1056,1,950,0.05
824,50465,1046,1,2050,0.05
825,50466,1098,1,3700,0
826,50466,1054,2,2100,0
827,50467,1050,1,6550,0.1
828,50468,1061,3,1600,0.05
829,50468,1048,2,2700,0.05
830,50469,1013,1,19300,0
831,50470,1066,1,600,0
832,50470,1084,1,3550,0.1
833,50471,1078,2,2550,0
834,50472,1080,1,500,0.1
835,50473,1008,1,60450,0.05
836,50473,1040,2,4750,0.1
837,50474,1017,2,41900,0
838,50474,1087,1,3500,0
839,50474,1091,1,1450,0.1
840,50475,1030,2,1100,0.05
841,50476,1040,1,4750,0.05
842,50476,1065,1,250,0
843,50476,1045,2,3250,0
844,50476,1012,1,3650,0.1
845,50477,1093,1,1750,0
846,50478,1048,1,2700,0
847,50479,1092,1,5950,0.05
848,50480,1025,1,2800,0.05
849,50480,1011,1,63300,0
850,50481,1011,2,63300,0.05
851,50482,1075,1,4300,0.05
852,50482,1062,1,1450,0
853,50483,1087,1,3500,0
854,50483,1060,2,750,0
855,50484,1021,1,1250,0
856,50484,1066,1,600,0
857,50485,1030,1,1100,0
858,50485,1080,1,500,0
859,50486,1042,1,6050,0
860,50486,1057,1,650,0.1
861,50486,1028,1,2350,0.05
862,50487,1057,1,650,0.1
863,50487,1083,2,11100,0.1
864,50488,1008,1,60450,0
865,50488,1033,3,2750,0
866,50488,1036,2,4550,0
867,50489,1064,1,2000,0
868,50490,1082,1,5100,0
869,50490,1045,1,3250,0.1
870,50490,1008,1,60450,0.05
871,50491,1100,1,2550,0
872,50492,1087,1,3500,0
873,50492,1045,1,3250,0
874,50493,1013,1,19300,0
875,50493,1006,1,12550,0
876,50494,1097,1,4550,0
877,50495,1070,1,2500,0
878,50496,1071,1,9700,0
879,50496,1022,1,2900,0.05
880,50497,1097,1,4550,0
881,50497,1087,2,3500,0
882,50498,1069,1,1900,0.05
883,50499,1062,1,1450,0
884,50499,1032,2,2800,0.05
885,50499,1095,1,1650,0
886,50500,1003,1,17250,0
887,50501,1007,3,54700,0.1
888,50502,1035,1,5050,0.1
889,50503,1069,1,1900,0
890,50503,1078,1,2550,0.05
891,50504,1100,1,2550,0
892,50505,1047,2,4300,0
893,50505,1034,1,2400,0.05
894,50506,1015,1,25000,0
895,50507,1058,2,500,0.1
896,50508,1065,2,250,0.1
897,50508,1054,1,2100,0
898,50509,1098,2,3700,0
899,50509,1049,1,3850,0
900,50510,1013,1,19300,0.1
901,50511,1006,2,12550,0
902,50511,1022,1,2900,0.05
903,50512,1009,1,69500,0
904,50512,1039,1,2400,0
905,50513,1028,1,2350,0.15
906,50514,1054,1,2100,0
907,50514,1100,1,2550,0
908,50514,1013,1,19300,0
909,50515,1095,1,1650,0.1
910,50515,1054,1,2100,0
911,50515,1027,3,4700,0
912,50515,1034,1,2400,0
913,50516,1072,2,3850,0
914,50517,1070,1,2500,0.05
915,50518,1094,1,5200,0.1
916,50519,1024,3,4450,0.1
917,50519,1096,1,2950,0.1
918,50520,1062,1,1450,0.05
919,50520,1008,1,60450,0
920,50521,1088,1,5250,0
921,50522,1066,1,600,0
922,50523,1069,1,1900,0.05
923,50524,1084,1,3550,0
924,50524,1007,1,54700,0.1
925,50524,1062,2,1450,0.05
926,50525,1037,1,4100,0.05
927,50525,1075,1,4300,0
928,50526,1016,1,37450,0.05
929,50527,1054,1,2100,0.05
930,50528,1069,1,1900,0.1
931,50528,1085,3,6000,0
932,50529,1088,1,5250,0.1
933,50529,1091,1,1450,0
934,50530,1060,3,750,0
935,50531,1096,1,2950,0.05
936,50531,1097,1,4550,0
937,50531,1054,2,2100,0.05
938,50532,1028,1,2350,0.05
939,50532,1068,2,10300,0
940,50532,1089,1,1200,0.1
941,50533,1027,1,4700,0
942,50534,1045,1,3250,0
943,50534,1025,2,2800,0.05
944,50534,1088,1,5250,0
945,50534,1090,2,3400,0
946,50535,1035,1,5050,0.1
947,50535,1075,1,4300,0.05
948,50536,1021,1,1250,0
949,50536,1077,1,2450,0
950,50537,1089,1,1200,0.15
951,50538,1076,2,6950,0
952,50538,1071,1,9700,0
953,50539,1020,2,5150,0.1
954,50539,1019,2,2150,0
955,50540,1009,2,69500,0
956,50540,1077,2,2450,0
957,50540,1090,2,3400,0.15
958,50541,1064,2,2000,0.1
959,50542,1091,3,1450,0.05
960,50543,1090,1,3400,0
961,50544,1013,2,19300,0.05
962,50545,1013,1,19300,0
963,50546,1099,2,1950,0.05
964,50547,1100,1,2550,0.05
965,50547,1080,1,500,0
966,50548,1060,1,750,0.1
967,50548,1018,1,5900,0.15
968,50549,1090,1,3400,0.1
969,50549,1014,1,37800,0.05
970,50549,1059,2,600,0
971,50550,1027,1,4700,0.05
972,50551,1004,1,58800,0
973,50552,1038,3,1700,0.05
974,50553,1022,1,2900,0.05
975,50554,1079,1,10450,0.1
976,50555,1008,2,60450,0
977,50555,1053,1,1950,0
978,50555,1087,2,3500,0
979,50556,1040,1,4750,0
980,50556,1038,3,1700,0.1
981,50557,1086,1,900,0
982,50557,1004,2,58800,0.1
983,50558,1057,1,650,0.1
984,50558,1053,1,1950,0.05
985,50559,1044,3,900,0
986,50559,1054,2,2100,0
987,50560,1080,1,500,0.05
988,50561,1041,2,2100,0
989,50561,1040,2,4750,0.15
990,50562,1066,1,600,0
991,50562,1023,2,2350,0.1
992,50563,1050,1,6550,0
993,50564,1023,1,2350,0
994,50564,1005,1,46200,0.05
995,50565,1055,1,2100,0
996,50565,1077,1,2450,0
997,50566,1012,1,3650,0.05
998,50566,1009,2,69500,0.05
999,50567,1030,1,1100,0.05
1000,50567,1040,2,4750,0
1001,50568,1066,1,600,0
1002,50568,1096,1,2950,0
1003,50569,1031,1,3400,0
1004,50569,1033,2,2750,0.05
1005,50570,1033,1,2750,0.1
1006,50570,1094,1,5200,0
1007,50570,1005,1,46200,0.05
1008,50571,1018,1,5900,0
1009,50571,1071,1,9700,0.1
1010,50571,1043,1,1050,0.1
1011,50572,1072,2,3850,0.05
1012,50572,1082,1,5100,0
1013,50573,1062,1,1450,0.1
1014,50573,1081,1,6750,0.15
1015,50573,1002,1,31150,0
1016,50573,1032,1,2800,0.1
1017,50574,1034,1,2400,0.1
1018,50575,1098,1,3700,0.05
1019,50576,1059,2,600,0.15
1020,50576,1028,2,2350,0.05
1021,50577,1056,1,950,0.05
1022,50578,1003,1,17250,0
1023,50579,1003,1,17250,0.1
1024,50579,1056,1,950,0.1
1025,50579,1075,1,4300,0.15
1026,50580,1092,1,5950,0
1027,50580,1058,2,500,0
1028,50581,1044,1,900,0.05
1029,50582,1013,1,19300,0.05
1030,50583,1088,1,5250,0
1031,50583,1024,3,4450,0.05
1032,50583,1027,1,4700,0
1033,50584,1036,1,4550,0.1
1034,50585,1053,1,1950,0.1
1035,50585,1091,1,1450,0
1036,50586,1034,2,2400,0
1037,50586,1023,1,2350,0.05
1038,50587,1058,3,500,0.1
1039,50587,1016,1,37450,0.15
1040,50587,1039,1,2400,0
1041,50588,1063,2,1700,0.1
1042,50588,1055,2,2100,0
1043,50589,1053,2,1950,0
1044,50590,1098,1,3700,0.05
1045,50590,1096,1,2950,0
1046,50591,1003,2,17250,0
1047,50592,1019,1,2150,0.05
1048,50592,1057,1,650,0.1
1049,50592,1071,1,9700,0
1050,50593,1048,1,2700,0
1051,50593,1019,1,2150,0
1052,50593,1091,2,1450,0
1053,50594,1007,2,54700,0.05
1054,50595,1037,1,4100,0.05
1055,50596,1049,2,3850,0
1056,50596,1096,1,2950,0
1057,50597,1048,1,2700,0
1058,50598,1007,2,54700,0.1
1059,50598,1058,1,500,0.1
1060,50598,1029,1,5950,0.1
1061,50599,1018,1,5900,0.1
1062,50600,1006,1,12550,0.1
1063,50601,1063,2,1700,0.15
1064,50601,1064,2,2000,0.05
1065,50601,1034,1,2400,0.05
1066,50602,1092,1,5950,0.1
1067,50602,1043,1,1050,0
1068,50602,1018,1,5900,0.1
1069,50603,1031,1,3400,0
1070,50603,1061,1,1600,0
1071,50604,1062,1,1450,0
1072,50605,1026,1,5000,0
1073,50606,1084,1,3550,0.05
1074,50606,1100,1,2550,0
1075,50607,1036,1,4550,0
1076,50607,1095,1,1650,0.05
1077,50608,1093,1,1750,0.05
1078,50608,1034,3,2400,0
1079,50609,1044,3,900,0.1
1080,50610,1053,1,1950,0
1081,50611,1098,1,3700,0
1082,50611,1002,3,31150,0.05
1083,50611,1005,1,46200,0.05
1084,50612,1075,1,4300,0
1085,50612,1097,1,4550,0.05
1086,50612,1086,1,900,0.05
1087,50613,1011,1,63300,0.1
1088,50613,1012,1,3650,0.05
1089,50613,1071,1,9700,0.1
1090,50614,1094,1,5200,0
1091,50615,1098,1,3700,0
1092,50615,1083,1,11100,0.05
1093,50616,1086,1,900,0.1
1094,50617,1091,2,1450,0.05
1095,50617,1079,1,10450,0
1096,50617,1003,1,17250,0
1097,50618,1036,1,4550,0
1098,50618,1092,1,5950,0.05
1099,50619,1055,2,2100,0.1
1100,50620,1088,1,5250,0
1101,50620,1031,1,3400,0
1102,50620,1080,1,500,0
1103,50621,1005,1,46200,0
1104,50622,1076,2,6950,0
1105,50623,1065,1,250,0
1106,50623,1044,2,900,0.1
1107,50624,1034,1,2400,0
1108,50625,1022,2,2900,0
1109,50625,1093,1,1750,0
1110,50625,1029,1,5950,0.1
1111,50626,1053,2,1950,0.1
1112,50626,1040,1,4750,0
1113,50627,1047,1,4300,0.05
1114,50628,1048,1,2700,0.1
1115,50629,1069,1,1900,0.15
1116,50629,1011,2,63300,0.1
1117,50630,1016,1,37450,0.05
1118,50631,1080,2,500,0
1119,50632,1087,2,3500,0
1120,50633,1049,2,3850,0.15
1121,50633,1043,1,1050,0
1122,50633,1047,2,4300,0
1123,50633,1067,1,1950,0.1
1124,50634,1069,2,1900,0.05
1125,50635,1006,1,12550,0
1126,50635,1094,1,5200,0.1
1127,50636,1017,1,41900,0.15
1128,50637,1014,2,37800,0.05
1129,50637,1089,2,1200,0
1130,50637,1078,2,2550,0
1131,50638,1023,1,2350,0
1132,50638,1009,1,69500,0
1133,50638,1066,1,600,0.05
1134,50639,1043,2,1050,0
1135,50640,1009,1,69500,0
1136,50641,1002,1,31150,0.05
1137,50642,1013,1,19300,0.1
1138,50642,1007,1,54700,0.05
1139,50643,1041,1,2100,0.1
1140,50643,1059,1,600,0.05
1141,50644,1039,3,2400,0.05
1142,50644,1016,1,37450,0
1143,50644,1072,1,3850,0.1
1144,50644,1095,1,1650,0
1145,50645,1080,2,500,0
1146,50645,1094,3,5200,0.1
1147,50646,1049,1,3850,0.1
1148,50646,1089,2,1200,0.1
1149,50646,1079,2,10450,0.05
1150,50646,1012,1,3650,0
1151,50647,1069,1,1900,0.1
1152,50648,1011,1,63300,0
1153,50649,1084,2,3550,0.1
1154,50650,1019,1,2150,0
1155,50651,1091,2,1450,0
1156,50651,1012,1,3650,0
1157,50652,1082,1,5100,0.1
1158,50652,1046,1,2050,0
1159,50653,1004,1,58800,0.05
1160,50654,1035,1,5050,0
1161,50654,1072,1,3850,0.1
1162,50655,1019,1,2150,0
1163,50655,1079,2,10450,0.1
1164,50655,1045,1,3250,0.15
1165,50656,1003,2,17250,0.1
1166,50656,1091,1,1450,0.1
1167,50656,1019,1,2150,0.05
1168,50657,1024,1,4450,0
1169,50657,1034,1,2400,0
1170,50657,1002,1,31150,0.1
1171,50658,1044,1,900,0
1172,50658,1006,2,12550,0.05
1173,50659,1043,1,1050,0.05
1174,50659,1056,1,950,0
1175,50660,1081,2,6750,0
1176,50661,1063,1,1700,0.05
1177,50661,1068,2,10300,0
1178,50662,1079,1,10450,0.05
1179,50662,1080,1,500,0.05
1180,50662,1031,2,3400,0
1181,50662,1010,1,45950,0.1
1182,50663,1025,1,2800,0.1
1183,50663,1072,1,3850,0.05
1184,50664,1011,2,63300,0.05
1185,50665,1043,1,1050,0.05
1186,50666,1076,1,6950,0
1187,50666,1098,1,3700,0
1188,50666,1042,1,6050,0.05
1189,50666,1094,1,5200,0
1190,50667,1047,1,4300,0
1191,50668,1012,1,3650,0
1192,50668,1095,1,1650,0.05
1193,50669,1094,1,5200,0
1194,50670,1098,2,3700,0.05
1195,50670,1067,2,1950,0.1
1196,50670,1052,1,1000,0.05
1197,50671,1048,2,2700,0.05
1198,50671,1100,1,2550,0.1
1199,50671,1085,1,6000,0
1200,50672,1098,1,3700,0
1201,50673,1056,2,950,0.05
1202,50674,1088,1,5250,0
1203,50674,1055,1,2100,0
1204,50675,1071,1,9700,0.15
1205,50676,1074,1,1850,0
1206,50676,1061,1,1600,0
1207,50677,1045,1,3250,0.05
1208,50678,1065,1,250,0
1209,50679,1036,3,4550,0
1210,50679,1012,1,3650,0.15
1211,50680,1021,1,1250,0
1212,50680,1055,2,2100,0
1213,50680,1057,1,650,0
1214,50681,1079,1,10450,0.1
1215,50682,1083,1,11100,0.1
1216,50683,1077,1,2450,0.1
1217,50684,1073,2,10250,0.1
1218,50684,1027,1,4700,0
1219,50684,1045,2,3250,0.1
1220,50685,1074,1,1850,0
1221,50685,1061,2,1600,0
1222,50686,1096,1,2950,0.05
1223,50686,1028,1,2350,0
1224,50687,1067,1,1950,0.05
1225,50687,1099,1,1950,0
1226,50688,1005,1,46200,0
1227,50688,1036,2,4550,0.05
1228,50689,1029,1,5950,0.1
1229,50689,1057,1,650,0
1230,50689,1096,2,2950,0
1231,50690,1054,2,2100,0
1232,50691,1006,1,12550,0
1233,50691,1079,2,10450,0.15
1234,50691,1056,1,950,0
1235,50692,1096,1,2950,0.05
1236,50692,1027,2,4700,0.05
1237,50693,1020,1,5150,0.15
1238,50693,1091,1,1450,0.05
1239,50694,1065,1,250,0
1240,50695,1046,2,2050,0.1
1241,50695,1042,2,6050,0
1242,50695,1093,1,1750,0
1243,50696,1044,1,900,0
1244,50696,1041,1,2100,0
1245,50697,1048,1,2700,0
1246,50697,1051,2,700,0
1247,50697,1062,1,1450,0.1
1248,50698,1044,1,900,0.1
1249,50698,1011,1,63300,0.1
1250,50699,1062,1,1450,0
1251,50700,1039,2,2400,0.05
1252,50700,1013,1,19300,0
1253,50701,1080,1,500,0.05
1254,50701,1070,1,2500,0.1
1255,50701,1023,1,2350,0.05
1256,50702,1045,1,3250,0
1257,50703,1047,1,4300,0.05
1258,50703,1042,1,6050,0.05
1259,50704,1099,1,1950,0
1260,50705,1053,2,1950,0
1261,50706,1075,1,4300,0.05
1262,50707,1089,1,1200,0
1263,50707,1031,1,3400,0.05
1264,50708,1085,2,6000,0.05
1265,50708,1007,1,54700,0.1
1266,50708,1015,2,25000,0.05
1267,50708,1016,1,37450,0.05
1268,50709,1089,1,1200,0
1269,50709,1069,2,1900,0
1270,50710,1014,1,37800,0
1271,50711,1040,1,4750,0
1272,50711,1013,1,19300,0
1273,50712,1031,2,3400,0.05
1274,50713,1003,2,17250,0.05
1275,50714,1045,1,3250,0
1276,50714,1063,2,1700,0
1277,50714,1096,1,2950,0
1278,50714,1077,2,2450,0.1
1279,50715,1082,1,5100,0
1280,50716,1028,2,2350,0.05
1281,50717,1001,1,68450,0
1282,50718,1057,1,650,0.05
1283,50718,1082,1,5100,0.05
1284,50718,1092,2,5950,0.1
1285,50719,1016,1,37450,0
1286,50719,1072,1,3850,0.05
1287,50719,1045,1,3250,0
1288,50719,1092,1,5950,0
1289,50720,1078,2,2550,0
1290,50721,1045,1,3250,0
1291,50722,1057,1,650,0
1292,50722,1096,1,2950,0.05
1293,50723,1056,1,950,0.1
1294,50723,1090,1,3400,0.05
1295,50724,1091,1,1450,0.05
1296,50725,1031,2,3400,0.1
1297,50725,1086,1,900,0
1298,50725,1071,1,9700,0.15
1299,50726,1031,2,3400,0.1
1300,50726,1048,1,2700,0.05
1301,50727,1017,1,41900,0.05
1302,50728,1028,1,2350,0
1303,50729,1001,1,68450,0
1304,50730,1040,1,4750,0.15
1305,50730,1022,1,2900,0
1306,50730,1064,1,2000,0
1307,50731,1073,1,10250,0.1
1308,50731,1053,1,1950,0.05
1309,50732,1003,1,17250,0.1
1310,50732,1026,2,5000,0
1311,50733,1093,2,1750,0.1
1312,50733,1030,1,1100,0
1313,50734,1004,1,58800,0.15
1314,50735,1086,2,900,0
1315,50735,1054,1,2100,0
1316,50735,1031,2,3400,0
1317,50736,1067,2,1950,0
1318,50736,1050,2,6550,0.05
1319,50736,1055,3,2100,0.1
1320,50737,1085,1,6000,0.1
1321,50738,1014,1,37800,0.1
1322,50739,1019,2,2150,0.1
1323,50739,1043,1,1050,0.1
1324,50740,1081,1,6750,0
1325,50740,1035,1,5050,0
1326,50740,1049,1,3850,0
1327,50740,1048,1,2700,0.1
1328,50741,1098,1,3700,0
1329,50741,1090,2,3400,0
1330,50742,1019,1,2150,0.1
1331,50742,1008,1,60450,0
1332,50743,1093,1,1750,0
1333,50744,1036,2,4550,0
1334,50744,1064,1,2000,0
1335,50745,1067,1,1950,0
1336,50746,1013,1,19300,0
1337,50747,1002,1,31150,0.1
1338,50747,1026,1,5000,0
1339,50747,1001,2,68450,0
1340,50748,1085,1,6000,0.05
1341,50748,1086,2,900,0
1342,50748,1062,2,1450,0
1343,50748,1056,1,950,0.05
1344,50749,1009,1,69500,0.15
1345,50749,1082,1,5100,0
1346,50750,1051,1,700,0
1347,50750,1072,1,3850,0.05
1348,50750,1007,1,54700,0.1
1349,50751,1039,1,2400,0.1
1350,50752,1039,1,2400,0.05
1351,50753,1088,2,5250,0.05
1352,50754,1033,1,2750,0.05
1353,50754,1073,1,10250,0
1354,50755,1044,2,900,0.15
1355,50756,1088,1,5250,0
1356,50756,1007,2,54700,0.05
1357,50757,1070,1,2500,0
1358,50758,1023,3,2350,0.1
1359,50758,1016,1,37450,0
1360,50759,1100,3,2550,0
1361,50759,1044,1,900,0
1362,50760,1097,1,4550,0.05
1363,50760,1004,1,58800,0
1364,50761,1078,2,2550,0
1365,50761,1030,1,1100,0.05
1366,50761,1026,1,5000,0.05
1367,50762,1053,1,1950,0
1368,50763,1062,2,1450,0
1369,50763,1040,1,4750,0.05
1370,50763,1044,1,900,0
1371,50764,1007,2,54700,0.1
1372,50765,1025,1,2800,0
1373,50765,1012,3,3650,0.05
1374,50766,1029,2,5950,0.1
1375,50766,1044,1,900,0
1376,50767,1090,1,3400,0
1377,50767,1004,1,58800,0
1378,50767,1025,1,2800,0
1379,50768,1049,1,3850,0
1380,50768,1001,1,68450,0
1381,50768,1043,1,1050,0.05
1382,50769,1050,1,6550,0
1383,50770,1052,1,1000,0.05
1384,50770,1059,2,600,0
1385,50771,1084,2,3550,0.1
1386,50772,1082,2,5100,0.1
1387,50772,1086,1,900,0
1388,50773,1023,1,2350,0.1
1389,50774,1058,2,500,0.15
1390,50774,1043,2,1050,0
1391,50775,1015,1,25000,0
1392,50775,1100,1,2550,0
1393,50775,1001,1,68450,0.1
1394,50776,1015,3,25000,0
1395,50776,1070,2,2500,0.1
1396,50776,1012,1,3650,0
1397,50777,1047,2,4300,0.1
1398,50777,1075,1,4300,0
1399,50777,1092,1,5950,0
1400,50778,1040,1,4750,0.05
1401,50778,1058,1,500,0
1402,50779,1059,1,600,0.05
1403,50779,1020,1,5150,0.05
1404,50780,1004,1,58800,0.05
1405,50780,1098,3,3700,0
1406,50780,1027,2,4700,0.05
1407,50780,1075,1,4300,0
1408,50781,1024,1,4450,0
1409,50781,1084,1,3550,0
1410,50782,1071,1,9700,0.05
1411,50783,1059,1,600,0
1412,50783,1057,1,650,0.05
1413,50783,1077,2,2450,0
1414,50784,1076,2,6950,0.1
1415,50784,1024,2,4450,0
1416,50785,1057,2,650,0.15
1417,50786,1054,1,2100,0.1
1418,50786,1023,1,2350,0.15
1419,50787,1026,1,5000,0
1420,50788,1019,1,2150,0.05
1421,50789,1003,2,17250,0.1
1422,50790,1049,1,3850,0.05
1423,50790,1073,1,10250,0.05
1424,50790,1034,1,2400,0
1425,50791,1042,1,6050,0
1426,50791,1100,1,2550,0
1427,50791,1018,1,5900,0
1428,50792,1034,2,2400,0.05
1429,50792,1033,1,2750,0
1430,50792,1068,2,10300,0
1431,50793,1097,2,4550,0.1
1432,50793,1098,1,3700,0
1433,50794,1068,1,10300,0
1434,50794,1001,2,68450,0
1435,50794,1042,1,6050,0
1436,50795,1055,1,2100,0.15
1437,50795,1071,1,9700,0
1438,50796,1076,3,6950,0
1439,50797,1062,1,1450,0.1
1440,50798,1042,1,6050,0
1441,50798,1072,1,3850,0.05
1442,50799,1061,1,1600,0.1
1443,50800,1064,1,2000,0.1
1444,50800,1026,2,5000,0.05
1445,50800,1090,2,3400,0
1446,50801,1086,1,900,0
1447,50801,1074,1,1850,0
1448,50802,1065,1,250,0
1449,50802,1001,1,68450,0
1450,50803,1088,1,5250,0.1
1451,50804,1091,1,1450,0
1452,50805,1039,2,2400,0
1453,50805,1047,1,4300,0
1454,50806,1009,1,69500,0
1455,50806,1008,1,60450,0.05
1456,50806,1035,1,5050,0
1457,50807,1074,1,1850,0
1458,50807,1058,1,500,0.1
1459,50808,1099,1,1950,0.05
1460,50808,1044,2,900,0
1461,50809,1048,1,2700,0
1462,50810,1028,1,2350,0.05
1463,50810,1051,1,700,0.1
1464,50811,1077,1,2450,0
1465,50812,1085,1,6000,0.05
1466,50813,1001,1,68450,0.05
1467,50813,1013,1,19300,0
1468,50814,1086,1,900,0
1469,50814,1017,1,41900,0
1470,50814,1004,1,58800,0.05
1471,50814,1080,2,500,0
1472,50815,1073,1,10250,0
1473,50816,1026,1,5000,0
1474,50816,1097,1,4550,0.1
1475,50817,1081,1,6750,0.1
1476,50817,1048,2,2700,0.05
1477,50817,1042,1,6050,0.05
1478,50817,1016,3,37450,0.1
1479,50818,1059,2,600,0.15
1480,50818,1039,3,2400,0.1
1481,50818,1090,1,3400,0.1
1482,50819,1021,1,1250,0.05
1483,50819,1050,1,6550,0.05
1484,50820,1084,1,3550,0.15
1485,50821,1058,2,500,0.05
1486,50821,1031,1,3400,0
1487,50822,1039,1,2400,0
1488,50822,1025,2,2800,0.1
1489,50823,1064,1,2000,0.1
1490,50823,1022,1,2900,0
1491,50824,1040,2,4750,0.1
1492,50824,1029,1,5950,0.1
1493,50825,1098,1,3700,0.05
1494,50825,1029,1,5950,0
1495,50826,1054,1,2100,0.05
1496,50826,1007,1,54700,0
1497,50827,1062,1,1450,0
1498,50827,1030,2,1100,0
1499,50828,1018,1,5900,0.1
1500,50828,1017,1,41900,0.1
1501,50828,1047,1,4300,0.05
1502,50828,1034,1,2400,0.15
1503,50829,1081,1,6750,0
1504,50829,1008,1,60450,0.1
1505,50829,1013,1,19300,0
1506,50830,1009,1,69500,0.15
1507,50831,1002,1,31150,0
1508,50831,1082,2,5100,0.1
1509,50832,1068,3,10300,0
1510,50833,1074,1,1850,0
1511,50834,1098,1,3700,0.05
1512,50834,1042,2,6050,0
1513,50835,1046,1,2050,0
1514,50835,1032,1,2800,0.1
1515,50835,1077,2,2450,0
1516,50836,1002,1,31150,0
1517,50837,1005,1,46200,0.05
1518,50838,1053,1,1950,0
1519,50838,1009,1,69500,0
1520,50838,1083,2,11100,0
1521,50839,1007,1,54700,0
1522,50840,1080,1,500,0
1523,50841,1056,1,950,0
1524,50842,1029,1,5950,0
1525,50842,1080,1,500,0.05
1526,50842,1026,1,5000,0.1
1527,50843,1024,1,4450,0.05
1528,50843,1089,1,1200,0
1529,50844,1066,1,600,0
1530,50845,1036,1,4550,0.1
1531,50845,1044,1,900,0
1532,50846,1013,2,19300,0
1533,50847,1003,1,17250,0
1534,50847,1082,2,5100,0
1535,50847,1073,1,10250,0
1536,50848,1007,1,54700,0.1
1537,50849,1063,1,1700,0
1538,50849,1091,1,1450,0
1539,50849,1012,2,3650,0.15
1540,50850,1007,2,54700,0.05
1541,50850,1035,2,5050,0
1542,50850,1020,1,5150,0.05
1543,50850,1083,1,11100,0.1
1544,50851,1030,1,1100,0.1
1545,50852,1010,1,45950,0
1546,50852,1076,3,6950,0.15
1547,50853,1092,2,5950,0.05
1548,50854,1098,2,3700,0
1549,50854,1009,1,69500,0.1
1550,50854,1079,1,10450,0
1551,50854,1092,1,5950,0.1
1552,50855,1066,1,600,0
1553,50856,1056,1,950,0
1554,50857,1086,2,900,0.05
1555,50858,1031,1,3400,0.1
1556,50858,1041,1,2100,0
1557,50859,1020,1,5150,0.05
1558,50860,1046,1,2050,0.05
1559,50860,1086,1,900,0
1560,50861,1055,1,2100,0.1
1561,50862,1005,1,46200,0.1
1562,50862,1014,2,37800,0
1563,50863,1028,1,2350,0
1564,50864,1065,1,250,0.05
1565,50864,1072,1,3850,0.1
1566,50865,1050,1,6550,0
1567,50865,1032,3,2800,0
1568,50866,1068,2,10300,0
1569,50867,1077,1,2450,0
1570,50868,1043,2,1050,0.05
1571,50868,1052,1,1000,0
1572,50869,1020,1,5150,0
1573,50870,1071,1,9700,0.1
1574,50870,1015,1,25000,0
1575,50871,1054,1,2100,0
1576,50872,1100,3,2550,0
1577,50872,1004,2,58800,0.05
1578,50873,1077,1,2450,0.05
1579,50873,1075,1,4300,0
1580,50874,1027,1,4700,0
1581,50874,1053,1,1950,0
1582,50875,1068,1,10300,0
1583,50876,1044,2,900,0
1584,50876,1098,1,3700,0
1585,50876,1063,1,1700,0.05
1586,50877,1052,1,1000,0
1587,50878,1007,2,54700,0.05
1588,50879,1003,1,17250,0.05
1589,50879,1093,3,1750,0
1590,50879,1005,2,46200,0
1591,50880,1062,1,1450,0
1592,50880,1031,1,3400,0.05
1593,50881,1021,1,1250,0
1594,50881,1054,1,2100,0
1595,50882,1086,1,900,0.15
1596,50883,1042,1,6050,0
1597,50884,1005,3,46200,0.05
1598,50884,1065,1,250,0.05
1599,50885,1064,1,2000,0
1600,50886,1040,1,4750,0
1601,50886,1049,1,3850,0.1
1602,50887,1099,1,1950,0
1603,50887,1086,1,900,0
1604,50888,1029,3,5950,0
1605,50889,1036,1,4550,0.05
1606,50889,1014,1,37800,0
1607,50889,1057,2,650,0
1608,50889,1073,1,10250,0.05
1609,50890,1067,1,1950,0
1610,50891,1020,1,5150,0
1611,50892,1017,1,41900,0
1612,50893,1048,1,2700,0
1613,50894,1014,1,37800,0.05
1614,50894,1024,2,4450,0.1
1615,50894,1047,1,4300,0.05
1616,50894,1011,1,63300,0.1
1617,50895,1044,1,900,0
1618,50895,1009,1,69500,0
1619,50895,1053,1,1950,0.05
1620,50896,1099,1,1950,0.05
1621,50896,1036,1,4550,0
1622,50897,1018,1,5900,0.05
1623,50898,1037,1,4100,0
1624,50898,1039,3,2400,0.05
1625,50898,1020,1,5150,0.05
1626,50899,1010,1,45950,0
1627,50900,1006,1,12550,0
1628,50901,1069,1,1900,0
1629,50902,1016,2,37450,0.05
1630,50902,1034,1,2400,0.05
1631,50903,1034,1,2400,0.1
1632,50904,1096,2,2950,0.1
1633,50904,1016,2,37450,0.05
1634,50905,1049,1,3850,0.1
1635,50905,1085,2,6000,0
1636,50905,1087,1,3500,0.1
1637,50906,1029,1,5950,0.1
1638,50906,1034,1,2400,0
1639,50906,1011,2,63300,0.1
1640,50906,1036,1,4550,0
1641,50907,1011,1,63300,0
1642,50908,1076,1,6950,0
1643,50909,1065,1,250,0.05
1644,50909,1047,1,4300,0
1645,50910,1013,1,19300,0.1
1646,50911,1003,1,17250,0
1647,50912,1050,1,6550,0
1648,50912,1035,2,5050,0
1649,50913,1035,1,5050,0
1650,50913,1007,1,54700,0.1
1651,50914,1080,1,500,0.05
1652,50915,1078,2,2550,0
1653,50916,1096,3,2950,0.05
1654,50917,1052,1,1000,0
1655,50917,1039,1,2400,0
1656,50917,1010,2,45950,0
1657,50918,1072,1,3850,0.1
1658,50918,1006,1,12550,0
1659,50919,1069,1,1900,0.05
1660,50920,1022,1,2900,0
1661,50920,1042,2,6050,0
1662,50921,1067,1,1950,0.05
1663,50922,1082,1,5100,0.1
1664,50923,1067,1,1950,0.1
1665,50923,1009,1,69500,0.1
1666,50924,1059,2,600,0
1667,50925,1098,1,3700,0
1668,50925,1029,2,5950,0.05
1669,50926,1005,1,46200,0.1
1670,50926,1057,1,650,0
1671,50926,1068,1,10300,0
1672,50927,1079,1,10450,0.1
1673,50928,1046,1,2050,0.05
1674,50929,1030,1,1100,0.05
1675,50930,1090,1,3400,0
1676,50930,1044,1,900,0
1677,50931,1028,2,2350,0
1678,50932,1097,1,4550,0.1
1679,50932,1008,1,60450,0
1680,50932,1040,1,4750,0
1681,50933,1095,1,1650,0.1
1682,50933,1079,1,10450,0.15
1683,50934,1039,1,2400,0.1
1684,50934,1098,1,3700,0
1685,50935,1026,2,5000,0.1
1686,50935,1096,1,2950,0
1687,50935,1072,1,3850,0.1
1688,50936,1050,1,6550,0
1689,50936,1071,1,9700,0.15
1690,50937,1026,2,5000,0.1
1691,50938,1057,1,650,0
1692,50938,1005,1,46200,0
1693,50939,1041,1,2100,0.1
1694,50939,1060,1,750,0
1695,50939,1078,1,2550,0.05
1696,50940,1048,1,2700,0
1697,50940,1097,1,4550,0.05
1698,50941,1014,2,37800,0.05
1699,50942,1063,1,1700,0.1
1700,50943,1085,1,6000,0.05
1701,50944,1051,1,700,0
1702,50944,1096,1,2950,0.05
1703,50945,1004,1,58800,0
1704,50946,1086,1,900,0.15
1705,50947,1096,1,2950,0
1706,50947,1008,1,60450,0
1707,50948,1034,2,2400,0.15
1708,50949,1011,2,63300,0.1
1709,50949,1018,1,5900,0.05
1710,50950,1098,1,3700,0.1
1711,50951,1074,1,1850,0.1
1712,50952,1091,1,1450,0
1713,50952,1072,2,3850,0
1714,50952,1052,1,1000,0
1715,50953,1060,1,750,0.15
1716,50953,1081,2,6750,0.1
1717,50954,1009,1,69500,0.15
1718,50954,1078,2,2550,0.05
1719,50955,1053,1,1950,0
1720,50956,1037,1,4100,0
1721,50957,1081,1,6750,0
1722,50957,1092,1,5950,0
1723,50958,1078,1,2550,0
1724,50958,1031,2,3400,0.05
1725,50959,1060,1,750,0
1726,50960,1029,2,5950,0.05
1727,50961,1085,3,6000,0
1728,50961,1023,2,2350,0
1729,50962,1059,1,600,0.05
1730,50962,1014,1,37800,0
1731,50962,1023,2,2350,0.05
1732,50963,1024,1,4450,0.1
1733,50964,1039,1,2400,0
1734,50965,1096,1,2950,0.05
1735,50965,1081,1,6750,0.1
1736,50965,1055,2,2100,0
1737,50965,1099,2,1950,0
1738,50966,1078,1,2550,0
1739,50967,1043,1,1050,0.05
1740,50967,1041,1,2100,0.05
1741,50968,1090,1,3400,0
1742,50968,1022,1,2900,0
1743,50968,1100,1,2550,0
1744,50969,1035,3,5050,0
1745,50969,1050,1,6550,0
1746,50970,1093,1,1750,0
1747,50971,1069,2,1900,0
1748,50972,1076,3,6950,0
1749,50972,1073,1,10250,0
1750,50973,1078,3,2550,0.1
1751,50973,1046,1,2050,0
1752,50974,1019,1,2150,0
1753,50974,1033,1,2750,0
1754,50975,1059,1,600,0
1755,50975,1002,1,31150,0.15
1756,50975,1028,1,2350,0
1757,50975,1091,1,1450,0
1758,50976,1021,1,1250,0.1
1759,50976,1027,1,4700,0
1760,50977,1066,1,600,0.05
1761,50978,1082,1,5100,0.05
1762,50979,1022,2,2900,0.05
1763,50979,1015,1,25000,0
1764,50979,1006,1,12550,0
1765,50980,1046,2,2050,0.05
1766,50980,1098,1,3700,0
1767,50981,1058,2,500,0.05
1768,50982,1087,1,3500,0.05
1769,50982,1009,1,69500,0.05
1770,50983,1051,1,700,0
1771,50984,1043,1,1050,0.05
1772,50985,1047,2,4300,0
1773,50986,1069,2,1900,0.05
1774,50987,1027,1,4700,0
1775,50987,1089,3,1200,0
1776,50987,1007,1,54700,0
1777,50988,1001,2,68450,0.05
1778,50988,1091,1,1450,0.1
1779,50989,1059,1,600,0
1780,50990,1074,1,1850,0.15
1781,50991,1054,1,2100,0
1782,50991,1091,2,1450,0.1
1783,50992,1061,1,1600,0
1784,50992,1094,2,5200,0
1785,50992,1087,1,3500,0
1786,50993,1056,1,950,0.05
1787,50994,1037,2,4100,0
1788,50994,1038,1,1700,0
1789,50995,1039,1,2400,0
1790,50995,1019,1,2150,0.05
1791,50996,1016,1,37450,0
1792,50997,1053,1,1950,0.05
1793,50997,1079,1,10450,0.05
1794,50998,1021,1,1250,0
1795,50999,1018,2,5900,0.05
1796,50999,1085,1,6000,0.05
1797,51000,1083,1,11100,0.1
1798,51000,1057,2,650,0.15
1799,51000,1082,2,5100,0
1800,51000,1039,3,2400,0
1801,51001,1026,1,5000,0
1802,51001,1077,1,2450,0
1803,51001,1047,1,4300,0
1804,51002,1024,1,4450,0.05
1805,51003,1006,1,12550,0.15
1806,51004,1031,1,3400,0.15
1807,51004,1003,2,17250,0.05
1808,51005,1098,1,3700,0
1809,51006,1040,2,4750,0
1810,51007,1048,3,2700,0.1
1811,51007,1090,1,3400,0
1812,51007,1043,2,1050,0
1813,51008,1053,1,1950,0
1814,51009,1012,2,3650,0.15
1815,51009,1014,2,37800,0
1816,51009,1088,1,5250,0.1
1817,51009,1025,1,2800,0.15
1818,51010,1099,2,1950,0
1819,51011,1073,3,10250,0.1
1820,51012,1005,1,46200,0
1821,51012,1097,2,4550,0
1822,51013,1049,1,3850,0.05
1823,51014,1066,1,600,0
1824,51015,1086,1,900,0.05
1825,51016,1030,1,1100,0.1
1826,51016,1001,1,68450,0.1
1827,51017,1094,1,5200,0.05
1828,51017,1074,1,1850,0.1
1829,51018,1082,1,5100,0.1
1830,51018,1043,2,1050,0.1
1831,51019,1063,1,1700,0.05
1832,51019,1096,1,2950,0.1
1833,51020,1072,1,3850,0.05
1834,51020,1079,1,10450,0.1
1835,51021,1074,1,1850,0.05
1836,51022,1073,1,10250,0
1837,51022,1002,1,31150,0.05
1838,51022,1083,3,11100,0.1
1839,51023,1039,1,2400,0.05
1840,51023,1036,1,4550,0
1841,51024,1006,1,12550,0.05
1842,51025,1018,1,5900,0.1
1843,51025,1050,1,6550,0
1844,51026,1073,1,10250,0.1
1845,51026,1014,2,37800,0
1846,51026,1089,1,1200,0.1
1847,51027,1043,1,1050,0.1
1848,51027,1081,2,6750,0
1849,51028,1055,1,2100,0
1850,51028,1047,1,4300,0
1851,51029,1086,3,900,0.05
1852,51030,1028,1,2350,0
1853,51030,1040,3,4750,0
1854,51031,1013,2,19300,0
1855,51031,1088,1,5250,0.1
1856,51032,1041,1,2100,0
1857,51032,1085,1,6000,0
1858,51032,1004,1,58800,0
1859,51033,1042,1,6050,0.1
1860,51033,1037,1,4100,0.05
1861,51034,1043,2,1050,0
1862,51034,1088,2,5250,0.15
1863,51034,1099,2,1950,0.05
1864,51034,1006,1,12550,0
1865,51035,1041,1,2100,0
1866,51035,1089,1,1200,0.05
1867,51036,1007,1,54700,0
1868,51036,1025,1,2800,0
1869,51037,1043,1,1050,0.05
1870,51037,1005,1,46200,0
1871,51038,1020,1,5150,0
1872,51038,1005,1,46200,0.15
1873,51038,1006,1,12550,0.1
1874,51038,1053,1,1950,0
1875,51039,1099,1,1950,0.05
1876,51040,1012,1,3650,0.05
1877,51040,1082,2,5100,0
1878,51041,1095,1,1650,0.1
1879,51042,1070,1,2500,0.05
1880,51043,1038,1,1700,0.05
1881,51044,1033,1,2750,0.1
1882,51044,1048,1,2700,0
1883,51045,1091,1,1450,0
1884,51046,1078,1,2550,0.1
1885,51046,1087,1,3500,0
1886,51047,1074,1,1850,0.1
1887,51047,1093,1,1750,0.05
1888,51047,1077,1,2450,0.1
1889,51047,1008,1,60450,0
1890,51048,1019,1,2150,0.1
1891,51048,1055,1,2100,0
1892,51048,1073,1,10250,0.1
1893,51049,1059,2,600,0
1894,51050,1004,3,58800,0.05
1895,51050,1093,1,1750,0
1896,51050,1009,1,69500,0
1897,51051,1056,1,950,0.1
1898,51052,1094,1,5200,0.05
1899,51053,1030,2,1100,0.1
1900,51053,1076,1,6950,0.05
1901,51054,1084,1,3550,0
1902,51055,1062,1,1450,0
1903,51056,1072,1,3850,0.05
1904,51056,1017,1,41900,0
1905,51056,1019,1,2150,0
1906,51057,1063,1,1700,0.1
1907,51057,1095,2,1650,0.1
1908,51058,1025,1,2800,0.05
1909,51059,1096,3,2950,0.15
1910,51059,1004,1,58800,0.15
1911,51060,1034,1,2400,0.05
1912,51060,1054,1,2100,0.05
1913,51060,1091,1,1450,0
1914,51061,1089,2,1200,0.05
1915,51062,1057,1,650,0.1
1916,51062,1020,1,5150,0
1917,51062,1089,1,1200,0.05
1918,51062,1081,1,6750,0
1919,51063,1002,1,31150,0.05
1920,51063,1057,1,650,0
1921,51064,1007,1,54700,0.1
1922,51064,1056,1,950,0.05
1923,51065,1040,1,4750,0.05
1924,51066,1018,2,5900,0
1925,51066,1066,1,600,0.05
1926,51067,1033,1,2750,0
1927,51067,1016,1,37450,0
1928,51068,1005,2,46200,0
1929,51068,1043,1,1050,0.1
1930,51068,1050,1,6550,0.1
1931,51069,1049,3,3850,0.15
1932,51069,1040,1,4750,0
1933,51070,1068,2,10300,0.1
1934,51070,1025,2,2800,0.15
1935,51071,1031,1,3400,0
1936,51071,1048,2,2700,0.1
1937,51072,1079,1,10450,0.05
1938,51072,1072,1,3850,0
1939,51073,1089,2,1200,0.05
1940,51073,1066,1,600,0.1
1941,51074,1060,1,750,0.05
1942,51075,1037,1,4100,0
1943,51076,1048,1,2700,0
1944,51076,1094,1,5200,0.05
1945,51077,1011,1,63300,0
1946,51078,1074,2,1850,0
1947,51079,1064,1,2000,0.05
1948,51079,1072,1,3850,0
1949,51079,1095,1,1650,0
1950,51080,1088,2,5250,0
1951,51080,1098,1,3700,0
1952,51081,1023,2,2350,0.1
1953,51081,1080,1,500,0.05
1954,51081,1061,1,1600,0.05
1955,51081,1047,2,4300,0
1956,51082,1042,2,6050,0.15
1957,51082,1077,2,2450,0
1958,51083,1050,1,6550,0.05
1959,51084,1084,1,3550,0
1960,51085,1100,1,2550,0
1961,51086,1088,1,5250,0.1
1962,51086,1047,1,4300,0
1963,51087,1030,2,1100,0.1
1964,51087,1057,1,650,0.05
1965,51088,1049,1,3850,0.05
1966,51088,1069,1,1900,0.1
1967,51089,1041,2,2100,0.1
1968,51089,1044,1,900,0.05
1969,51089,1064,1,2000,0
1970,51090,1067,1,1950,0
1971,51090,1066,1,600,0.05
1972,51091,1044,1,900,0.05
1973,51091,1065,1,250,0
1974,51091,1052,1,1000,0
1975,51092,1027,1,4700,0.1
1976,51092,1024,1,4450,0.15
1977,51093,1015,1,25000,0.15
1978,51094,1089,3,1200,0
1979,51094,1010,1,45950,0.1
1980,51095,1094,1,5200,0.1
1981,51095,1042,1,6050,0
1982,51096,1086,1,900,0.1
1983,51097,1084,1,3550,0.1
1984,51097,1036,1,4550,0.1
1985,51098,1054,1,2100,0
1986,51099,1018,1,5900,0
1987,51099,1002,1,31150,0
1988,51100,1062,1,1450,0
1989,51100,1071,1,9700,0.1
1990,51100,1014,1,37800,0.15
1991,51101,1094,1,5200,0
1992,51102,1075,1,4300,0
1993,51103,1033,1,2750,0.1
1994,51103,1088,1,5250,0
1995,51104,1024,1,4450,0.05
1996,51105,1019,1,2150,0.1
1997,51106,1055,1,2100,0.05
1998,51106,1080,1,500,0.05
1999,51106,1065,1,250,0
2000,51107,1034,2,2400,0.1
2001,51108,1001,1,68450,0.05
2002,51109,1075,3,4300,0
2003,51109,1089,2,1200,0
2004,51110,1024,1,4450,0.05
2005,51110,1090,1,3400,0.05
2006,51111,1032,1,2800,0
2007,51112,1068,1,10300,0
2008,51113,1086,1,900,0
2009,51114,1053,1,1950,0.05
2010,51114,1071,1,9700,0.1
2011,51114,1052,3,1000,0.1
2012,51114,1018,1,5900,0
2013,51115,1041,1,2100,0
2014,51115,1030,1,1100,0
2015,51116,1007,1,54700,0
2016,51117,1084,2,3550,0
2017,51117,1092,1,5950,0.05
2018,51117,1097,1,4550,0
2019,51118,1009,2,69500,0
2020,51119,1027,1,4700,0
2021,51119,1070,2,2500,0.05
2022,51120,1098,2,3700,0
2023,51120,1007,1,54700,0.1
2024,51121,1043,1,1050,0
2025,51121,1066,1,600,0.1
2026,51121,1052,1,1000,0.1
2027,51122,1088,1,5250,0
2028,51122,1067,1,1950,0.05
2029,51122,1023,1,2350,0
2030,51123,1041,1,2100,0.1
2031,51123,1079,1,10450,0.1
2032,51123,1035,1,5050,0.05
2033,51124,1069,1,1900,0
2034,51124,1037,1,4100,0
2035,51125,1022,1,2900,0.1
2036,51125,1079,1,10450,0.05
2037,51125,1070,2,2500,0
2038,51126,1056,2,950,0.05
2039,51127,1057,2,650,0.05
2040,51128,1018,2,5900,0.05
2041,51128,1055,2,2100,0
2042,51129,1049,2,3850,0
2043,51129,1004,1,58800,0.1
2044,51130,1035,1,5050,0
2045,51131,1086,1,900,0.1
2046,51132,1097,1,4550,0
2047,51132,1082,1,5100,0
2048,51133,1058,1,500,0.1
2049,51133,1064,1,2000,0
2050,51134,1075,1,4300,0
2051,51135,1096,1,2950,0
2052,51135,1082,1,5100,0.1
2053,51136,1003,1,17250,0
2054,51136,1040,2,4750,0.15
2055,51136,1091,1,1450,0
2056,51137,1093,1,1750,0.15
2057,51137,1090,2,3400,0.1
2058,51138,1038,1,1700,0
2059,51138,1014,1,37800,0.1
2060,51139,1054,2,2100,0
2061,51139,1082,2,5100,0
2062,51140,1044,1,900,0.15
2063,51140,1049,1,3850,0.05
2064,51140,1078,2,2550,0.05
2065,51141,1027,1,4700,0.05
2066,51141,1024,1,4450,0.05
2067,51142,1046,1,2050,0.05
2068,51142,1069,1,1900,0.05
2069,51143,1087,1,3500,0.1
2070,51144,1036,1,4550,0
2071,51144,1021,1,1250,0.05
2072,51145,1011,1,63300,0.05
2073,51146,1074,1,1850,0.05
2074,51146,1066,1,600,0
2075,51146,1004,2,58800,0
2076,51146,1089,1,1200,0
2077,51147,1071,2,9700,0
2078,51148,1015,1,25000,0
2079,51149,1026,1,5000,0
2080,51149,1042,1,6050,0
2081,51149,1052,1,1000,0
2082,51150,1047,1,4300,0
2083,51150,1078,1,2550,0.05
2084,51150,1056,2,950,0
2085,51151,1079,1,10450,0
2086,51151,1073,2,10250,0
2087,51152,1050,1,6550,0.05
2088,51152,1018,1,5900,0
2089,51153,1037,1,4100,0
2090,51153,1010,1,45950,0
2091,51153,1072,2,3850,0.05
2092,51154,1008,2,60450,0.05
2093,51154,1059,1,600,0.1
2094,51154,1086,1,900,0.05
2095,51155,1081,1,6750,0
2096,51156,1048,1,2700,0
2097,51156,1063,1,1700,0
2098,51156,1038,2,1700,0.05
2099,51157,1080,2,500,0
2100,51158,1071,1,9700,0
2101,51158,1019,2,2150,0
2102,51159,1012,2,3650,0.05
2103,51160,1002,1,31150,0.15
2104,51160,1095,1,1650,0
2105,51160,1090,2,3400,0.1
2106,51160,1023,1,2350,0
2107,51161,1071,2,9700,0
2108,51162,1062,1,1450,0.05
2109,51163,1062,1,1450,0
2110,51164,1031,1,3400,0
2111,51164,1020,1,5150,0.05
2112,51164,1042,3,6050,0.1
2113,51165,1094,3,5200,0
2114,51166,1009,1,69500,0.05
2115,51167,1023,2,2350,0
2116,51168,1031,1,3400,0
2117,51169,1099,1,1950,0
2118,51170,1011,3,63300,0
2119,51171,1072,1,3850,0.15
2120,51171,1005,1,46200,0.05
2121,51171,1021,1,1250,0
2122,51172,1047,1,4300,0
2123,51173,1076,1,6950,0
2124,51173,1005,1,46200,0
2125,51174,1090,1,3400,0.15
2126,51174,1027,1,4700,0
2127,51175,1007,3,54700,0.15
2128,51176,1090,2,3400,0
2129,51176,1009,2,69500,0
2130,51177,1080,2,500,0.1
2131,51177,1015,1,25000,0
2132,51178,1031,2,3400,0.1
2133,51179,1032,1,2800,0
2134,51179,1035,3,5050,0
2135,51179,1034,2,2400,0
2136,51180,1092,1,5950,0
2137,51181,1046,2,2050,0
2138,51181,1091,1,1450,0.1
2139,51182,1051,1,700,0
2140,51183,1094,1,5200,0.15
2141,51183,1010,1,45950,0.15
2142,51184,1089,1,1200,0.1
2143,51184,1097,1,4550,0
2144,51185,1099,1,1950,0
2145,51185,1027,1,4700,0
2146,51186,1077,2,2450,0.15
2147,51187,1078,1,2550,0.05
2148,51188,1089,1,1200,0
2149,51189,1067,2,1950,0.05
2150,51189,1002,2,31150,0
2151,51190,1026,1,5000,0
2152,51190,1032,2,2800,0.1
2153,51191,1100,1,2550,0.05
2154,51191,1063,1,1700,0.05
2155,51191,1038,1,1700,0.05
2156,51192,1043,1,1050,0
2157,51193,1068,2,10300,0
2158,51194,1088,1,5250,0
2159,51194,1048,1,2700,0
2160,51195,1028,1,2350,0.05
2161,51195,1080,1,500,0
2162,51195,1099,1,1950,0
2163,51196,1031,1,3400,0.05
2164,51196,1055,1,2100,0.05
2165,51197,1082,3,5100,0.05
2166,51197,1025,1,2800,0.05
2167,51197,1019,1,2150,0
2168,51198,1036,1,4550,0.05
2169,51199,1051,1,700,0.1
2170,51200,1014,1,37800,0
2171,51201,1052,1,1000,0
2172,51202,1014,1,37800,0.1
2173,51203,1057,1,650,0
2174,51204,1049,2,3850,0
2175,51205,1040,1,4750,0
2176,51206,1012,1,3650,0
2177,51207,1043,1,1050,0.05
2178,51208,1034,1,2400,0
2179,51208,1023,1,2350,0
2180,51208,1095,2,1650,0.1
2181,51208,1051,2,700,0
2182,51209,1004,1,58800,0.05
2183,51209,1026,1,5000,0
2184,51209,1038,1,1700,0.05
2185,51209,1087,2,3500,0
2186,51210,1012,1,3650,0.15
2187,51211,1064,2,2000,0.15
2188,51212,1076,1,6950,0
2189,51213,1094,3,5200,0
2190,51214,1068,1,10300,0
2191,51215,1075,1,4300,0.05
2192,51216,1075,2,4300,0.05
2193,51216,1025,1,2800,0.05
2194,51216,1034,2,2400,0
2195,51216,1004,1,58800,0
2196,51217,1097,2,4550,0
2197,51217,1100,2,2550,0.05
2198,51218,1096,3,2950,0.1
2199,51219,1023,2,2350,0
2200,51219,1063,1,1700,0
2201,51220,1024,1,4450,0
2202,51221,1055,1,2100,0
2203,51221,1074,1,1850,0.05
2204,51222,1090,1,3400,0
2205,51222,1046,1,2050,0.15
2206,51222,1056,1,950,0.15
2207,51223,1092,1,5950,0
2208,51223,1009,1,69500,0.1
2209,51223,1083,1,11100,0
2210,51223,1058,1,500,0
2211,51224,1028,1,2350,0.1
2212,51225,1094,1,5200,0
2213,51226,1088,2,5250,0
2214,51227,1014,1,37800,0.05
2215,51227,1017,1,41900,0
2216,51228,1010,2,45950,0
2217,51229,1100,1,2550,0
2218,51229,1073,2,10250,0
2219,51229,1039,1,2400,0.1
2220,51230,1041,2,2100,0.1
2221,51230,1092,2,5950,0.1
2222,51230,1045,1,3250,0
2223,51231,1061,1,1600,0
2224,51231,1092,1,5950,0.15
2225,51232,1018,1,5900,0
2226,51233,1092,1,5950,0
2227,51233,1061,1,1600,0
2228,51234,1068,2,10300,0.1
2229,51234,1060,1,750,0.1
2230,51234,1005,2,46200,0
2231,51234,1087,1,3500,0
2232,51235,1052,1,1000,0
2233,51236,1075,2,4300,0
2234,51236,1065,2,250,0
2235,51236,1031,2,3400,0.1
2236,51236,1008,1,60450,0.15
2237,51237,1070,2,2500,0.15
2238,51237,1084,1,3550,0
2239,51238,1038,1,1700,0.15
2240,51238,1072,1,3850,0
2241,51239,1016,1,37450,0
2242,51239,1081,1,6750,0
2243,51240,1099,2,1950,0.05
2244,51240,1072,1,3850,0
2245,51241,1008,1,60450,0.05
2246,51241,1079,1,10450,0
2247,51241,1053,2,1950,0.1
2248,51241,1086,1,900,0
2249,51242,1059,1,600,0.1
2250,51242,1009,1,69500,0.15
2251,51242,1053,2,1950,0
2252,51242,1040,1,4750,0.05
2253,51243,1097,2,4550,0.1
2254,51244,1032,1,2800,0.1
2255,51245,1094,2,5200,0.05
2256,51245,1054,1,2100,0.1
2257,51246,1064,2,2000,0.1
2258,51247,1066,1,600,0
2259,51247,1031,1,3400,0.05
2260,51248,1070,2,2500,0.1
2261,51248,1057,1,650,0
2262,51249,1037,2,4100,0.1
2263,51249,1087,1,3500,0
2264,51250,1087,1,3500,0.1
2265,51251,1058,1,500,0
2266,51251,1076,1,6950,0.1
2267,51252,1043,2,1050,0.1
2268,51253,1023,1,2350,0.15
2269,51254,1096,1,2950,0.15
2270,51255,1048,3,2700,0
2271,51256,1098,2,3700,0.1
2272,51256,1005,2,46200,0
2273,51256,1060,1,750,0
2274,51257,1044,1,900,0
2275,51258,1048,1,2700,0.05
2276,51258,1016,1,37450,0.1
2277,51259,1008,1,60450,0.1
2278,51259,1093,1,1750,0.1
2279,51259,1046,1,2050,0
2280,51259,1027,1,4700,0.15
2281,51260,1069,2,1900,0.05
2282,51261,1067,1,1950,0.1
2283,51261,1030,2,1100,0
2284,51261,1060,1,750,0
2285,51262,1005,1,46200,0
2286,51263,1090,2,3400,0
2287,51263,1092,1,5950,0
2288,51264,1005,1,46200,0
2289,51265,1098,1,3700,0
2290,51266,1066,1,600,0
2291,51266,1027,1,4700,0.15
2292,51267,1071,2,9700,0
2293,51267,1081,1,6750,0
2294,51268,1081,2,6750,0.05
2295,51268,1048,1,2700,0.1
2296,51269,1003,2,17250,0.05
2297,51270,1091,1,1450,0
2298,51271,1048,1,2700,0.05
2299,51272,1086,1,900,0
2300,51272,1021,1,1250,0
2301,51273,1078,1,2550,0.05
2302,51274,1017,1,41900,0.05
2303,51275,1029,1,5950,0.1
2304,51275,1078,1,2550,0.1
2305,51276,1087,1,3500,0
2306,51276,1028,1,2350,0.05
2307,51276,1011,1,63300,0.05
2308,51277,1047,1,4300,0
2309,51277,1100,1,2550,0
2310,51277,1011,1,63300,0.1
2311,51277,1088,1,5250,0
2312,51278,1083,1,11100,0.15
2313,51279,1039,1,2400,0.05
2314,51279,1073,1,10250,0.05
2315,51280,1094,1,5200,0
2316,51280,1001,1,68450,0.1
2317,51281,1042,1,6050,0.1
2318,51282,1038,1,1700,0.15
2319,51282,1027,1,4700,0.05
2320,51283,1037,1,4100,0
2321,51283,1001,2,68450,0
2322,51283,1026,1,5000,0.1
2323,51284,1061,1,1600,0
2324,51285,1012,1,3650,0
2325,51286,1027,1,4700,0
2326,51286,1049,2,3850,0
2327,51287,1060,1,750,0.1
2328,51287,1027,1,4700,0.05
2329,51288,1035,1,5050,0.15
2330,51288,1073,1,10250,0
2331,51289,1005,1,46200,0.05
2332,51289,1078,1,2550,0.05
2333,51290,1027,1,4700,0
2334,51290,1096,2,2950,0
2335,51291,1081,1,6750,0.05
2336,51291,1089,1,1200,0.05
2337,51291,1026,1,5000,0
2338,51292,1079,1,10450,0.05
2339,51293,1038,1,1700,0
2340,51293,1099,2,1950,0
2341,51293,1091,1,1450,0.1
2342,51294,1054,3,2100,0.1
2343,51294,1056,1,950,0
2344,51295,1030,1,1100,0
2345,51295,1070,2,2500,0.1
2346,51295,1057,1,650,0
2347,51295,1099,2,1950,0
2348,51296,1012,1,3650,0
2349,51297,1058,1,500,0.05
2350,51298,1031,1,3400,0.1
2351,51298,1057,1,650,0.05
2352,51299,1028,1,2350,0
2353,51300,1008,1,60450,0.05
2354,51300,1020,1,5150,0.05
2355,51301,1078,3,2550,0
2356,51302,1030,1,1100,0.05
2357,51303,1015,1,25000,0
2358,51304,1005,2,46200,0.05
2359,51305,1006,1,12550,0
2360,51305,1027,1,4700,0
2361,51306,1008,1,60450,0
2362,51307,1095,1,1650,0.05
2363,51307,1075,1,4300,0
2364,51308,1006,2,12550,0.1
2365,51308,1097,1,4550,0
2366,51308,1031,1,3400,0.1
2367,51309,1090,1,3400,0.1
2368,51309,1009,1,69500,0.1
2369,51310,1078,1,2550,0
2370,51311,1092,1,5950,0
2371,51311,1085,1,6000,0
2372,51312,1004,1,58800,0.1
2373,51312,1022,1,2900,0.1
2374,51313,1004,1,58800,0.1
2375,51314,1013,2,19300,0.05
2376,51314,1070,1,2500,0.1
2377,51314,1012,2,3650,0.05
2378,51315,1015,2,25000,0.05
2379,51315,1025,2,2800,0
2380,51316,1013,1,19300,0.05
2381,51317,1074,1,1850,0.05
2382,51317,1053,2,1950,0
2383,51317,1069,1,1900,0.05
2384,51318,1019,2,2150,0.05
2385,51318,1077,2,2450,0.1
2386,51319,1047,2,4300,0.05
2387,51319,1003,1,17250,0
2388,51319,1063,3,1700,0
2389,51320,1025,1,2800,0
2390,51321,1099,2,1950,0
2391,51322,1028,2,2350,0
2392,51322,1062,1,1450,0.05
2393,51322,1087,1,3500,0.05
2394,51322,1010,1,45950,0
2395,51323,1024,2,4450,0.1
2396,51324,1093,1,1750,0.1
2397,51324,1005,3,46200,0.05
2398,51325,1055,1,2100,0
2399,51325,1041,1,2100,0
2400,51325,1063,2,1700,0
2401,51326,1094,1,5200,0.05
2402,51327,1087,1,3500,0.05
2403,51328,1042,1,6050,0.1
2404,51329,1093,1,1750,0.1
2405,51329,1018,1,5900,0.1
2406,51330,1056,1,950,0.05
2407,51331,1014,1,37800,0
2408,51331,1003,2,17250,0.1
2409,51331,1075,1,4300,0
2410,51331,1091,1,1450,0
2411,51332,1028,1,2350,0
2412,51332,1055,2,2100,0.1
2413,51333,1099,1,1950,0.1
2414,51333,1002,1,31150,0
2415,51333,1033,1,2750,0
2416,51334,1033,1,2750,0
2417,51334,1005,1,46200,0
2418,51334,1100,1,2550,0.1
2419,51335,1076,1,6950,0.1
2420,51336,1065,2,250,0.05
2421,51336,1005,1,46200,0
2422,51336,1053,1,1950,0.05
2423,51337,1045,1,3250,0
2424,51337,1074,1,1850,0.15
2425,51338,1080,1,500,0
2426,51339,1084,1,3550,0.1
2427,51339,1057,1,650,0.05
2428,51339,1056,1,950,0
2429,51340,1077,2,2450,0
2430,51341,1037,1,4100,0.05
2431,51341,1064,1,2000,0.15
2432,51341,1018,1,5900,0
2433,51342,1002,3,31150,0.15
2434,51342,1018,1,5900,0.05
2435,51343,1016,2,37450,0
2436,51344,1056,2,950,0
2437,51344,1002,1,31150,0
2438,51345,1077,1,2450,0.05
2439,51345,1081,1,6750,0
2440,51345,1087,1,3500,0
2441,51346,1006,1,12550,0
2442,51346,1021,2,1250,0.15
2443,51347,1019,1,2150,0
2444,51347,1042,1,6050,0
2445,51348,1005,1,46200,0
2446,51349,1040,2,4750,0
2447,51349,1077,1,2450,0.15
2448,51349,1050,1,6550,0.1
2449,51350,1094,2,5200,0
2450,51351,1016,1,37450,0
2451,51352,1043,1,1050,0.1
2452,51353,1085,1,6000,0
2453,51354,1001,1,68450,0
2454,51354,1078,2,2550,0
2455,51355,1093,2,1750,0
2456,51355,1014,1,37800,0.1
2457,51356,1069,2,1900,0
2458,51357,1026,2,5000,0
2459,51357,1088,2,5250,0.05
2460,51358,1039,2,2400,0
2461,51358,1006,1,12550,0.1
2462,51359,1063,1,1700,0.05
2463,51360,1011,1,63300,0
2464,51360,1065,1,250,0.05
2465,51361,1021,3,1250,0.05
2466,51361,1053,1,1950,0.1
2467,51361,1045,2,3250,0.05
2468,51362,1037,2,4100,0
2469,51362,1100,1,2550,0
2470,51363,1069,1,1900,0.1
2471,51363,1019,1,2150,0.05
2472,51364,1024,1,4450,0
2473,51365,1060,3,750,0.05
2474,51366,1043,3,1050,0
2475,51366,1006,1,12550,0.05
2476,51367,1061,1,1600,0
2477,51367,1021,1,1250,0
2478,51368,1091,1,1450,0.05
2479,51368,1006,1,12550,0
2480,51368,1069,1,1900,0.05
2481,51369,1008,1,60450,0
2482,51369,1081,1,6750,0.1
2483,51370,1050,1,6550,0
2484,51370,1072,1,3850,0.1
2485,51371,1085,1,6000,0
2486,51372,1011,1,63300,0.05
2487,51372,1033,1,2750,0.1
2488,51372,1034,1,2400,0.1
2489,51373,1077,2,2450,0
2490,51373,1049,1,3850,0
2491,51374,1079,2,10450,0
2492,51375,1030,2,1100,0.1
2493,51375,1032,1,2800,0
2494,51375,1036,1,4550,0
2495,51376,1027,2,4700,0
2496,51377,1064,2,2000,0.05
2497,51377,1047,1,4300,0.05
2498,51378,1009,2,69500,0.05
2499,51379,1066,2,600,0.15
2500,51379,1052,2,1000,0
2501,51379,1007,1,54700,0.05
2502,51380,1059,1,600,0.1
2503,51381,1037,2,4100,0.15
2504,51381,1075,1,4300,0
2505,51382,1078,1,2550,0.05
2506,51383,1038,1,1700,0.05
2507,51384,1095,1,1650,0
2508,51384,1068,1,10300,0
2509,51385,1001,1,68450,0
2510,51385,1059,1,600,0.15
2511,51386,1001,1,68450,0
2512,51387,1071,2,9700,0
2513,51388,1083,1,11100,0.05
2514,51388,1069,2,1900,0.1
2515,51389,1069,1,1900,0
2516,51389,1022,1,2900,0
2517,51389,1062,1,1450,0
2518,51390,1039,1,2400,0.05
2519,51390,1093,2,1750,0.05
2520,51390,1100,1,2550,0
2521,51391,1051,2,700,0.05
2522,51391,1005,3,46200,0
2523,51392,1034,3,2400,0.05
2524,51392,1027,2,4700,0.05
2525,51393,1067,1,1950,0.15
2526,51394,1020,3,5150,0
2527,51395,1031,1,3400,0.05
2528,51396,1040,1,4750,0.1
2529,51396,1072,2,3850,0
2530,51397,1089,1,1200,0
2531,51398,1071,2,9700,0.05
2532,51399,1010,1,45950,0
2533,51400,1027,1,4700,0.05
2534,51400,1098,1,3700,0
2535,51400,1053,1,1950,0
2536,51401,1047,1,4300,0.1
2537,51401,1073,1,10250,0
2538,51402,1033,3,2750,0
2539,51403,1072,3,3850,0.05
2540,51403,1004,2,58800,0
2541,51404,1025,1,2800,0.05
2542,51404,1026,1,5000,0
2543,51404,1078,1,2550,0
2544,51405,1079,1,10450,0
2545,51406,1024,2,4450,0
2546,51407,1098,1,3700,0.05
2547,51407,1010,1,45950,0
2548,51408,1013,2,19300,0.05
2549,51408,1050,1,6550,0.1
2550,51408,1100,3,2550,0.05
2551,51408,1033,1,2750,0
2552,51409,1068,2,10300,0
2553,51409,1085,1,6000,0.05
2554,51410,1058,1,500,0
2555,51411,1024,2,4450,0
2556,51412,1023,1,2350,0.05
2557,51413,1021,2,1250,0.05
2558,51413,1035,1,5050,0.05
2559,51414,1088,1,5250,0
2560,51415,1063,1,1700,0
2561,51415,1060,1,750,0.05
2562,51416,1087,2,3500,0.05
2563,51416,1064,2,2000,0
2564,51416,1027,3,4700,0
2565,51416,1081,1,6750,0.05
2566,51417,1088,2,5250,0
2567,51417,1071,2,9700,0
2568,51417,1054,1,2100,0
2569,51418,1062,2,1450,0.1
2570,51419,1028,2,2350,0.1
2571,51420,1035,2,5050,0
2572,51421,1020,1,5150,0.1
2573,51422,1098,1,3700,0.1
2574,51422,1045,1,3250,0
2575,51422,1077,1,2450,0.05
2576,51423,1075,1,4300,0.15
2577,51424,1081,2,6750,0
2578,51425,1041,1,2100,0
2579,51425,1083,1,11100,0
2580,51425,1005,1,46200,0
2581,51426,1035,2,5050,0.05
2582,51426,1087,1,3500,0.1
2583,51427,1004,1,58800,0.1
2584,51428,1005,3,46200,0.05
2585,51428,1099,1,1950,0.05
2586,51429,1052,1,1000,0.05
2587,51429,1075,1,4300,0
2588,51430,1068,2,10300,0
2589,51430,1006,1,12550,0
2590,51430,1090,3,3400,0.1
2591,51430,1036,1,4550,0
2592,51431,1091,1,1450,0
2593,51432,1019,1,2150,0.1
2594,51432,1053,1,1950,0.05
2595,51432,1047,1,4300,0.1
2596,51433,1083,1,11100,0.15
2597,51433,1055,2,2100,0.1
2598,51434,1032,2,2800,0.15
2599,51434,1028,2,2350,0
2600,51435,1034,1,2400,0
2601,51435,1015,1,25000,0.15
2602,51436,1009,1,69500,0.05
2603,51436,1007,1,54700,0
2604,51436,1012,1,3650,0.05
2605,51437,1039,3,2400,0
2606,51438,1082,1,5100,0
2607,51438,1061,1,1600,0.1
2608,51439,1028,2,2350,0
2609,51440,1061,1,1600,0
2610,51441,1045,2,3250,0.05
2611,51441,1086,1,900,0
2612,51441,1097,1,4550,0.05
2613,51442,1056,1,950,0
2614,51442,1097,1,4550,0.1
2615,51443,1021,1,1250,0.05
2616,51443,1077,2,2450,0.1
2617,51443,1024,1,4450,0
2618,51444,1077,1,2450,0.05
2619,51445,1090,3,3400,0.1
2620,51445,1095,1,1650,0
2621,51446,1089,1,1200,0.15
2622,51447,1006,1,12550,0.1
2623,51448,1004,2,58800,0
2624,51449,1068,1,10300,0
2625,51449,1027,1,4700,0
2626,51449,1098,3,3700,0.1
2627,51449,1069,1,1900,0.05
2628,51450,1056,1,950,0.05
2629,51450,1043,1,1050,0
2630,51451,1024,1,4450,0.05
2631,51452,1071,2,9700,0.1
2632,51452,1065,2,250,0
2633,51452,1032,2,2800,0
2634,51453,1096,1,2950,0
2635,51453,1080,1,500,0
2636,51454,1074,3,1850,0.05
2637,51454,1041,1,2100,0.15
2638,51455,1081,2,6750,0
2639,51456,1020,1,5150,0
2640,51456,1055,2,2100,0
2641,51456,1080,2,500,0.05
2642,51457,1077,1,2450,0
2643,51457,1085,1,6000,0.15
2644,51458,1032,1,2800,0.15
2645,51459,1032,1,2800,0
2646,51459,1004,1,58800,0.1
2647,51459,1057,2,650,0.1
2648,51459,1077,1,2450,0
2649,51460,1081,1,6750,0
2650,51461,1001,1,68450,0
2651,51461,1003,2,17250,0
2652,51461,1038,1,1700,0.15
2653,51462,1017,1,41900,0
2654,51462,1008,1,60450,0.05
2655,51462,1039,2,2400,0
2656,51463,1037,1,4100,0
2657,51464,1063,1,1700,0.1
2658,51465,1096,1,2950,0.05
2659,51465,1020,1,5150,0
2660,51466,1011,1,63300,0
2661,51467,1066,2,600,0
2662,51468,1046,2,2050,0
2663,51469,1047,1,4300,0.1
2664,51469,1083,2,11100,0.05
2665,51469,1060,1,750,0.1
2666,51470,1066,1,600,0
2667,51471,1043,2,1050,0
2668,51471,1039,1,2400,0.1
2669,51471,1034,1,2400,0.05
2670,51472,1075,1,4300,0.05
2671,51472,1095,1,1650,0
2672,51473,1037,1,4100,0
2673,51473,1053,2,1950,0
2674,51474,1047,1,4300,0
2675,51475,1027,2,4700,0.05
2676,51475,1048,1,2700,0
2677,51476,1020,1,5150,0.1
2678,51477,1058,1,500,0
2679,51477,1081,1,6750,0.1
2680,51478,1016,1,37450,0
2681,51478,1017,1,41900,0.05
2682,51478,1028,2,2350,0
2683,51479,1064,1,2000,0
2684,51480,1037,1,4100,0
2685,51481,1034,2,2400,0.1
2686,51482,1026,1,5000,0
2687,51483,1016,1,37450,0
2688,51483,1020,2,5150,0.1
2689,51483,1043,2,1050,0
2690,51484,1003,1,17250,0.1
2691,51484,1049,2,3850,0.15
2692,51485,1051,1,700,0
2693,51485,1047,1,4300,0
2694,51486,1036,1,4550,0.1
2695,51486,1014,2,37800,0
2696,51487,1072,1,3850,0
2697,51488,1047,1,4300,0.05
2698,51488,1056,3,950,0
2699,51488,1024,1,4450,0.15
2700,51488,1016,1,37450,0.05
2701,51489,1066,1,600,0.1
2702,51490,1039,1,2400,0
2703,51490,1096,1,2950,0.05
2704,51491,1012,1,3650,0
2705,51492,1021,1,1250,0.05
2706,51493,1051,1,700,0.1
2707,51494,1032,1,2800,0
2708,51494,1009,1,69500,0.15
2709,51495,1070,1,2500,0
2710,51495,1045,1,3250,0.1
2711,51495,1083,1,11100,0.05
2712,51495,1087,1,3500,0
2713,51496,1052,1,1000,0
2714,51497,1094,1,5200,0.1
2715,51497,1031,1,3400,0
2716,51498,1086,1,900,0
2717,51498,1031,1,3400,0.05
2718,51498,1070,3,2500,0.05
2719,51499,1037,1,4100,0.1
2720,51499,1058,1,500,0
2721,51500,1035,2,5050,0.05
2722,51500,1018,1,5900,0.05
2723,51501,1099,1,1950,0
2724,51502,1053,1,1950,0
2725,51502,1040,1,4750,0.05
2726,51503,1098,1,3700,0
2727,51503,1064,1,2000,0.05
2728,51504,1088,1,5250,0
2729,51504,1089,2,1200,0
2730,51505,1068,1,10300,0
2731,51506,1079,1,10450,0.1
2732,51507,1012,2,3650,0
2733,51508,1019,1,2150,0
2734,51509,1075,1,4300,0.05
2735,51509,1098,1,3700,0
2736,51510,1050,1,6550,0.1
2737,51510,1054,1,2100,0.1
2738,51511,1018,2,5900,0
2739,51511,1074,1,1850,0.05
2740,51512,1035,1,5050,0
2741,51512,1050,2,6550,0
2742,51513,1063,1,1700,0.1
2743,51514,1092,1,5950,0.05
2744,51515,1067,3,1950,0
2745,51516,1043,1,1050,0.1
2746,51516,1042,2,6050,0.05
2747,51516,1075,1,4300,0
2748,51517,1048,1,2700,0.05
2749,51517,1059,1,600,0
2750,51517,1065,1,250,0.05
2751,51518,1062,1,1450,0.05
2752,51518,1084,2,3550,0
2753,51519,1022,1,2900,0
2754,51519,1060,3,750,0
2755,51519,1005,2,46200,0.1
2756,51520,1008,1,60450,0
2757,51521,1033,1,2750,0
2758,51522,1042,1,6050,0.05
2759,51523,1068,1,10300,0.05
2760,51523,1045,2,3250,0
2761,51524,1041,2,2100,0.05
2762,51525,1034,3,2400,0.1
2763,51526,1065,2,250,0
2764,51526,1061,3,1600,0
2765,51527,1092,2,5950,0
2766,51527,1007,1,54700,0
2767,51528,1096,3,2950,0.05
2768,51528,1065,1,250,0
2769,51528,1079,1,10450,0.05
2770,51529,1084,2,3550,0.1
2771,51530,1047,1,4300,0
2772,51530,1080,1,500,0
2773,51531,1055,3,2100,0.1
2774,51531,1013,1,19300,0.1
2775,51532,1040,2,4750,0
2776,51533,1095,1,1650,0
2777,51533,1093,1,1750,0
2778,51534,1018,1,5900,0
2779,51534,1014,1,37800,0.1
2780,51534,1052,2,1000,0
2781,51535,1020,1,5150,0
2782,51536,1032,2,2800,0
2783,51537,1045,1,3250,0
2784,51538,1053,3,1950,0
2785,51539,1033,1,2750,0
2786,51539,1059,1,600,0.1
2787,51540,1052,2,1000,0.05
2788,51540,1081,1,6750,0.05
2789,51541,1046,2,2050,0.1
2790,51542,1071,1,9700,0
2791,51542,1063,1,1700,0
2792,51542,1006,1,12550,0
2793,51543,1050,1,6550,0.05
2794,51544,1031,1,3400,0.1
2795,51545,1090,2,3400,0
2796,51546,1035,2,5050,0.05
2797,51546,1068,3,10300,0.1
2798,51546,1037,1,4100,0
2799,51547,1038,1,1700,0.1
2800,51548,1019,1,2150,0
2801,51549,1043,2,1050,0
2802,51549,1081,1,6750,0
2803,51550,1100,1,2550,0
2804,51551,1005,1,46200,0
2805,51551,1100,1,2550,0
2806,51552,1029,1,5950,0
2807,51552,1054,1,2100,0.05
2808,51553,1039,1,2400,0.05
2809,51554,1070,1,2500,0.1
2810,51554,1037,1,4100,0
2811,51555,1019,2,2150,0
2812,51555,1013,3,19300,0
2813,51556,1044,2,900,0
2814,51556,1091,2,1450,0.1
2815,51556,1090,1,3400,0
2816,51557,1096,1,2950,0.1
2817,51557,1061,1,1600,0
2818,51557,1012,1,3650,0
2819,51558,1078,1,2550,0.15
2820,51559,1073,1,10250,0.05
2821,51559,1031,3,3400,0.05
2822,51560,1076,1,6950,0.1
2823,51560,1011,1,63300,0.05
2824,51560,1100,1,2550,0.05
2825,51561,1083,1,11100,0.05
2826,51562,1039,1,2400,0
2827,51563,1046,3,2050,0
2828,51563,1020,1,5150,0.1
2829,51564,1049,1,3850,0
2830,51564,1048,1,2700,0
2831,51565,1055,1,2100,0.05
2832,51565,1019,1,2150,0.05
2833,51566,1053,1,1950,0.1
2834,51566,1004,1,58800,0
2835,51566,1098,2,3700,0.15
2836,51567,1003,2,17250,0
2837,51568,1029,1,5950,0
2838,51568,1056,1,950,0.05
2839,51568,1001,2,68450,0
2840,51569,1026,3,5000,0
2841,51570,1004,1,58800,0.1
2842,51571,1060,2,750,0.1
2843,51571,1063,1,1700,0.05
2844,51572,1090,1,3400,0.1
2845,51572,1050,1,6550,0.05
2846,51573,1095,2,1650,0
2847,51573,1077,1,2450,0
2848,51574,1077,1,2450,0.05
2849,51575,1076,2,6950,0
2850,51576,1016,1,37450,0.1
2851,51576,1027,2,4700,0.05
2852,51576,1048,2,2700,0
2853,51577,1086,1,900,0
2854,51577,1079,1,10450,0
2855,51578,1093,1,1750,0.05
2856,51579,1071,2,9700,0
2857,51579,1017,1,41900,0.05
2858,51580,1058,1,500,0
2859,51581,1086,1,900,0
2860,51581,1087,1,3500,0
2861,51581,1043,1,1050,0.05
2862,51582,1023,1,2350,0
2863,51582,1045,1,3250,0
2864,51583,1055,1,2100,0
2865,51583,1082,1,5100,0.05
2866,51583,1074,1,1850,0.15
2867,51584,1031,1,3400,0
2868,51585,1062,1,1450,0
2869,51585,1072,1,3850,0
2870,51586,1062,1,1450,0
2871,51586,1048,1,2700,0
2872,51587,1087,1,3500,0.05
2873,51588,1016,1,37450,0
2874,51588,1015,1,25000,0.05
2875,51589,1016,1,37450,0.15
2876,51589,1058,2,500,0
2877,51590,1059,1,600,0
2878,51591,1073,1,10250,0.05
2879,51591,1084,2,3550,0
2880,51592,1041,3,2100,0.05
2881,51592,1042,1,6050,0
2882,51593,1039,1,2400,0.1
2883,51594,1083,1,11100,0
2884,51595,1009,1,69500,0
2885,51595,1089,2,1200,0
2886,51596,1080,1,500,0
2887,51597,1090,2,3400,0
2888,51598,1079,1,10450,0
2889,51599,1059,2,600,0.05
2890,51599,1001,1,68450,0
2891,51600,1075,1,4300,0
2892,51601,1092,1,5950,0
2893,51602,1100,1,2550,0.05
2894,51602,1096,1,2950,0.1
2895,51602,1076,1,6950,0.1
2896,51603,1010,2,45950,0.05
2897,51603,1065,1,250,0.1
2898,51603,1070,1,2500,0
2899,51604,1081,1,6750,0.15
2900,51604,1076,1,6950,0.05
2901,51604,1032,2,2800,0.1
2902,51605,1092,1,5950,0.1
2903,51606,1007,1,54700,0.1
2904,51607,1088,1,5250,0
2905,51608,1042,1,6050,0.15
2906,51609,1016,2,37450,0
2907,51610,1091,1,1450,0
2908,51611,1063,2,1700,0
2909,51612,1030,1,1100,0.1
2910,51612,1036,2,4550,0.1
2911,51613,1034,1,2400,0.05
2912,51613,1061,1,1600,0.1
2913,51613,1088,1,5250,0.05
2914,51614,1057,1,650,0.1
2915,51615,1018,1,5900,0.05
2916,51616,1001,1,68450,0.05
2917,51616,1022,1,2900,0
2918,51617,1078,1,2550,0
2919,51618,1043,1,1050,0
2920,51618,1035,1,5050,0
2921,51619,1067,1,1950,0.1
2922,51620,1056,1,950,0.1
2923,51621,1079,1,10450,0
2924,51622,1008,1,60450,0
2925,51623,1022,2,2900,0.1
2926,51623,1011,1,63300,0
2927,51624,1078,1,2550,0
2928,51624,1035,1,5050,0.1
2929,51625,1047,1,4300,0.1
2930,51625,1089,1,1200,0.05
2931,51626,1042,1,6050,0.1
2932,51627,1004,1,58800,0
2933,51627,1014,1,37800,0.1
2934,51627,1058,1,500,0.05
2935,51628,1066,1,600,0
2936,51628,1067,1,1950,0.05
2937,51628,1051,1,700,0.1
2938,51628,1052,1,1000,0
2939,51629,1042,2,6050,0
2940,51629,1078,1,2550,0.05
2941,51629,1014,1,37800,0.1
2942,51630,1093,1,1750,0
2943,51630,1015,1,25000,0
2944,51631,1028,1,2350,0.1
2945,51631,1014,2,37800,0.1
2946,51631,1046,1,2050,0
2947,51632,1002,1,31150,0.1
2948,51632,1094,2,5200,0.1
2949,51633,1062,1,1450,0.1
2950,51633,1011,1,63300,0
2951,51633,1081,1,6750,0.1
2952,51634,1031,1,3400,0
2953,51635,1050,1,6550,0.1
2954,51636,1084,2,3550,0.05
2955,51636,1082,2,5100,0
2956,51637,1091,1,1450,0.15
2957,51637,1051,1,700,0.1
2958,51637,1061,1,1600,0.1
2959,51638,1044,1,900,0
2960,51639,1028,1,2350,0.1
2961,51640,1089,1,1200,0.1
2962,51641,1019,2,2150,0
2963,51641,1037,1,4100,0
2964,51641,1060,1,750,0
2965,51642,1069,1,1900,0.05
2966,51642,1076,1,6950,0.1
2967,51643,1091,1,1450,0.05
2968,51643,1092,1,5950,0.05
2969,51643,1030,2,1100,0
2970,51643,1075,2,4300,0.05
2971,51644,1086,1,900,0.1
2972,51644,1081,1,6750,0
2973,51645,1095,1,1650,0.1
2974,51645,1006,1,12550,0.1
2975,51645,1036,2,4550,0
2976,51646,1075,1,4300,0
2977,51646,1031,1,3400,0.05
2978,51647,1025,1,2800,0
2979,51648,1001,2,68450,0.15
2980,51649,1062,1,1450,0.05
2981,51650,1039,1,2400,0.05
2982,51650,1073,1,10250,0.1
2983,51651,1049,1,3850,0.05
2984,51652,1031,2,3400,0.1
2985,51652,1070,2,2500,0
2986,51653,1071,1,9700,0.05
2987,51653,1036,1,4550,0
2988,51653,1095,1,1650,0
2989,51654,1091,1,1450,0
2990,51654,1005,1,46200,0.05
2991,51654,1096,1,2950,0.05
2992,51655,1013,1,19300,0
2993,51655,1004,1,58800,0.05
2994,51656,1055,2,2100,0.05
2995,51656,1030,1,1100,0.1
2996,51656,1052,2,1000,0
2997,51657,1019,1,2150,0
2998,51657,1031,1,3400,0.1
2999,51658,1060,3,750,0
3000,51658,1006,3,12550,0.05
3001,51659,1015,1,25000,0
3002,51659,1018,2,5900,0.05
3003,51659,1067,1,1950,0.05
3004,51660,1040,1,4750,0.05
3005,51661,1018,3,5900,0
3006,51662,1041,2,2100,0
3007,51663,1028,1,2350,0.05
3008,51663,1010,3,45950,0
3009,51664,1003,1,17250,0
3010,51664,1069,2,1900,0.05
3011,51664,1065,1,250,0.15
3012,51664,1052,2,1000,0.05
3013,51665,1069,1,1900,0.1
3014,51666,1071,3,9700,0.05
3015,51667,1017,1,41900,0
3016,51667,1009,1,69500,0.05
3017,51667,1065,1,250,0
3018,51668,1055,1,2100,0
3019,51669,1025,2,2800,0
3020,51669,1024,1,4450,0
3021,51670,1086,1,900,0
3022,51671,1064,1,2000,0.05
3023,51672,1006,1,12550,0
3024,51673,1051,1,700,0
3025,51674,1031,1,3400,0
3026,51675,1018,2,5900,0.1
3027,51675,1007,3,54700,0.05
3028,51676,1046,1,2050,0.1
3029,51677,1011,1,63300,0.1
3030,51678,1098,2,3700,0.05
3031,51678,1077,1,2450,0
3032,51679,1059,1,600,0
3033,51679,1063,1,1700,0
3034,51679,1055,1,2100,0
3035,51680,1028,1,2350,0
3036,51681,1059,1,600,0.1
3037,51682,1029,1,5950,0
3038,51682,1005,1,46200,0
3039,51683,1011,2,63300,0.1
3040,51683,1083,1,11100,0
3041,51683,1095,1,1650,0.05
3042,51684,1075,1,4300,0
3043,51684,1085,1,6000,0
3044,51685,1063,2,1700,0.05
3045,51686,1014,1,37800,0
3046,51686,1099,1,1950,0
3047,51686,1070,1,2500,0
3048,51687,1031,1,3400,0
3049,51688,1004,2,58800,0
3050,51689,1059,1,600,0.15
3051,51690,1010,1,45950,0.05
3052,51690,1099,1,1950,0.05
3053,51690,1046,1,2050,0.05
3054,51690,1026,1,5000,0
3055,51691,1037,2,4100,0.1
3056,51692,1067,1,1950,0
3057,51692,1091,1,1450,0.05
3058,51692,1076,1,6950,0.15
3059,51693,1083,1,11100,0.15
3060,51693,1092,1,5950,0.1
3061,51693,1094,2,5200,0
3062,51694,1036,2,4550,0.05
3063,51694,1003,1,17250,0.15
3064,51695,1038,1,1700,0
3065,51695,1052,1,1000,0.05
3066,51696,1013,3,19300,0.05
3067,51696,1003,1,17250,0
3068,51696,1089,1,1200,0.15
3069,51697,1099,1,1950,0.1
3070,51698,1034,1,2400,0
3071,51699,1016,1,37450,0
3072,51699,1065,1,250,0
3073,51699,1060,2,750,0.05
3074,51700,1097,1,4550,0
3075,51701,1055,2,2100,0.05
3076,51702,1033,2,2750,0.05
3077,51702,1077,2,2450,0.05
3078,51703,1030,3,1100,0.1
3079,51703,1066,1,600,0.05
3080,51704,1074,1,1850,0.05
3081,51704,1019,1,2150,0
3082,51704,1034,2,2400,0
3083,51705,1008,1,60450,0.1
3084,51705,1012,1,3650,0
3085,51706,1046,1,2050,0.1
3086,51707,1022,1,2900,0
3087,51707,1060,2,750,0
3088,51708,1098,1,3700,0
3089,51709,1049,2,3850,0
3090,51710,1089,1,1200,0
3091,51710,1043,2,1050,0.05
3092,51710,1027,1,4700,0
3093,51711,1009,1,69500,0.1
3094,51712,1004,1,58800,0
3095,51712,1049,2,3850,0.05
3096,51713,1047,1,4300,0.15
3097,51713,1017,1,41900,0
3098,51714,1057,3,650,0
3099,51714,1084,2,3550,0.1
3100,51715,1041,1,2100,0
3101,51715,1100,1,2550,0.15
3102,51716,1074,1,1850,0
3103,51716,1092,1,5950,0.1
3104,51717,1036,2,4550,0
3105,51718,1041,3,2100,0
3106,51718,1069,1,1900,0.05
3107,51719,1035,1,5050,0.1
3108,51719,1079,1,10450,0
3109,51720,1045,1,3250,0.05
3110,51721,1089,2,1200,0.05
3111,51721,1027,1,4700,0.1
3112,51722,1044,2,900,0
3113,51722,1004,1,58800,0
3114,51723,1088,2,5250,0.05
3115,51724,1034,2,2400,0.1
3116,51725,1036,1,4550,0
3117,51726,1100,2,2550,0.05
3118,51727,1005,1,46200,0.1
3119,51727,1040,1,4750,0
3120,51728,1018,1,5900,0
3121,51728,1050,2,6550,0
3122,51728,1039,2,2400,0.1
3123,51729,1072,2,3850,0.1
3124,51729,1046,1,2050,0
3125,51730,1003,2,17250,0
3126,51731,1033,1,2750,0
3127,51731,1046,1,2050,0
3128,51731,1094,1,5200,0.15
3129,51732,1029,2,5950,0
3130,51732,1019,1,2150,0
3131,51732,1081,3,6750,0
3132,51733,1091,1,1450,0
3133,51733,1062,1,1450,0
3134,51734,1030,2,1100,0.15
3135,51735,1087,1,3500,0.05
3136,51736,1020,1,5150,0
3137,51736,1059,2,600,0
3138,51736,1072,2,3850,0
3139,51737,1093,1,1750,0.1
3140,51737,1034,1,2400,0.05
3141,51738,1059,1,600,0
3142,51738,1094,1,5200,0
3143,51739,1037,2,4100,0.05
3144,51739,1088,1,5250,0.05
3145,51740,1019,2,2150,0
3146,51741,1027,1,4700,0.05
3147,51742,1060,1,750,0.1
3148,51743,1036,1,4550,0.1
3149,51743,1006,1,12550,0
3150,51744,1030,1,1100,0
3151,51744,1065,1,250,0
3152,51745,1017,1,41900,0
3153,51745,1069,2,1900,0
3154,51745,1092,1,5950,0.05
3155,51746,1068,1,10300,0.1
3156,51746,1092,1,5950,0
3157,51746,1018,1,5900,0
3158,51747,1028,1,2350,0.05
3159,51747,1097,2,4550,0
3160,51748,1067,1,1950,0.1
3161,51748,1028,1,2350,0
3162,51749,1002,1,31150,0
3163,51750,1033,1,2750,0.05
3164,51751,1067,2,1950,0.15
3165,51751,1050,2,6550,0
3166,51751,1073,2,10250,0
3167,51751,1086,2,900,0
3168,51752,1024,1,4450,0.05
3169,51753,1029,1,5950,0.05
3170,51753,1004,1,58800,0
3171,51754,1030,1,1100,0.1
3172,51755,1017,1,41900,0.15
3173,51756,1011,2,63300,0.05
3174,51757,1021,1,1250,0.15
3175,51757,1088,1,5250,0.1
3176,51757,1089,1,1200,0.05
3177,51757,1059,1,600,0.05
3178,51758,1020,1,5150,0.05
3179,51759,1021,2,1250,0
3180,51760,1036,1,4550,0.05
3181,51760,1045,1,3250,0
3182,51761,1031,1,3400,0.1
3183,51762,1080,1,500,0
3184,51762,1067,1,1950,0
3185,51762,1093,1,1750,0
3186,51763,1071,1,9700,0
3187,51763,1068,1,10300,0.05
3188,51763,1069,2,1900,0
3189,51764,1094,2,5200,0
3190,51764,1036,1,4550,0.05
3191,51764,1016,1,37450,0
3192,51764,1029,1,5950,0
3193,51765,1070,1,2500,0.15
3194,51766,1013,1,19300,0
3195,51766,1039,2,2400,0
3196,51767,1080,1,500,0
3197,51768,1044,1,900,0
3198,51768,1014,2,37800,0
3199,51769,1029,2,5950,0
3200,51769,1084,1,3550,0.15
3201,51769,1071,1,9700,0
3202,51769,1035,1,5050,0.1
3203,51770,1038,1,1700,0
3204,51771,1055,2,2100,0.1
3205,51772,1058,1,500,0.1
3206,51772,1033,1,2750,0.1
3207,51772,1005,1,46200,0.05
3208,51773,1047,1,4300,0.05
3209,51773,1069,3,1900,0
3210,51773,1041,1,2100,0.1
3211,51774,1055,2,2100,0.05
3212,51774,1038,1,1700,0.05
3213,51775,1041,1,2100,0
3214,51775,1028,3,2350,0
3215,51776,1056,1,950,0.05
3216,51776,1095,1,1650,0
3217,51776,1035,2,5050,0.15
3218,51777,1002,1,31150,0
3219,51778,1026,1,5000,0.1
3220,51778,1050,2,6550,0
3221,51779,1056,2,950,0.1
3222,51780,1100,2,2550,0.15
3223,51781,1021,3,1250,0.1
3224,51781,1061,1,1600,0
3225,51781,1027,2,4700,0.15
3226,51782,1032,1,2800,0.05
3227,51783,1074,2,1850,0
3228,51783,1045,1,3250,0.05
3229,51784,1049,1,3850,0.05
3230,51784,1003,2,17250,0
3231,51785,1069,1,1900,0
3232,51785,1028,3,2350,0
3233,51785,1053,2,1950,0
3234,51786,1082,1,5100,0.05
3235,51786,1052,1,1000,0.05
3236,51786,1044,1,900,0.05
3237,51786,1084,1,3550,0.15
3238,51787,1057,2,650,0.1
3239,51787,1004,1,58800,0
3240,51788,1036,2,4550,0
3241,51789,1036,2,4550,0.05
3242,51789,1094,3,5200,0.1
3243,51789,1076,1,6950,0
3244,51789,1011,1,63300,0.05
3245,51790,1049,2,3850,0
3246,51790,1031,1,3400,0
3247,51790,1065,1,250,0
3248,51791,1001,2,68450,0
3249,51792,1055,1,2100,0
3250,51792,1016,1,37450,0
3251,51793,1065,1,250,0
3252,51794,1094,1,5200,0.05
3253,51795,1034,1,2400,0
3254,51796,1092,1,5950,0.1
3255,51797,1021,1,1250,0.1
3256,51797,1016,1,37450,0.05
3257,51798,1018,1,5900,0.05
3258,51798,1085,2,6000,0
3259,51798,1090,2,3400,0
3260,51799,1047,1,4300,0.05
3261,51799,1086,1,900,0.05
3262,51800,1054,1,2100,0.1
3263,51801,1052,1,1000,0
3264,51801,1088,1,5250,0.1
3265,51801,1095,2,1650,0.1
3266,51802,1048,2,2700,0.05
3267,51803,1062,1,1450,0
3268,51803,1051,1,700,0.05
3269,51803,1006,1,12550,0.05
3270,51804,1042,2,6050,0
3271,51805,1080,1,500,0
3272,51806,1063,1,1700,0
3273,51806,1019,1,2150,0
3274,51807,1071,1,9700,0
3275,51807,1047,1,4300,0.05
3276,51808,1030,1,1100,0.1
3277,51808,1083,1,11100,0
3278,51809,1054,2,2100,0
3279,51810,1012,1,3650,0
3280,51811,1073,1,10250,0
3281,51811,1031,1,3400,0.1
3282,51812,1086,1,900,0
3283,51812,1003,1,17250,0
3284,51813,1090,1,3400,0
3285,51814,1036,1,4550,0.05
3286,51815,1045,3,3250,0
3287,51815,1059,1,600,0
3288,51815,1091,1,1450,0.05
3289,51816,1012,1,3650,0
3290,51816,1085,1,6000,0
3291,51817,1032,1,2800,0.05
3292,51817,1085,1,6000,0.05
3293,51817,1027,1,4700,0
3294,51817,1070,1,2500,0.05
3295,51818,1050,1,6550,0.05
3296,51818,1006,1,12550,0
3297,51818,1089,2,1200,0.05
3298,51819,1078,1,2550,0.05
3299,51819,1040,1,4750,0
3300,51819,1082,2,5100,0.05
3301,51820,1068,2,10300,0.1
3302,51821,1025,1,2800,0.05
3303,51821,1056,1,950,0.15
3304,51822,1017,2,41900,0.05
3305,51822,1084,1,3550,0.1
3306,51822,1064,1,2000,0.1
3307,51823,1002,3,31150,0
3308,51823,1025,1,2800,0
3309,51823,1070,2,2500,0.1
3310,51824,1082,2,5100,0.05
3311,51824,1036,1,4550,0.1
3312,51825,1054,1,2100,0
3313,51825,1089,1,1200,0
3314,51826,1078,3,2550,0
3315,51826,1028,1,2350,0
3316,51827,1042,1,6050,0.05
3317,51828,1007,1,54700,0
3318,51829,1068,1,10300,0
3319,51829,1037,1,4100,0
3320,51830,1097,2,4550,0
3321,51831,1096,1,2950,0.05
3322,51832,1007,2,54700,0.05
3323,51833,1060,1,750,0
3324,51833,1004,1,58800,0.1
3325,51834,1002,1,31150,0.05
3326,51834,1060,1,750,0
3327,51834,1062,1,1450,0.1
3328,51835,1061,1,1600,0
3329,51835,1081,1,6750,0
3330,51835,1083,1,11100,0
3331,51836,1044,1,900,0
3332,51836,1042,1,6050,0
3333,51836,1040,2,4750,0
3334,51837,1032,2,2800,0.05
3335,51837,1075,2,4300,0.05
3336,51837,1028,1,2350,0.05
3337,51838,1045,1,3250,0
3338,51838,1008,2,60450,0.05
3339,51838,1083,1,11100,0
3340,51838,1013,1,19300,0.1
3341,51839,1043,1,1050,0
3342,51839,1065,1,250,0
3343,51840,1009,2,69500,0.1
3344,51840,1017,1,41900,0.1
3345,51840,1078,1,2550,0
3346,51841,1032,1,2800,0.1
3347,51842,1012,2,3650,0
3348,51842,1037,2,4100,0
3349,51843,1005,2,46200,0
3350,51843,1091,1,1450,0
3351,51843,1051,1,700,0
3352,51843,1084,1,3550,0.1
3353,51844,1027,2,4700,0.05
3354,51845,1076,1,6950,0
3355,51845,1012,2,3650,0.1
3356,51846,1081,1,6750,0.1
3357,51847,1065,1,250,0
3358,51848,1065,1,250,0
3359,51848,1058,1,500,0.1
3360,51848,1070,1,2500,0.1
3361,51849,1076,1,6950,0
3362,51850,1018,1,5900,0.1
3363,51850,1044,1,900,0
3364,51851,1052,1,1000,0
3365,51852,1040,1,4750,0
3366,51852,1060,1,750,0
3367,51853,1037,2,4100,0
3368,51854,1098,1,3700,0.1
3369,51854,1086,1,900,0.1
3370,51855,1053,2,1950,0
3371,51856,1041,1,2100,0.15
3372,51856,1097,1,4550,0.1
3373,51857,1073,1,10250,0.05
3374,51857,1087,1,3500,0.1
3375,51858,1002,2,31150,0.05
3376,51858,1006,2,12550,0.1
3377,51859,1041,1,2100,0.05
3378,51860,1033,1,2750,0
3379,51861,1017,1,41900,0.05
3380,51862,1076,1,6950,0.05
3381,51862,1082,1,5100,0
3382,51863,1035,1,5050,0
3383,51864,1024,1,4450,0
3384,51865,1063,1,1700,0.05
3385,51866,1100,1,2550,0.05
3386,51867,1086,1,900,0.05
3387,51867,1025,1,2800,0
3388,51867,1078,3,2550,0.05
3389,51868,1018,1,5900,0
3390,51868,1072,1,3850,0.05
3391,51869,1078,1,2550,0.05
3392,51870,1085,1,6000,0
3393,51871,1007,1,54700,0
3394,51871,1057,1,650,0.15
3395,51872,1072,1,3850,0.1
3396,51873,1073,1,10250,0.05
3397,51873,1082,1,5100,0.1
3398,51874,1003,1,17250,0
3399,51874,1068,2,10300,0
3400,51874,1042,1,6050,0.1
3401,51875,1019,2,2150,0.1
3402,51875,1027,1,4700,0.05
3403,51876,1039,1,2400,0.1
3404,51877,1078,1,2550,0
3405,51877,1092,1,5950,0
3406,51877,1022,1,2900,0.05
3407,51878,1056,1,950,0
3408,51878,1054,1,2100,0.15
3409,51879,1012,1,3650,0
3410,51879,1070,1,2500,0
3411,51880,1095,2,1650,0.05
3412,51881,1079,3,10450,0.05
3413,51881,1022,3,2900,0.1
3414,51881,1035,2,5050,0.05
3415,51882,1080,1,500,0.15
3416,51882,1047,1,4300,0
3417,51883,1030,1,1100,0.1
3418,51883,1086,3,900,0
3419,51883,1039,1,2400,0.1
3420,51884,1016,1,37450,0
3421,51884,1051,1,700,0.05
3422,51885,1027,3,4700,0.05
3423,51885,1064,2,2000,0.05
3424,51886,1012,2,3650,0
3425,51886,1100,2,2550,0
3426,51886,1087,1,3500,0.05
3427,51887,1081,1,6750,0.05
3428,51888,1028,1,2350,0
3429,51889,1098,1,3700,0.05
3430,51890,1071,1,9700,0
3431,51891,1071,1,9700,0
3432,51892,1024,1,4450,0.1
3433,51892,1080,2,500,0
3434,51892,1045,2,3250,0
3435,51893,1090,1,3400,0
3436,51893,1089,1,1200,0.05
3437,51893,1002,3,31150,0.05
3438,51894,1044,2,900,0.1
3439,51895,1038,2,1700,0.05
3440,51896,1028,2,2350,0.05
3441,51897,1010,1,45950,0.05
3442,51898,1015,3,25000,0
3443,51898,1060,1,750,0.05
3444,51899,1069,2,1900,0.1
3445,51899,1024,1,4450,0.05
3446,51900,1067,2,1950,0.05
3447,51900,1002,2,31150,0
3448,51901,1023,1,2350,0
3449,51901,1027,1,4700,0
3450,51902,1028,1,2350,0.05
3451,51902,1023,1,2350,0.05
3452,51902,1034,1,2400,0.05
3453,51903,1084,2,3550,0.1
3454,51904,1056,1,950,0
3455,51905,1096,1,2950,0
3456,51905,1028,1,2350,0
3457,51906,1065,1,250,0.1
3458,51907,1095,1,1650,0
3459,51907,1069,1,1900,0
3460,51908,1051,2,700,0.1
3461,51909,1003,1,17250,0
3462,51910,1088,2,5250,0.1
3463,51911,1037,1,4100,0
3464,51911,1087,1,3500,0
3465,51911,1002,1,31150,0.05
3466,51912,1042,2,6050,0
3467,51913,1041,1,2100,0
3468,51914,1030,2,1100,0.05
3469,51915,1007,1,54700,0.05
3470,51915,1094,1,5200,0
3471,51916,1038,2,1700,0
3472,51917,1092,2,5950,0
3473,51918,1059,1,600,0.15
3474,51919,1071,1,9700,0
3475,51919,1024,1,4450,0.1
3476,51920,1012,2,3650,0
3477,51921,1026,2,5000,0.05
3478,51922,1006,1,12550,0
3479,51922,1047,1,4300,0
3480,51923,1035,2,5050,0.05
3481,51923,1061,1,1600,0.05
3482,51924,1057,1,650,0.1
3483,51925,1081,2,6750,0.1
3484,51925,1085,1,6000,0
3485,51925,1012,2,3650,0.05
3486,51925,1021,1,1250,0
3487,51926,1070,1,2500,0
3488,51926,1085,1,6000,0.15
3489,51926,1067,2,1950,0
3490,51927,1064,1,2000,0
3491,51927,1089,2,1200,0.05
3492,51928,1052,2,1000,0
3493,51929,1013,1,19300,0
3494,51930,1062,2,1450,0
3495,51931,1020,1,5150,0.05
3496,51932,1030,2,1100,0
3497,51932,1040,1,4750,0
3498,51932,1058,1,500,0
3499,51932,1065,1,250,0
3500,51933,1069,1,1900,0.05
3501,51933,1035,2,5050,0
3502,51934,1059,3,600,0.05
3503,51935,1081,2,6750,0.05
3504,51936,1021,2,1250,0
3505,51936,1090,2,3400,0
3506,51937,1026,1,5000,0.05
3507,51937,1092,2,5950,0
3508,51938,1059,1,600,0.05
3509,51939,1087,1,3500,0
3510,51939,1045,1,3250,0.05
3511,51940,1022,1,2900,0
3512,51940,1020,3,5150,0
3513,51941,1001,2,68450,0.05
3514,51942,1055,1,2100,0
3515,51943,1018,1,5900,0
3516,51944,1044,1,900,0
3517,51944,1023,2,2350,0.05
3518,51944,1054,1,2100,0
3519,51945,1036,1,4550,0
3520,51946,1084,1,3550,0.1
3521,51946,1040,2,4750,0
3522,51947,1074,1,1850,0.15
3523,51948,1022,2,2900,0.05
3524,51948,1098,1,3700,0
3525,51949,1049,1,3850,0.1
3526,51949,1031,1,3400,0.05
3527,51950,1035,1,5050,0
3528,51950,1097,1,4550,0
3529,51950,1063,1,1700,0.05
3530,51951,1033,1,2750,0
3531,51952,1080,1,500,0.05
3532,51952,1068,2,10300,0
3533,51952,1064,2,2000,0
3534,51953,1048,3,2700,0.05
3535,51954,1036,1,4550,0.05
3536,51955,1007,2,54700,0.05
3537,51955,1044,1,900,0.05
3538,51955,1060,3,750,0
3539,51956,1052,3,1000,0.1
3540,51957,1082,2,5100,0
3541,51957,1088,1,5250,0
3542,51958,1010,1,45950,0
3543,51958,1035,2,5050,0.05
3544,51958,1081,1,6750,0
3545,51959,1053,2,1950,0.1
3546,51959,1032,1,2800,0.1
3547,51960,1009,1,69500,0.05
3548,51960,1067,1,1950,0
3549,51960,1063,1,1700,0.1
3550,51961,1011,1,63300,0
3551,51962,1001,1,68450,0.15
3552,51963,1033,2,2750,0
3553,51964,1080,1,500,0.1
3554,51965,1066,1,600,0
3555,51965,1030,1,1100,0.1
3556,51965,1082,1,5100,0.05
3557,51965,1018,1,5900,0
3558,51966,1051,1,700,0.05
3559,51966,1098,1,3700,0.15
3560,51967,1005,2,46200,0.05
3561,51968,1035,1,5050,0
3562,51969,1063,1,1700,0.05
3563,51970,1092,3,5950,0.05
3564,51971,1042,1,6050,0.1
3565,51971,1095,1,1650,0.15
3566,51972,1028,2,2350,0.05
3567,51972,1097,1,4550,0
3568,51973,1064,1,2000,0
3569,51974,1027,1,4700,0
3570,51974,1050,1,6550,0.05
3571,51975,1078,2,2550,0.05
3572,51975,1035,1,5050,0.1
3573,51976,1008,3,60450,0
3574,51977,1018,1,5900,0.05
3575,51977,1068,1,10300,0.05
3576,51978,1080,1,500,0
3577,51978,1054,1,2100,0.1
3578,51979,1011,1,63300,0
3579,51979,1022,1,2900,0
3580,51980,1084,1,3550,0
3581,51981,1036,1,4550,0
3582,51981,1045,1,3250,0.1
3583,51982,1048,1,2700,0
3584,51983,1032,1,2800,0
3585,51984,1005,2,46200,0
3586,51984,1058,1,500,0
3587,51985,1029,2,5950,0
3588,51985,1063,2,1700,0.1
3589,51986,1020,1,5150,0.1
3590,51986,1043,2,1050,0.05
3591,51986,1010,2,45950,0
3592,51987,1007,1,54700,0
3593,51987,1011,1,63300,0
3594,51987,1085,1,6000,0.1
3595,51988,1073,2,10250,0.15
3596,51988,1088,1,5250,0
3597,51989,1033,1,2750,0.05
3598,51990,1019,2,2150,0.05
3599,51990,1008,1,60450,0
3600,51991,1072,1,3850,0
3601,51992,1017,1,41900,0
3602,51993,1041,2,2100,0.05
3603,51993,1029,1,5950,0.15
3604,51994,1062,1,1450,0
3605,51994,1049,1,3850,0
3606,51995,1096,1,2950,0
3607,51995,1022,1,2900,0
3608,51996,1053,1,1950,0.05
3609,51997,1058,1,500,0.05
3610,51997,1019,2,2150,0.15
3611,51998,1028,1,2350,0
3612,51999,1009,1,69500,0
3613,51999,1062,3,1450,0.05
3614,51999,1011,1,63300,0
3615,51999,1050,2,6550,0
3616,52000,1032,1,2800,0.1
3617,52000,1054,1,2100,0
3618,52001,1026,1,5000,0.1
3619,52001,1012,1,3650,0.05
3620,52002,1075,1,4300,0
3621,52003,1053,2,1950,0.1
3622,52003,1064,1,2000,0.1
3623,52004,1059,1,600,0
3624,52005,1008,1,60450,0.15
3625,52005,1027,1,4700,0
3626,52006,1046,2,2050,0.05
3627,52007,1049,1,3850,0.05
3628,52008,1007,1,54700,0.05
3629,52009,1025,2,2800,0
3630,52009,1084,1,3550,0.05
3631,52010,1067,2,1950,0
3632,52010,1041,1,2100,0
3633,52010,1044,1,900,0.1
3634,52010,1096,1,2950,0
3635,52011,1014,1,37800,0.15
3636,52012,1065,1,250,0
3637,52013,1054,3,2100,0.05
3638,52013,1037,1,4100,0
3639,52013,1072,1,3850,0.1
3640,52014,1023,1,2350,0
3641,52015,1022,1,2900,0
3642,52015,1045,2,3250,0.15
3643,52015,1086,1,900,0
3644,52016,1048,1,2700,0.05
3645,52017,1078,1,2550,0.1
3646,52017,1011,1,63300,0.15
3647,52018,1011,1,63300,0
3648,52018,1050,1,6550,0.05
3649,52019,1036,2,4550,0
3650,52019,1041,3,2100,0.15
3651,52020,1099,1,1950,0
3652,52021,1010,3,45950,0
3653,52022,1095,1,1650,0
3654,52022,1068,1,10300,0
3655,52022,1049,1,3850,0.05
3656,52022,1064,2,2000,0.05
3657,52023,1088,1,5250,0
3658,52024,1087,1,3500,0
3659,52024,1097,1,4550,0
3660,52024,1030,1,1100,0
3661,52025,1089,1,1200,0
3662,52026,1082,1,5100,0.05
3663,52026,1064,1,2000,0.05
3664,52027,1085,1,6000,0.05
3665,52028,1088,2,5250,0
3666,52029,1023,1,2350,0.05
3667,52029,1063,1,1700,0.05
3668,52030,1017,2,41900,0.1
3669,52031,1044,1,900,0
3670,52031,1012,2,3650,0.05
3671,52031,1046,1,2050,0
3672,52032,1015,1,25000,0.1
3673,52032,1089,1,1200,0
3674,52033,1075,3,4300,0.05
3675,52033,1039,1,2400,0.05
3676,52034,1002,1,31150,0.1
3677,52035,1015,1,25000,0.05
3678,52035,1010,1,45950,0
3679,52036,1010,1,45950,0.05
3680,52036,1066,1,600,0
3681,52036,1020,2,5150,0.05
3682,52037,1095,1,1650,0.1
3683,52037,1040,2,4750,0.05
3684,52038,1074,2,1850,0.05
3685,52038,1097,3,4550,0.05
3686,52039,1029,1,5950,0
3687,52040,1027,1,4700,0.1
3688,52041,1045,2,3250,0.05
3689,52042,1001,2,68450,0
3690,52043,1092,1,5950,0
3691,52043,1099,1,1950,0
3692,52044,1065,1,250,0.15
3693,52044,1055,1,2100,0.1
3694,52045,1050,1,6550,0.1
3695,52046,1025,1,2800,0
3696,52047,1059,1,600,0.05
3697,52048,1067,2,1950,0
3698,52048,1040,1,4750,0
3699,52049,1096,1,2950,0
3700,52050,1099,1,1950,0.05
3701,52051,1049,2,3850,0
3702,52051,1027,1,4700,0
3703,52052,1015,1,25000,0.05
3704,52053,1070,2,2500,0.05
3705,52053,1001,1,68450,0
3706,52053,1088,1,5250,0
3707,52053,1055,1,2100,0
3708,52054,1086,1,900,0.05
3709,52054,1009,1,69500,0.1
3710,52054,1091,1,1450,0.1
3711,52055,1082,1,5100,0
3712,52055,1051,1,700,0.1
3713,52055,1055,1,2100,0
3714,52056,1054,3,2100,0
3715,52057,1025,1,2800,0.05
3716,52058,1086,1,900,0.15
3717,52058,1085,1,6000,0
3718,52059,1089,1,1200,0.05
3719,52060,1033,2,2750,0
3720,52061,1043,1,1050,0
3721,52061,1054,2,2100,0.1
3722,52061,1058,2,500,0
3723,52061,1013,1,19300,0
3724,52062,1017,2,41900,0
3725,52062,1090,1,3400,0.1
3726,52063,1078,1,2550,0
3727,52063,1010,2,45950,0.15
3728,52064,1022,2,2900,0
3729,52064,1001,1,68450,0.05
3730,52065,1074,1,1850,0
3731,52066,1057,1,650,0.1
3732,52066,1053,1,1950,0
3733,52066,1045,2,3250,0.1
3734,52067,1042,1,6050,0.1
3735,52067,1085,1,6000,0
3736,52068,1040,1,4750,0
3737,52069,1096,2,2950,0.05
3738,52070,1053,1,1950,0.1
3739,52070,1051,2,700,0.05
3740,52071,1003,2,17250,0.1
3741,52071,1100,1,2550,0.1
3742,52072,1090,1,3400,0
3743,52072,1048,1,2700,0
3744,52072,1077,2,2450,0.05
3745,52073,1098,3,3700,0.1
3746,52073,1047,2,4300,0
3747,52074,1100,1,2550,0
3748,52075,1014,1,37800,0
3749,52076,1068,1,10300,0
3750,52077,1086,1,900,0.1
3751,52078,1092,2,5950,0
3752,52078,1028,1,2350,0
3753,52078,1071,2,9700,0.05
3754,52079,1029,1,5950,0
3755,52079,1057,1,650,0
3756,52080,1049,1,3850,0
3757,52080,1047,1,4300,0.05
3758,52081,1085,2,6000,0
3759,52082,1025,1,2800,0
3760,52082,1076,1,6950,0.1
3761,52082,1053,1,1950,0
3762,52083,1001,2,68450,0.15
3763,52083,1076,1,6950,0
3764,52084,1096,1,2950,0
3765,52084,1031,1,3400,0.15
3766,52085,1021,1,1250,0.15
3767,52086,1023,2,2350,0
3768,52086,1055,1,2100,0.15
3769,52087,1088,1,5250,0
3770,52087,1005,1,46200,0
3771,52087,1073,1,10250,0
3772,52088,1099,1,1950,0
3773,52088,1094,2,5200,0.05
3774,52089,1058,1,500,0
3775,52089,1027,1,4700,0.1
3776,52089,1067,1,1950,0.05
3777,52090,1052,2,1000,0
3778,52091,1071,1,9700,0.05
3779,52091,1078,1,2550,0.05
3780,52091,1036,1,4550,0.05
3781,52091,1014,1,37800,0
3782,52092,1085,1,6000,0
3783,52093,1081,1,6750,0
3784,52094,1026,1,5000,0
3785,52094,1097,2,4550,0.05
3786,52095,1009,1,69500,0
3787,52095,1024,1,4450,0.1
3788,52096,1088,1,5250,0.1
3789,52097,1058,1,500,0
3790,52097,1087,2,3500,0
3791,52098,1094,2,5200,0.1
3792,52098,1068,2,10300,0.1
3793,52098,1074,2,1850,0.1
3794,52099,1079,2,10450,0
3795,52100,1038,1,1700,0
3796,52100,1086,1,900,0.05
3797,52101,1097,1,4550,0
3798,52102,1058,1,500,0
3799,52102,1091,1,1450,0.05
3800,52103,1045,1,3250,0.05
3801,52103,1040,1,4750,0
3802,52104,1061,1,1600,0
3803,52105,1058,1,500,0.05
3804,52106,1086,1,900,0
3805,52106,1072,1,3850,0
3806,52107,1057,2,650,0
3807,52107,1041,1,2100,0.05
3808,52108,1002,1,31150,0
3809,52109,1015,2,25000,0
3810,52109,1077,2,2450,0
3811,52110,1044,2,900,0
3812,52111,1074,2,1850,0
3813,52112,1089,2,1200,0
3814,52113,1046,1,2050,0.15
3815,52113,1057,1,650,0.1
3816,52114,1042,2,6050,0.05
3817,52114,1018,2,5900,0.05
3818,52115,1067,1,1950,0
3819,52116,1041,1,2100,0
3820,52116,1095,1,1650,0.1
3821,52116,1056,1,950,0
3822,52117,1005,1,46200,0
3823,52118,1069,1,1900,0.05
3824,52118,1002,1,31150,0
3825,52118,1078,1,2550,0
3826,52119,1098,1,3700,0.05
3827,52120,1081,1,6750,0.05
3828,52121,1031,2,3400,0.1
3829,52122,1080,3,500,0
3830,52123,1042,1,6050,0
3831,52124,1044,2,900,0.1
3832,52124,1093,1,1750,0
3833,52124,1061,1,1600,0
3834,52125,1035,2,5050,0
3835,52125,1087,1,3500,0
3836,52125,1095,1,1650,0.05
3837,52126,1089,2,1200,0
3838,52126,1066,2,600,0.15
3839,52127,1024,3,4450,0.15
3840,52128,1088,1,5250,0.05
3841,52129,1057,2,650,0
3842,52129,1097,1,4550,0.05
3843,52130,1079,2,10450,0.15
3844,52130,1020,1,5150,0.1
3845,52130,1023,3,2350,0.1
3846,52131,1097,1,4550,0.1
3847,52132,1024,1,4450,0
3848,52132,1045,2,3250,0.1
3849,52132,1031,1,3400,0
3850,52133,1079,1,10450,0.05
3851,52133,1022,2,2900,0
3852,52133,1041,1,2100,0
3853,52134,1029,1,5950,0.1
3854,52135,1061,1,1600,0.05
3855,52136,1058,1,500,0.1
3856,52137,1013,1,19300,0.1
3857,52138,1018,1,5900,0
3858,52139,1068,1,10300,0.1
3859,52140,1050,3,6550,0
3860,52140,1038,1,1700,0
3861,52141,1069,1,1900,0
3862,52141,1023,1,2350,0
3863,52141,1027,1,4700,0.1
3864,52142,1086,1,900,0
3865,52143,1032,1,2800,0.05
3866,52144,1021,2,1250,0.15
3867,52145,1031,1,3400,0
3868,52145,1027,1,4700,0.05
3869,52146,1086,1,900,0
3870,52146,1064,1,2000,0.1
3871,52147,1091,1,1450,0.1
3872,52147,1029,1,5950,0.15
3873,52147,1088,1,5250,0
3874,52148,1097,3,4550,0.05
3875,52149,1010,1,45950,0
3876,52150,1059,2,600,0.1
3877,52150,1079,1,10450,0
3878,52151,1014,1,37800,0.05
3879,52152,1011,1,63300,0.15
3880,52152,1005,1,46200,0
3881,52153,1050,2,6550,0
3882,52154,1057,1,650,0
3883,52154,1034,1,2400,0.05
3884,52155,1049,1,3850,0.15
3885,52155,1018,1,5900,0.05
3886,52155,1040,1,4750,0
3887,52156,1029,1,5950,0
3888,52156,1019,1,2150,0.05
3889,52156,1010,1,45950,0
3890,52157,1035,2,5050,0.1
3891,52158,1009,1,69500,0
3892,52159,1067,1,1950,0
3893,52160,1045,1,3250,0.05
3894,52161,1013,1,19300,0
3895,52162,1100,1,2550,0
3896,52162,1016,1,37450,0.1
3897,52163,1009,1,69500,0.1
3898,52163,1022,1,2900,0
3899,52164,1021,2,1250,0
3900,52164,1001,3,68450,0.1
3901,52165,1024,1,4450,0.1
3902,52165,1007,1,54700,0
3903,52166,1071,3,9700,0
3904,52166,1001,1,68450,0
3905,52166,1016,3,37450,0.1
3906,52167,1030,1,1100,0.05
3907,52167,1092,1,5950,0
3908,52168,1032,2,2800,0.05
3909,52169,1097,1,4550,0
3910,52170,1031,1,3400,0.05
3911,52171,1087,2,3500,0
3912,52172,1033,1,2750,0.05
3913,52173,1072,2,3850,0
3914,52173,1097,1,4550,0
3915,52173,1046,1,2050,0
3916,52174,1084,2,3550,0.05
3917,52174,1032,1,2800,0
3918,52175,1097,2,4550,0.05
3919,52175,1035,1,5050,0
3920,52175,1086,1,900,0.05
3921,52175,1066,2,600,0
3922,52176,1007,1,54700,0
3923,52177,1073,1,10250,0
3924,52177,1014,1,37800,0
3925,52178,1091,1,1450,0
3926,52179,1036,1,4550,0.05
3927,52179,1068,1,10300,0
3928,52180,1036,1,4550,0
3929,52181,1029,1,5950,0.05
3930,52182,1061,1,1600,0.05
3931,52182,1034,1,2400,0
3932,52182,1014,1,37800,0
3933,52183,1017,2,41900,0.05
3934,52184,1040,1,4750,0
3935,52185,1018,1,5900,0.1
3936,52186,1048,1,2700,0
3937,52186,1017,1,41900,0
3938,52186,1089,1,1200,0
3939,52186,1056,1,950,0
3940,52187,1034,2,2400,0.05
3941,52188,1032,1,2800,0.1
3942,52189,1066,1,600,0
3943,52189,1030,3,1100,0.1
3944,52189,1097,1,4550,0.05
3945,52190,1051,1,700,0.05
3946,52190,1006,1,12550,0
3947,52191,1031,2,3400,0
3948,52191,1038,1,1700,0.1
3949,52191,1091,1,1450,0.05
3950,52192,1094,1,5200,0.05
3951,52193,1005,1,46200,0.05
3952,52193,1036,1,4550,0
3953,52193,1098,1,3700,0.05
3954,52194,1044,1,900,0
3955,52194,1074,1,1850,0
3956,52195,1099,1,1950,0
3957,52195,1088,1,5250,0.1
3958,52196,1075,1,4300,0.05
3959,52196,1013,1,19300,0
3960,52196,1007,1,54700,0.15
3961,52197,1036,1,4550,0.1
3962,52197,1028,2,2350,0.1
3963,52198,1065,1,250,0.1
3964,52198,1059,1,600,0
3965,52199,1050,1,6550,0
3966,52199,1041,1,2100,0
3967,52200,1069,2,1900,0
3968,52201,1058,2,500,0
3969,52201,1015,2,25000,0.05
3970,52202,1019,2,2150,0.05
3971,52203,1098,1,3700,0.05
3972,52203,1072,1,3850,0.05
3973,52203,1080,1,500,0.15
3974,52204,1052,1,1000,0
3975,52204,1004,1,58800,0
3976,52205,1048,1,2700,0
3977,52205,1025,1,2800,0
3978,52206,1016,1,37450,0
3979,52207,1064,1,2000,0.1
3980,52208,1033,1,2750,0.1
3981,52208,1071,1,9700,0
3982,52209,1035,2,5050,0
3983,52209,1005,1,46200,0
3984,52210,1094,1,5200,0.15
3985,52211,1099,3,1950,0
3986,52212,1021,2,1250,0.05
3987,52212,1023,2,2350,0.05
3988,52213,1027,1,4700,0.15
3989,52213,1096,1,2950,0.05
3990,52214,1048,1,2700,0.1
3991,52215,1025,1,2800,0.1
3992,52215,1053,1,1950,0
3993,52216,1060,2,750,0.05
3994,52217,1032,2,2800,0.1
3995,52217,1086,1,900,0.15
3996,52217,1062,2,1450,0
3997,52217,1009,1,69500,0.05
3998,52218,1064,1,2000,0
3999,52218,1059,1,600,0
4000,52219,1029,1,5950,0
4001,52219,1090,2,3400,0
4002,52220,1038,1,1700,0.1
4003,52221,1064,1,2000,0
4004,52222,1015,3,25000,0.1
4005,52223,1089,1,1200,0
4006,52223,1060,2,750,0
4007,52224,1038,3,1700,0
4008,52224,1023,1,2350,0.05
4009,52225,1066,1,600,0
4010,52226,1051,1,700,0.1
4011,52227,1019,2,2150,0
4012,52228,1051,1,700,0.05
4013,52228,1082,3,5100,0
4014,52228,1030,1,1100,0
4015,52228,1074,1,1850,0
4016,52229,1066,1,600,0
4017,52229,1021,1,1250,0.05
4018,52229,1084,1,3550,0.05
4019,52229,1006,1,12550,0
4020,52230,1009,1,69500,0
4021,52231,1029,2,5950,0.05
4022,52231,1012,2,3650,0.05
4023,52231,1018,1,5900,0
4024,52231,1020,3,5150,0
4025,52232,1082,1,5100,0
4026,52233,1053,3,1950,0
4027,52234,1065,1,250,0
4028,52234,1096,1,2950,0
4029,52235,1067,1,1950,0
4030,52236,1049,2,3850,0
4031,52237,1084,1,3550,0
4032,52237,1072,2,3850,0
4033,52238,1057,1,650,0.05
4034,52239,1002,2,31150,0
4035,52239,1047,1,4300,0
4036,52239,1021,2,1250,0
4037,52239,1080,1,500,0
4038,52240,1090,1,3400,0.05
4039,52240,1070,2,2500,0
4040,52241,1052,1,1000,0
4041,52242,1043,1,1050,0
4042,52242,1086,1,900,0.1
4043,52243,1089,1,1200,0.05
4044,52243,1047,1,4300,0.05
4045,52244,1023,1,2350,0
4046,52245,1043,1,1050,0
4047,52246,1064,1,2000,0
4048,52247,1098,1,3700,0
4049,52248,1090,2,3400,0
4050,52249,1019,1,2150,0.05
4051,52250,1058,1,500,0
4052,52250,1006,3,12550,0
4053,52250,1095,1,1650,0
4054,52251,1079,1,10450,0
4055,52252,1085,1,6000,0.1
4056,52252,1033,2,2750,0.05
4057,52253,1094,2,5200,0.05
4058,52253,1016,1,37450,0.1
4059,52253,1018,1,5900,0.05
4060,52254,1066,1,600,0.05
4061,52255,1084,2,3550,0.05
4062,52256,1025,1,2800,0.05
4063,52257,1071,2,9700,0
4064,52257,1095,1,1650,0.1
4065,52257,1015,1,25000,0.15
4066,52257,1089,1,1200,0.1
4067,52258,1076,1,6950,0
4068,52258,1005,1,46200,0
4069,52258,1082,1,5100,0
4070,52259,1018,3,5900,0
4071,52260,1056,2,950,0
4072,52260,1058,1,500,0.05
4073,52260,1055,2,2100,0
4074,52261,1100,1,2550,0
4075,52262,1080,2,500,0
4076,52262,1066,2,600,0.05
4077,52262,1072,1,3850,0.1
4078,52263,1020,1,5150,0.05
4079,52263,1001,1,68450,0
4080,52263,1032,1,2800,0.05
4081,52264,1016,1,37450,0
4082,52264,1098,2,3700,0.05
4083,52264,1054,1,2100,0
4084,52265,1008,1,60450,0.05
4085,52265,1039,1,2400,0
4086,52266,1046,1,2050,0
4087,52267,1091,1,1450,0.1
4088,52267,1073,2,10250,0.1
4089,52267,1042,1,6050,0.15
4090,52268,1071,1,9700,0.1
4091,52268,1063,1,1700,0.1
4092,52268,1050,1,6550,0.05
4093,52269,1047,1,4300,0
4094,52269,1063,1,1700,0
4095,52269,1033,1,2750,0.05
4096,52270,1005,1,46200,0
4097,52271,1019,1,2150,0.05
4098,52271,1087,1,3500,0.1
4099,52271,1082,1,5100,0
4100,52272,1049,1,3850,0
4101,52273,1019,1,2150,0
4102,52273,1059,1,600,0.05
4103,52274,1044,1,900,0
4104,52275,1078,2,2550,0
4105,52275,1091,1,1450,0.15
4106,52276,1100,2,2550,0.1
4107,52276,1005,2,46200,0.1
4108,52276,1021,2,1250,0
4109,52277,1087,1,3500,0.05
4110,52277,1004,1,58800,0.1
4111,52278,1098,1,3700,0
4112,52279,1028,1,2350,0.15
4113,52280,1032,1,2800,0
4114,52281,1095,2,1650,0
4115,52281,1090,1,3400,0
4116,52281,1016,1,37450,0.05
4117,52282,1082,1,5100,0.05
4118,52283,1018,1,5900,0.1
4119,52283,1097,1,4550,0.1
4120,52284,1066,1,600,0
4121,52284,1033,1,2750,0
4122,52285,1058,1,500,0.1
4123,52285,1061,2,1600,0.05
4124,52286,1037,1,4100,0.05
4125,52286,1019,2,2150,0
4126,52286,1018,1,5900,0
4127,52287,1099,1,1950,0
4128,52287,1024,1,4450,0
4129,52288,1067,1,1950,0
4130,52289,1037,1,4100,0
4131,52289,1068,1,10300,0
4132,52289,1040,1,4750,0.1
4133,52290,1070,2,2500,0
4134,52290,1065,2,250,0.1
4135,52291,1037,1,4100,0.05
4136,52291,1060,1,750,0.05
4137,52292,1065,2,250,0
4138,52293,1050,1,6550,0.15
4139,52294,1023,1,2350,0
4140,52294,1068,1,10300,0
4141,52295,1053,1,1950,0
4142,52296,1076,1,6950,0.15
4143,52296,1038,1,1700,0.05
4144,52297,1098,1,3700,0
4145,52297,1073,1,10250,0.05
4146,52298,1074,1,1850,0.05
4147,52299,1042,1,6050,0.15
4148,52299,1075,1,4300,0.05
4149,52300,1081,1,6750,0.05
4150,52301,1028,1,2350,0.05
4151,52302,1065,1,250,0.1
4152,52302,1075,1,4300,0.15
4153,52303,1087,1,3500,0
4154,52303,1060,1,750,0
4155,52303,1073,2,10250,0
4156,52304,1016,2,37450,0
4157,52304,1003,1,17250,0.05
4158,52305,1008,1,60450,0
4159,52306,1042,1,6050,0
4160,52307,1098,1,3700,0
4161,52307,1006,1,12550,0.05
4162,52308,1002,1,31150,0
4163,52308,1085,1,6000,0.1
4164,52309,1024,1,4450,0
4165,52309,1035,2,5050,0.1
4166,52310,1089,1,1200,0.05
4167,52310,1076,1,6950,0.1
4168,52310,1051,1,700,0
4169,52310,1055,3,2100,0
4170,52311,1096,1,2950,0.05
4171,52311,1043,2,1050,0
4172,52312,1030,2,1100,0
4173,52313,1064,1,2000,0.1
4174,52313,1057,2,650,0
4175,52314,1069,1,1900,0
4176,52314,1062,1,1450,0
4177,52315,1012,1,3650,0
4178,52316,1088,1,5250,0.05
4179,52316,1081,3,6750,0
4180,52317,1077,3,2450,0
4181,52317,1005,1,46200,0
4182,52317,1062,2,1450,0.1
4183,52317,1034,1,2400,0
4184,52318,1012,2,3650,0
4185,52318,1059,2,600,0
4186,52318,1016,1,37450,0.05
4187,52319,1007,2,54700,0
4188,52319,1028,3,2350,0.1
4189,52319,1020,1,5150,0
4190,52319,1045,1,3250,0.05
4191,52320,1049,1,3850,0.05
4192,52320,1063,1,1700,0.05
4193,52321,1064,1,2000,0.05
4194,52322,1060,2,750,0
4195,52323,1010,1,45950,0
4196,52323,1024,1,4450,0.05
4197,52324,1086,1,900,0.05
4198,52324,1031,1,3400,0.15
4199,52325,1039,1,2400,0.05
4200,52326,1009,1,69500,0
4201,52326,1081,2,6750,0
4202,52327,1051,1,700,0
4203,52328,1007,1,54700,0
4204,52328,1046,1,2050,0.05
4205,52329,1092,2,5950,0.05
4206,52329,1083,1,11100,0.05
4207,52329,1008,1,60450,0.1
4208,52329,1039,2,2400,0.1
4209,52330,1081,1,6750,0.05
4210,52330,1086,1,900,0
4211,52331,1098,1,3700,0.05
4212,52331,1077,1,2450,0
4213,52331,1041,1,2100,0
4214,52332,1099,1,1950,0.15
4215,52332,1005,1,46200,0.1
4216,52333,1098,1,3700,0
4217,52334,1062,1,1450,0
4218,52334,1002,1,31150,0.1
4219,52335,1017,1,41900,0.05
4220,52336,1003,1,17250,0
4221,52337,1037,1,4100,0
4222,52337,1010,1,45950,0.05
4223,52337,1047,1,4300,0
4224,52338,1083,1,11100,0.05
4225,52338,1048,2,2700,0.1
4226,52339,1047,1,4300,0
4227,52339,1044,1,900,0
4228,52340,1042,1,6050,0
4229,52340,1072,3,3850,0
4230,52341,1099,1,1950,0.1
4231,52341,1019,1,2150,0.1
4232,52342,1019,1,2150,0
4233,52343,1093,2,1750,0
4234,52344,1039,2,2400,0
4235,52344,1063,1,1700,0.1
4236,52345,1087,1,3500,0
4237,52346,1032,1,2800,0.15
4238,52346,1014,3,37800,0.1
4239,52346,1098,2,3700,0
4240,52347,1062,2,1450,0.1
4241,52347,1041,2,2100,0.1
4242,52347,1052,2,1000,0
4243,52348,1068,1,10300,0
4244,52349,1088,1,5250,0
4245,52349,1054,3,2100,0
4246,52350,1058,2,500,0.05
4247,52350,1069,3,1900,0
4248,52351,1038,2,1700,0
4249,52351,1050,1,6550,0
4250,52352,1074,1,1850,0
4251,52353,1019,2,2150,0.1
4252,52353,1020,1,5150,0.1
4253,52354,1010,1,45950,0
4254,52354,1045,1,3250,0.05
4255,52355,1041,1,2100,0.15
4256,52356,1041,2,2100,0
4257,52357,1004,1,58800,0.1
4258,52357,1080,1,500,0
4259,52358,1076,1,6950,0
4260,52359,1074,1,1850,0.05
4261,52360,1072,1,3850,0.1
4262,52361,1050,1,6550,0.05
4263,52361,1056,1,950,0.05
4264,52362,1065,1,250,0
4265,52362,1096,1,2950,0
4266,52362,1077,1,2450,0
4267,52363,1034,1,2400,0
4268,52363,1093,2,1750,0
4269,52364,1062,1,1450,0
4270,52365,1021,1,1250,0
4271,52366,1048,2,2700,0
4272,52366,1050,2,6550,0.05
4273,52367,1067,1,1950,0
4274,52367,1061,2,1600,0.05
4275,52368,1024,2,4450,0
4276,52369,1042,1,6050,0
4277,52369,1076,1,6950,0
4278,52369,1002,1,31150,0
4279,52370,1009,1,69500,0
4280,52370,1074,1,1850,0
4281,52371,1061,3,1600,0
4282,52371,1014,1,37800,0.1
4283,52372,1098,1,3700,0
4284,52372,1053,2,1950,0
4285,52373,1061,2,1600,0.1
4286,52373,1041,1,2100,0
4287,52374,1065,1,250,0.05
4288,52374,1024,2,4450,0.05
4289,52374,1094,1,5200,0.1
4290,52375,1084,1,3550,0.05
4291,52375,1071,1,9700,0
4292,52376,1007,1,54700,0
4293,52377,1066,1,600,0
4294,52377,1093,1,1750,0
4295,52378,1064,2,2000,0.1
4296,52378,1065,3,250,0.1
4297,52379,1088,1,5250,0.15
4298,52379,1083,1,11100,0
4299,52380,1079,2,10450,0.05
4300,52381,1088,1,5250,0
4301,52381,1011,1,63300,0
4302,52382,1019,1,2150,0
4303,52383,1043,1,1050,0.05
4304,52384,1016,1,37450,0
4305,52385,1099,2,1950,0
4306,52385,1093,1,1750,0.05
4307,52386,1076,1,6950,0
4308,52386,1071,1,9700,0.05
4309,52387,1041,2,2100,0.05
4310,52388,1095,1,1650,0.05
4311,52389,1028,2,2350,0.1
4312,52390,1090,1,3400,0.1
4313,52390,1004,2,58800,0
4314,52391,1100,1,2550,0
4315,52392,1058,2,500,0.1
4316,52393,1067,1,1950,0.1
4317,52393,1043,1,1050,0
4318,52393,1029,1,5950,0.15
4319,52394,1029,1,5950,0
4320,52395,1089,1,1200,0.15
4321,52395,1025,1,2800,0
4322,52395,1073,1,10250,0
4323,52396,1055,2,2100,0.1
4324,52397,1021,1,1250,0
4325,52398,1052,1,1000,0
4326,52399,1058,2,500,0.1
4327,52399,1032,1,2800,0
4328,52400,1097,2,4550,0
4329,52400,1082,1,5100,0
4330,52400,1086,1,900,0
4331,52401,1096,1,2950,0.05
4332,52401,1069,1,1900,0.05
4333,52401,1084,2,3550,0.1
4334,52402,1044,1,900,0
4335,52403,1020,1,5150,0
4336,52403,1006,2,12550,0
4337,52404,1060,2,750,0.1
4338,52405,1052,1,1000,0.05
4339,52406,1015,1,25000,0
4340,52406,1012,1,3650,0
4341,52407,1091,1,1450,0.05
4342,52408,1040,1,4750,0
4343,52409,1018,1,5900,0
4344,52409,1017,2,41900,0.05
4345,52410,1050,2,6550,0.05
4346,52410,1040,1,4750,0.05
4347,52410,1078,2,2550,0.1
4348,52411,1006,1,12550,0.05
4349,52411,1087,1,3500,0
4350,52412,1018,2,5900,0
4351,52413,1096,1,2950,0.05
4352,52413,1013,1,19300,0
4353,52414,1099,2,1950,0.05
4354,52414,1038,1,1700,0.05
4355,52415,1091,1,1450,0
4356,52415,1053,1,1950,0.1
4357,52416,1028,1,2350,0.1
4358,52417,1093,1,1750,0.1
4359,52418,1054,1,2100,0.1
4360,52418,1064,1,2000,0
4361,52419,1057,1,650,0.05
4362,52420,1064,2,2000,0.15
4363,52421,1051,3,700,0.15
4364,52422,1003,1,17250,0.05
4365,52423,1087,1,3500,0
4366,52423,1024,1,4450,0
4367,52424,1020,1,5150,0
4368,52425,1054,1,2100,0
4369,52426,1023,2,2350,0.1
4370,52426,1099,2,1950,0.05
4371,52427,1082,2,5100,0
4372,52427,1075,1,4300,0.05
4373,52428,1079,1,10450,0.1
4374,52428,1058,1,500,0
4375,52429,1055,2,2100,0
4376,52429,1005,2,46200,0.1
4377,52430,1033,2,2750,0
4378,52430,1058,2,500,0
4379,52430,1012,1,3650,0
4380,52431,1088,1,5250,0.05
4381,52431,1085,2,6000,0.05
4382,52431,1065,1,250,0.15
4383,52431,1095,1,1650,0.05
4384,52432,1015,2,25000,0.1
4385,52432,1029,1,5950,0
4386,52433,1018,1,5900,0.05
4387,52433,1003,1,17250,0
4388,52433,1078,1,2550,0
4389,52434,1061,1,1600,0.1
4390,52434,1086,1,900,0.05
4391,52434,1054,1,2100,0
4392,52435,1022,1,2900,0
4393,52436,1042,1,6050,0
4394,52437,1056,1,950,0.1
4395,52438,1033,2,2750,0.1
4396,52439,1002,1,31150,0
4397,52440,1081,1,6750,0
4398,52440,1047,1,4300,0
4399,52440,1099,1,1950,0.05
4400,52441,1068,2,10300,0.05
4401,52442,1020,1,5150,0
4402,52442,1051,1,700,0
4403,52443,1014,2,37800,0
4404,52443,1094,1,5200,0
4405,52444,1017,1,41900,0
4406,52444,1058,2,500,0
4407,52444,1093,1,1750,0.05
4408,52445,1038,1,1700,0.15
4409,52445,1098,1,3700,0
4410,52446,1074,1,1850,0.05
4411,52446,1038,2,1700,0
4412,52447,1064,3,2000,0.1
4413,52447,1021,2,1250,0
4414,52448,1078,2,2550,0
4415,52448,1001,1,68450,0
4416,52449,1098,1,3700,0
4417,52449,1024,1,4450,0.05
4418,52450,1062,1,1450,0
4419,52450,1058,1,500,0
4420,52450,1077,1,2450,0
4421,52451,1086,1,900,0
4422,52451,1094,1,5200,0
4423,52452,1055,1,2100,0
4424,52453,1065,2,250,0.05
4425,52453,1068,1,10300,0.1
4426,52454,1046,1,2050,0.1
4427,52455,1070,1,2500,0
4428,52455,1013,2,19300,0.1
4429,52456,1011,1,63300,0.1
4430,52456,1003,1,17250,0
4431,52457,1092,1,5950,0
4432,52458,1053,1,1950,0.15
4433,52458,1084,1,3550,0.05
4434,52458,1023,1,2350,0.1
4435,52458,1019,1,2150,0.05
4436,52459,1055,1,2100,0.1
4437,52459,1083,1,11100,0
4438,52460,1068,1,10300,0
4439,52461,1079,2,10450,0
4440,52461,1075,1,4300,0.05
4441,52461,1064,1,2000,0
4442,52462,1046,2,2050,0
4443,52462,1024,1,4450,0.1
4444,52463,1054,1,2100,0
4445,52463,1071,2,9700,0.05
4446,52464,1057,3,650,0
4447,52465,1059,2,600,0.1
4448,52465,1011,1,63300,0
4449,52466,1020,1,5150,0.1
4450,52466,1004,1,58800,0
4451,52466,1007,2,54700,0
4452,52467,1037,2,4100,0
4453,52467,1064,1,2000,0.05
4454,52467,1066,1,600,0
4455,52467,1042,1,6050,0
4456,52468,1023,2,2350,0
4457,52468,1020,1,5150,0
4458,52468,1077,1,2450,0.15
4459,52469,1038,1,1700,0.1
4460,52470,1038,2,1700,0
4461,52470,1063,1,1700,0
4462,52471,1047,1,4300,0.05
4463,52471,1077,1,2450,0.1
4464,52472,1074,3,1850,0.1
4465,52472,1023,1,2350,0
4466,52472,1095,1,1650,0.05
4467,52473,1082,1,5100,0.05
4468,52474,1070,1,2500,0
4469,52474,1032,2,2800,0.05
4470,52474,1064,3,2000,0.05
4471,52475,1057,2,650,0
4472,52476,1099,3,1950,0.05
4473,52476,1047,1,4300,0
4474,52477,1048,1,2700,0
4475,52477,1087,1,3500,0
4476,52477,1054,1,2100,0
4477,52478,1027,1,4700,0
4478,52479,1023,2,2350,0
4479,52480,1050,2,6550,0
4480,52481,1030,1,1100,0
4481,52481,1015,1,25000,0
4482,52481,1049,1,3850,0
4483,52482,1078,2,2550,0
4484,52483,1006,2,12550,0.05
4485,52483,1043,1,1050,0
4486,52484,1091,1,1450,0.1
4487,52484,1002,2,31150,0
4488,52485,1082,2,5100,0.15
4489,52485,1046,1,2050,0
4490,52485,1021,1,1250,0
4491,52486,1031,1,3400,0
4492,52487,1068,1,10300,0
4493,52487,1097,1,4550,0
4494,52487,1049,1,3850,0
4495,52488,1047,1,4300,0
4496,52488,1058,1,500,0
4497,52488,1057,1,650,0
4498,52488,1037,1,4100,0
4499,52489,1064,2,2000,0
4500,52489,1089,3,1200,0
4501,52489,1087,1,3500,0.1
4502,52490,1068,1,10300,0.1
4503,52490,1077,1,2450,0
4504,52490,1092,1,5950,0
4505,52491,1009,1,69500,0.05
4506,52492,1065,1,250,0
4507,52493,1054,1,2100,0
4508,52494,1010,2,45950,0
4509,52495,1012,2,3650,0
4510,52495,1074,1,1850,0.05
4511,52496,1084,1,3550,0.05
4512,52496,1007,1,54700,0
4513,52496,1070,2,2500,0.05
4514,52497,1052,1,1000,0
4515,52497,1012,1,3650,0
4516,52497,1060,1,750,0
4517,52498,1012,1,3650,0.05
4518,52499,1021,1,1250,0
4519,52500,1046,1,2050,0
4520,52500,1055,1,2100,0.05
4521,52501,1041,2,2100,0.05
4522,52501,1038,1,1700,0.1
4523,52501,1017,1,41900,0.15
4524,52502,1054,2,2100,0
4525,52503,1023,3,2350,0.05
4526,52503,1039,2,2400,0.1
4527,52504,1041,2,2100,0
4528,52504,1038,2,1700,0.05
4529,52504,1085,1,6000,0.15
4530,52504,1051,1,700,0
4531,52505,1096,1,2950,0
4532,52506,1008,1,60450,0.1
4533,52507,1013,1,19300,0
4534,52507,1081,1,6750,0.05
4535,52507,1090,1,3400,0
4536,52508,1055,1,2100,0.1
4537,52508,1033,1,2750,0.1
4538,52509,1041,1,2100,0
4539,52510,1014,2,37800,0
4540,52510,1013,3,19300,0.05
4541,52510,1089,2,1200,0.05
4542,52511,1031,1,3400,0.1
4543,52512,1077,1,2450,0
4544,52512,1088,1,5250,0.1
4545,52513,1049,1,3850,0.1
4546,52513,1007,1,54700,0.15
4547,52514,1042,2,6050,0
4548,52514,1082,1,5100,0
4549,52515,1090,1,3400,0.15
4550,52516,1061,2,1600,0
4551,52516,1032,1,2800,0
4552,52516,1056,2,950,0
4553,52517,1010,1,45950,0.1
4554,52517,1086,1,900,0.15
4555,52517,1090,2,3400,0
4556,52518,1096,1,2950,0
4557,52519,1074,1,1850,0
4558,52520,1022,1,2900,0.05
4559,52520,1073,1,10250,0
4560,52521,1074,1,1850,0.05
4561,52521,1020,1,5150,0
4562,52522,1027,2,4700,0.05
4563,52523,1010,1,45950,0.05
4564,52524,1035,1,5050,0.05
4565,52525,1049,1,3850,0.05
4566,52525,1023,2,2350,0
4567,52525,1095,3,1650,0.15
4568,52526,1065,2,250,0
4569,52527,1016,1,37450,0.1
4570,52527,1059,1,600,0.1
4571,52527,1075,1,4300,0
4572,52527,1043,1,1050,0
4573,52528,1001,2,68450,0.05
4574,52529,1097,1,4550,0.05
4575,52529,1055,1,2100,0.15
4576,52529,1016,1,37450,0
4577,52530,1091,1,1450,0
4578,52530,1064,1,2000,0
4579,52531,1033,2,2750,0
4580,52531,1024,2,4450,0.05
4581,52532,1005,1,46200,0
4582,52533,1084,1,3550,0
4583,52534,1037,1,4100,0.15
4584,52534,1019,1,2150,0.15
4585,52535,1043,1,1050,0.1
4586,52536,1099,1,1950,0.1
4587,52536,1074,1,1850,0
4588,52536,1047,1,4300,0.15
4589,52537,1086,2,900,0
4590,52538,1020,1,5150,0.05
4591,52539,1010,1,45950,0
4592,52539,1017,1,41900,0.1
4593,52539,1075,1,4300,0.05
4594,52539,1020,1,5150,0
4595,52540,1098,1,3700,0
4596,52541,1036,1,4550,0.1
4597,52541,1068,1,10300,0
4598,52541,1100,2,2550,0
4599,52541,1037,2,4100,0.1
4600,52542,1068,1,10300,0.05
4601,52542,1097,2,4550,0
4602,52543,1074,1,1850,0.1
4603,52543,1039,1,2400,0
4604,52544,1072,1,3850,0
4605,52544,1057,1,650,0.15
4606,52544,1067,1,1950,0.1
4607,52544,1027,1,4700,0
4608,52545,1080,1,500,0
4609,52545,1077,1,2450,0
4610,52546,1039,1,2400,0.05
4611,52546,1035,2,5050,0
4612,52546,1092,1,5950,0
4613,52547,1095,1,1650,0
4614,52547,1030,2,1100,0
4615,52548,1051,1,700,0
4616,52548,1022,1,2900,0
4617,52549,1002,2,31150,0.1
4618,52549,1042,1,6050,0.1
4619,52550,1034,1,2400,0
4620,52550,1071,1,9700,0.05
4621,52550,1093,2,1750,0.05
4622,52551,1042,2,6050,0
4623,52551,1008,2,60450,0
4624,52552,1098,1,3700,0
4625,52552,1022,1,2900,0.15
4626,52552,1044,1,900,0
4627,52552,1066,1,600,0.1
4628,52553,1005,1,46200,0
4629,52554,1064,1,2000,0.05
4630,52554,1008,1,60450,0.1
4631,52555,1009,1,69500,0.05
4632,52556,1076,1,6950,0.05
4633,52556,1043,1,1050,0.05
4634,52556,1044,2,900,0
4635,52556,1096,1,2950,0
4636,52557,1002,1,31150,0.05
4637,52557,1100,1,2550,0
4638,52557,1028,1,2350,0
4639,52557,1063,1,1700,0
4640,52558,1017,1,41900,0
4641,52559,1035,1,5050,0.05
4642,52560,1035,2,5050,0
4643,52561,1042,2,6050,0.1
4644,52561,1008,2,60450,0.05
4645,52562,1029,1,5950,0.1
4646,52563,1017,2,41900,0.15
4647,52563,1004,2,58800,0.05
4648,52564,1071,2,9700,0.15
4649,52565,1090,3,3400,0
4650,52566,1073,2,10250,0.1
4651,52566,1078,2,2550,0.05
4652,52567,1034,1,2400,0.15
4653,52567,1036,1,4550,0.15
4654,52567,1042,1,6050,0.05
4655,52568,1034,3,2400,0
4656,52568,1038,1,1700,0
4657,52569,1011,3,63300,0.1
4658,52570,1054,2,2100,0
4659,52570,1062,1,1450,0
4660,52571,1064,2,2000,0.05
4661,52572,1004,1,58800,0.1
4662,52573,1005,1,46200,0.05
4663,52574,1003,1,17250,0
4664,52574,1074,2,1850,0.15
4665,52575,1001,1,68450,0.1
4666,52575,1007,1,54700,0
4667,52576,1033,1,2750,0.1
4668,52576,1080,1,500,0.15
4669,52576,1060,2,750,0
4670,52577,1071,1,9700,0
4671,52578,1041,1,2100,0
4672,52579,1090,1,3400,0.05
4673,52579,1061,1,1600,0.05
4674,52580,1050,1,6550,0
4675,52580,1046,1,2050,0
4676,52580,1023,1,2350,0.05
4677,52581,1003,1,17250,0.1
4678,52582,1033,1,2750,0.05
4679,52582,1010,1,45950,0.1
4680,52583,1085,2,6000,0
4681,52583,1050,1,6550,0.15
4682,52583,1025,1,2800,0.1
4683,52583,1099,1,1950,0
4684,52584,1021,1,1250,0
4685,52584,1047,1,4300,0
4686,52585,1054,1,2100,0.1
4687,52586,1098,1,3700,0
4688,52586,1024,2,4450,0.05
4689,52587,1009,2,69500,0.05
4690,52587,1012,1,3650,0.05
4691,52587,1031,1,3400,0.1
4692,52588,1091,2,1450,0
4693,52588,1021,1,1250,0.15
4694,52589,1039,3,2400,0
4695,52589,1068,1,10300,0.05
4696,52589,1074,1,1850,0.1
4697,52590,1052,1,1000,0.15
4698,52591,1038,2,1700,0.1
4699,52591,1072,1,3850,0
4700,52592,1062,1,1450,0.05
4701,52592,1051,1,700,0.1
4702,52593,1061,1,1600,0
4703,52593,1027,1,4700,0
4704,52593,1058,1,500,0
4705,52594,1017,2,41900,0.05
4706,52595,1059,1,600,0.05
4707,52596,1079,1,10450,0
4708,52597,1049,2,3850,0
4709,52598,1027,1,4700,0.1
4710,52598,1015,1,25000,0.1
4711,52599,1054,2,2100,0
4712,52599,1097,1,4550,0.05
4713,52600,1028,2,2350,0.05
4714,52601,1054,1,2100,0.1
4715,52601,1063,2,1700,0
4716,52601,1006,1,12550,0.1
4717,52602,1058,2,500,0
4718,52603,1047,3,4300,0.05
4719,52604,1037,1,4100,0
4720,52605,1089,2,1200,0
4721,52605,1080,2,500,0
4722,52606,1063,2,1700,0
4723,52606,1034,2,2400,0
4724,52607,1086,1,900,0
4725,52608,1053,1,1950,0
4726,52608,1027,1,4700,0
4727,52609,1004,2,58800,0.05
4728,52609,1073,1,10250,0.1
4729,52609,1044,1,900,0.05
4730,52609,1028,1,2350,0.1
4731,52610,1087,2,3500,0
4732,52610,1065,2,250,0.05
4733,52611,1021,3,1250,0.1
4734,52611,1095,1,1650,0
4735,52611,1083,1,11100,0.05
4736,52612,1100,1,2550,0.1
4737,52612,1060,1,750,0
4738,52613,1037,1,4100,0
4739,52613,1026,3,5000,0.05
4740,52614,1046,1,2050,0
4741,52615,1033,1,2750,0
4742,52615,1018,3,5900,0.05
4743,52616,1025,2,2800,0
4744,52617,1088,1,5250,0
4745,52617,1061,1,1600,0
4746,52617,1023,1,2350,0
4747,52618,1080,1,500,0
4748,52619,1068,1,10300,0
4749,52620,1095,1,1650,0
4750,52621,1030,2,1100,0
4751,52621,1023,2,2350,0
4752,52622,1013,1,19300,0.05
4753,52622,1071,1,9700,0.05
4754,52623,1016,1,37450,0.05
4755,52623,1083,1,11100,0.1
4756,52624,1014,1,37800,0.05
4757,52625,1034,1,2400,0
4758,52625,1056,1,950,0
4759,52625,1046,2,2050,0.1
4760,52626,1008,3,60450,0.15
4761,52626,1048,1,2700,0.05
4762,52626,1078,1,2550,0
4763,52627,1025,1,2800,0
4764,52628,1087,2,3500,0.05
4765,52628,1096,1,2950,0
4766,52628,1037,1,4100,0
4767,52629,1042,2,6050,0
4768,52629,1007,3,54700,0
4769,52630,1088,3,5250,0.05
4770,52630,1011,2,63300,0
4771,52631,1043,1,1050,0
4772,52631,1046,1,2050,0
4773,52631,1026,2,5000,0.05
4774,52632,1032,1,2800,0
4775,52632,1089,1,1200,0
4776,52633,1031,1,3400,0.05
4777,52633,1094,1,5200,0
4778,52634,1068,1,10300,0
4779,52634,1056,1,950,0.1
4780,52634,1057,1,650,0.05
4781,52635,1049,1,3850,0.1
4782,52636,1080,3,500,0
4783,52637,1013,1,19300,0
4784,52637,1096,1,2950,0
4785,52638,1010,1,45950,0
4786,52639,1018,2,5900,0
4787,52639,1077,2,2450,0
4788,52640,1055,1,2100,0
4789,52640,1047,1,4300,0
4790,52640,1057,1,650,0
4791,52641,1009,1,69500,0
4792,52642,1042,1,6050,0
4793,52643,1012,2,3650,0
4794,52644,1092,3,5950,0.05
4795,52644,1009,1,69500,0
4796,52645,1054,2,2100,0.15
4797,52645,1004,1,58800,0.1
4798,52646,1057,1,650,0
4799,52646,1028,1,2350,0.1
4800,52647,1001,1,68450,0.1
4801,52648,1021,1,1250,0.1
4802,52649,1021,2,1250,0
4803,52649,1093,1,1750,0
4804,52649,1087,1,3500,0
4805,52650,1052,1,1000,0.05
4806,52650,1007,2,54700,0.15
4807,52651,1093,1,1750,0
4808,52652,1072,1,3850,0
4809,52653,1044,2,900,0.1
4810,52653,1007,1,54700,0.05
4811,52653,1011,1,63300,0.15
4812,52653,1041,2,2100,0.1
4813,52654,1020,1,5150,0.05
4814,52655,1090,2,3400,0.1
4815,52656,1063,1,1700,0
4816,52656,1078,1,2550,0.1
4817,52657,1020,1,5150,0
4818,52658,1040,1,4750,0
4819,52659,1034,2,2400,0.05
4820,52659,1085,2,6000,0.1
4821,52660,1034,2,2400,0.05
4822,52661,1014,1,37800,0.05
4823,52661,1015,2,25000,0
4824,52662,1072,1,3850,0
4825,52663,1043,2,1050,0
4826,52663,1046,1,2050,0
4827,52664,1042,1,6050,0
4828,52664,1006,2,12550,0.1
4829,52664,1034,1,2400,0
4830,52665,1019,2,2150,0
4831,52666,1008,1,60450,0
4832,52666,1090,1,3400,0
4833,52667,1066,1,600,0.15
4834,52668,1033,2,2750,0.1
4835,52669,1033,1,2750,0.05
4836,52670,1020,2,5150,0.1
4837,52671,1049,1,3850,0
4838,52672,1069,1,1900,0
4839,52673,1020,2,5150,0.05
4840,52673,1086,1,900,0
4841,52674,1007,1,54700,0
4842,52675,1005,1,46200,0
4843,52676,1059,2,600,0
4844,52676,1045,2,3250,0.1
4845,52677,1061,1,1600,0
4846,52678,1059,1,600,0.05
4847,52679,1006,1,12550,0
4848,52679,1056,1,950,0.05
4849,52680,1098,1,3700,0.05
4850,52681,1082,1,5100,0
4851,52682,1023,1,2350,0
4852,52682,1096,1,2950,0
4853,52683,1036,2,4550,0.05
4854,52683,1089,1,1200,0.05
4855,52683,1007,1,54700,0.05
4856,52684,1089,2,1200,0
4857,52684,1060,2,750,0.05
4858,52684,1081,2,6750,0
4859,52685,1044,1,900,0
4860,52685,1097,1,4550,0
4861,52686,1070,1,2500,0.1
4862,52686,1005,1,46200,0
4863,52686,1020,1,5150,0.05
4864,52687,1051,1,700,0
4865,52687,1092,2,5950,0.1
4866,52688,1080,1,500,0
4867,52688,1014,2,37800,0.1
4868,52689,1074,1,1850,0.1
4869,52690,1096,2,2950,0
4870,52690,1025,2,2800,0
4871,52690,1050,2,6550,0.05
4872,52691,1008,1,60450,0
4873,52692,1071,3,9700,0.1
4874,52693,1079,1,10450,0.1
4875,52694,1084,2,3550,0
4876,52695,1026,2,5000,0.1
4877,52695,1082,3,5100,0.05
4878,52695,1037,1,4100,0
4879,52696,1031,2,3400,0.1
4880,52697,1004,2,58800,0
4881,52698,1041,1,2100,0
4882,52698,1084,1,3550,0.05
4883,52699,1005,1,46200,0.1
4884,52699,1050,1,6550,0
4885,52700,1037,1,4100,0.05
4886,52701,1041,2,2100,0
4887,52701,1096,1,2950,0
4888,52701,1071,1,9700,0.05
4889,52702,1034,1,2400,0
4890,52702,1048,1,2700,0.1
4891,52703,1007,2,54700,0.05
4892,52703,1016,3,37450,0.1
4893,52704,1070,2,2500,0.05
4894,52704,1066,1,600,0
4895,52705,1065,2,250,0
4896,52705,1042,1,6050,0
4897,52706,1069,1,1900,0.1
4898,52706,1047,2,4300,0
4899,52707,1011,1,63300,0
4900,52708,1100,1,2550,0
4901,52708,1045,1,3250,0.1
4902,52709,1068,1,10300,0
4903,52710,1038,1,1700,0.15
4904,52710,1014,2,37800,0
4905,52711,1036,1,4550,0
4906,52711,1095,1,1650,0.1
4907,52711,1048,1,2700,0.1
4908,52712,1019,1,2150,0.05
4909,52712,1100,2,2550,0
4910,52713,1079,1,10450,0.1
4911,52713,1026,1,5000,0
4912,52714,1007,1,54700,0
4913,52715,1020,1,5150,0.1
4914,52716,1079,1,10450,0
4915,52716,1039,1,2400,0.15
4916,52717,1056,1,950,0
4917,52718,1055,1,2100,0.05
4918,52719,1095,3,1650,0.05
4919,52720,1048,1,2700,0
4920,52720,1054,1,2100,0.05
4921,52721,1038,1,1700,0
4922,52722,1069,1,1900,0.1
4923,52722,1058,2,500,0
4924,52722,1080,1,500,0
4925,52722,1071,1,9700,0
4926,52723,1029,1,5950,0.05
4927,52724,1073,1,10250,0.1
4928,52725,1092,1,5950,0
4929,52725,1085,1,6000,0.1
4930,52726,1056,1,950,0
4931,52726,1049,2,3850,0.05
4932,52726,1055,1,2100,0.05
4933,52727,1065,1,250,0
4934,52727,1078,1,2550,0
4935,52728,1025,2,2800,0.15
4936,52728,1068,1,10300,0
4937,52728,1008,2,60450,0.05
4938,52728,1072,1,3850,0.05
4939,52729,1038,1,1700,0.05
4940,52729,1060,1,750,0
4941,52730,1014,1,37800,0.05
4942,52731,1053,1,1950,0.05
4943,52731,1025,3,2800,0
4944,52732,1055,1,2100,0.05
4945,52733,1052,2,1000,0.05
4946,52734,1021,1,1250,0
4947,52735,1022,1,2900,0
4948,52736,1055,1,2100,0
4949,52736,1070,1,2500,0.05
4950,52736,1100,1,2550,0.05
4951,52737,1057,1,650,0
4952,52737,1002,1,31150,0.05
4953,52737,1028,1,2350,0.05
4954,52737,1016,2,37450,0.1
4955,52738,1059,1,600,0.1
4956,52738,1071,2,9700,0.1
4957,52738,1074,1,1850,0
4958,52739,1070,2,2500,0
4959,52739,1049,2,3850,0
4960,52740,1009,1,69500,0.05
4961,52741,1096,1,2950,0
4962,52741,1094,2,5200,0.05
4963,52742,1039,1,2400,0.05
4964,52742,1029,2,5950,0
4965,52743,1023,2,2350,0.05
4966,52744,1031,1,3400,0
4967,52745,1068,1,10300,0.1
4968,52745,1064,1,2000,0.15
4969,52745,1003,1,17250,0.15
4970,52746,1057,1,650,0
4971,52746,1026,1,5000,0.15
4972,52747,1050,1,6550,0.05
4973,52747,1018,1,5900,0.05
4974,52748,1064,1,2000,0.05
4975,52748,1070,1,2500,0.05
4976,52748,1021,1,1250,0
4977,52749,1002,1,31150,0.05
4978,52749,1057,1,650,0.1
4979,52750,1058,1,500,0.15
4980,52751,1090,1,3400,0
4981,52751,1063,1,1700,0.05
4982,52752,1039,1,2400,0
4983,52753,1023,1,2350,0.05
4984,52754,1018,1,5900,0.05
4985,52754,1092,1,5950,0.05
4986,52755,1034,1,2400,0.05
4987,52755,1014,2,37800,0.05
4988,52755,1030,1,1100,0.05
4989,52755,1067,3,1950,0.05
4990,52756,1086,1,900,0
4991,52756,1097,1,4550,0.1
4992,52756,1078,1,2550,0.05
4993,52757,1056,1,950,0
4994,52757,1012,1,3650,0
4995,52758,1040,1,4750,0.1
4996,52758,1026,1,5000,0.1
4997,52759,1062,1,1450,0
4998,52760,1094,1,5200,0.1
4999,52761,1050,1,6550,0
5000,52762,1078,2,2550,0.05
5001,52763,1077,1,2450,0
5002,52764,1042,1,6050,0
5003,52764,1040,2,4750,0
5004,52765,1035,1,5050,0.1
5005,52765,1052,2,1000,0.1
5006,52765,1017,1,41900,0
5007,52766,1041,1,2100,0.05
5008,52766,1024,1,4450,0.05
5009,52766,1092,2,5950,0.05
5010,52767,1100,3,2550,0
5011,52768,1100,2,2550,0.05
5012,52769,1008,1,60450,0.05
5013,52769,1081,2,6750,0
5014,52770,1028,2,2350,0
5015,52770,1086,1,900,0
5016,52771,1019,3,2150,0.15
5017,52772,1040,2,4750,0.05
5018,52773,1053,1,1950,0
5019,52773,1044,1,900,0
5020,52774,1037,2,4100,0
5021,52774,1064,3,2000,0
5022,52774,1063,1,1700,0.05
5023,52774,1087,2,3500,0
5024,52775,1071,1,9700,0
5025,52775,1069,1,1900,0.05
5026,52775,1093,2,1750,0.05
5027,52776,1093,1,1750,0
5028,52777,1068,1,10300,0.1
5029,52777,1095,1,1650,0.1
5030,52777,1022,1,2900,0
5031,52777,1098,2,3700,0
5032,52778,1064,1,2000,0
5033,52779,1030,2,1100,0.15
5034,52780,1087,1,3500,0
5035,52781,1083,1,11100,0.05
5036,52781,1094,1,5200,0.1
5037,52782,1034,1,2400,0
5038,52782,1082,1,5100,0.05
5039,52783,1095,1,1650,0
5040,52783,1066,1,600,0
5041,52783,1028,1,2350,0.1
5042,52784,1010,1,45950,0.05
5043,52784,1003,1,17250,0
5044,52785,1075,1,4300,0
5045,52785,1073,1,10250,0
5046,52786,1065,1,250,0.05
5047,52787,1099,1,1950,0.05
5048,52788,1044,1,900,0
5049,52789,1099,2,1950,0.05
5050,52790,1045,2,3250,0
5051,52791,1099,1,1950,0
5052,52792,1060,1,750,0.05
5053,52793,1028,1,2350,0
5054,52793,1010,1,45950,0
5055,52793,1094,2,5200,0.05
5056,52794,1042,2,6050,0
5057,52794,1080,1,500,0.1
5058,52794,1003,1,17250,0
5059,52795,1024,1,4450,0
5060,52795,1051,3,700,0.05
5061,52796,1034,2,2400,0.15
5062,52797,1060,1,750,0
5063,52798,1004,1,58800,0.05
5064,52799,1082,2,5100,0
5065,52799,1052,1,1000,0
5066,52800,1085,2,6000,0.1
5067,52801,1058,1,500,0.15
5068,52802,1033,1,2750,0
5069,52802,1095,1,1650,0.1
5070,52803,1078,2,2550,0
5071,52804,1084,1,3550,0.05
5072,52805,1025,1,2800,0.1
5073,52806,1036,1,4550,0.1
5074,52807,1029,2,5950,0
5075,52807,1065,1,250,0.05
5076,52808,1019,2,2150,0
5077,52809,1014,2,37800,0
5078,52809,1041,1,2100,0
5079,52809,1078,2,2550,0.05
5080,52810,1013,1,19300,0.05
5081,52810,1047,1,4300,0
5082,52811,1100,1,2550,0.1
5083,52812,1064,1,2000,0
5084,52813,1096,1,2950,0.05
5085,52813,1013,1,19300,0.1
5086,52813,1060,2,750,0.1
5087,52814,1040,1,4750,0.05
5088,52814,1085,2,6000,0.1
5089,52815,1097,1,4550,0
5090,52815,1060,1,750,0
5091,52816,1084,2,3550,0.1
5092,52816,1007,1,54700,0.05
5093,52817,1064,1,2000,0.05
5094,52817,1050,1,6550,0.05
5095,52817,1077,2,2450,0
5096,52818,1037,1,4100,0
5097,52818,1087,1,3500,0.05
5098,52818,1050,1,6550,0
5099,52818,1100,2,2550,0
5100,52819,1027,1,4700,0.1
5101,52819,1069,1,1900,0
5102,52820,1040,1,4750,0.05
5103,52820,1084,1,3550,0.1
5104,52821,1091,1,1450,0.05
5105,52822,1098,1,3700,0.05
5106,52822,1084,1,3550,0.05
5107,52823,1092,2,5950,0
5108,52823,1019,1,2150,0.1
5109,52824,1086,1,900,0
5110,52824,1082,1,5100,0
5111,52824,1053,1,1950,0.05
5112,52825,1016,2,37450,0
5113,52825,1004,1,58800,0
5114,52826,1075,1,4300,0.1
5115,52826,1014,1,37800,0
5116,52827,1052,1,1000,0
5117,52827,1094,1,5200,0
5118,52828,1031,3,3400,0.1
5119,52828,1035,1,5050,0
5120,52829,1049,1,3850,0
5121,52830,1099,1,1950,0
5122,52830,1051,1,700,0
5123,52831,1039,2,2400,0
5124,52831,1011,1,63300,0
5125,52832,1093,1,1750,0
5126,52832,1020,2,5150,0.1
5127,52833,1016,1,37450,0.05
5128,52833,1040,2,4750,0.1
5129,52834,1043,1,1050,0.1
5130,52834,1029,2,5950,0
5131,52834,1060,1,750,0.15
5132,52834,1002,1,31150,0
5133,52835,1075,1,4300,0.1
5134,52836,1046,2,2050,0
5135,52837,1007,1,54700,0.05
5136,52837,1056,1,950,0.1
5137,52837,1051,1,700,0
5138,52838,1059,1,600,0.05
5139,52839,1078,1,2550,0
5140,52839,1056,1,950,0
5141,52840,1080,1,500,0.05
5142,52840,1050,1,6550,0
5143,52841,1078,2,2550,0.05
5144,52842,1063,1,1700,0.05
5145,52842,1070,1,2500,0.05
5146,52843,1033,1,2750,0
5147,52843,1100,1,2550,0.05
5148,52844,1023,3,2350,0.1
5149,52844,1058,1,500,0.05
5150,52845,1005,1,46200,0
5151,52845,1073,1,10250,0
5152,52846,1003,2,17250,0
5153,52846,1015,1,25000,0
5154,52846,1025,1,2800,0
5155,52846,1098,1,3700,0
5156,52847,1036,2,4550,0
5157,52847,1003,1,17250,0.1
5158,52847,1069,1,1900,0.05
5159,52847,1021,2,1250,0.1
5160,52848,1058,1,500,0
5161,52848,1011,1,63300,0.05
5162,52849,1028,1,2350,0.05
5163,52849,1085,1,6000,0
5164,52849,1014,1,37800,0.1
5165,52850,1079,1,10450,0.05
5166,52850,1009,1,69500,0
5167,52851,1004,1,58800,0
5168,52851,1036,2,4550,0
5169,52851,1057,1,650,0.1
5170,52852,1043,1,1050,0
5171,52852,1013,1,19300,0
5172,52853,1091,1,1450,0.05
5173,52853,1081,1,6750,0.1
5174,52853,1010,1,45950,0
5175,52854,1087,2,3500,0.05
5176,52854,1007,2,54700,0.1
5177,52854,1082,1,5100,0
5178,52854,1055,2,2100,0
5179,52855,1062,2,1450,0.05
5180,52856,1001,1,68450,0.1
5181,52857,1044,3,900,0.05
5182,52857,1095,1,1650,0.05
5183,52857,1067,1,1950,0.05
5184,52857,1096,1,2950,0.05
5185,52858,1062,1,1450,0.15
5186,52859,1011,1,63300,0.05
5187,52860,1053,1,1950,0.05
5188,52860,1012,1,3650,0
5189,52861,1039,1,2400,0
5190,52862,1079,2,10450,0.1
5191,52862,1035,1,5050,0
5192,52862,1076,1,6950,0
5193,52862,1045,1,3250,0.1
5194,52863,1030,2,1100,0.1
5195,52863,1028,3,2350,0
5196,52863,1034,2,2400,0.05
5197,52864,1074,2,1850,0
5198,52864,1040,1,4750,0
5199,52865,1048,1,2700,0.05
5200,52866,1012,1,3650,0
5201,52866,1031,1,3400,0.05
5202,52867,1036,2,4550,0.05
5203,52868,1027,2,4700,0.15
5204,52868,1080,2,500,0
5205,52868,1070,2,2500,0
5206,52868,1098,1,3700,0.05
5207,52869,1016,1,37450,0
5208,52869,1060,1,750,0.05
5209,52870,1031,1,3400,0
5210,52871,1095,2,1650,0.1
5211,52871,1062,1,1450,0
5212,52872,1029,1,5950,0
5213,52872,1048,1,2700,0.05
5214,52873,1006,2,12550,0
5215,52873,1040,2,4750,0
5216,52874,1067,1,1950,0.05
5217,52874,1049,1,3850,0.05
5218,52875,1096,2,2950,0.1
5219,52875,1058,1,500,0.05
5220,52875,1003,2,17250,0.15
5221,52876,1068,1,10300,0
5222,52877,1054,2,2100,0.1
5223,52877,1019,1,2150,0.15
5224,52878,1003,1,17250,0
5225,52879,1058,1,500,0.1
5226,52879,1096,2,2950,0.1
5227,52880,1057,2,650,0.1
5228,52880,1062,1,1450,0.05
5229,52880,1044,1,900,0.05
5230,52881,1076,1,6950,0.1
5231,52881,1069,1,1900,0.1
5232,52881,1061,1,1600,0
5233,52881,1002,2,31150,0.05
5234,52882,1091,1,1450,0.1
5235,52882,1020,3,5150,0.1
5236,52883,1058,1,500,0
5237,52883,1089,1,1200,0.1
5238,52883,1096,1,2950,0.1
5239,52884,1042,2,6050,0
5240,52885,1085,1,6000,0
5241,52886,1035,2,5050,0
5242,52887,1016,1,37450,0
5243,52887,1027,1,4700,0.1
5244,52888,1056,2,950,0
5245,52888,1073,1,10250,0
5246,52888,1076,1,6950,0
5247,52889,1093,1,1750,0
5248,52890,1075,1,4300,0.05
5249,52891,1063,1,1700,0
5250,52891,1065,2,250,0.1
5251,52892,1082,1,5100,0.05
5252,52892,1002,1,31150,0.05
5253,52893,1081,1,6750,0.05
5254,52894,1028,1,2350,0.05
5255,52895,1001,3,68450,0.05
5256,52895,1087,1,3500,0.1
5257,52896,1068,1,10300,0.1
5258,52896,1009,1,69500,0
5259,52897,1027,1,4700,0.1
5260,52897,1091,1,1450,0
5261,52897,1052,1,1000,0.15
5262,52898,1099,1,1950,0.1
5263,52899,1100,2,2550,0
5264,52899,1015,2,25000,0.05
5265,52900,1054,2,2100,0.1
5266,52900,1028,1,2350,0.1
5267,52901,1065,1,250,0
5268,52902,1031,1,3400,0.05
5269,52903,1043,1,1050,0
5270,52903,1099,1,1950,0
5271,52903,1049,2,3850,0
5272,52903,1066,2,600,0.1
5273,52904,1077,1,2450,0.05
5274,52904,1012,1,3650,0
5275,52905,1089,1,1200,0
5276,52906,1028,1,2350,0
5277,52907,1097,1,4550,0
5278,52908,1041,1,2100,0.05
5279,52909,1079,1,10450,0
5280,52909,1022,2,2900,0
5281,52910,1022,1,2900,0.05
5282,52910,1051,1,700,0
5283,52910,1012,1,3650,0
5284,52911,1059,2,600,0.1
5285,52911,1078,1,2550,0
5286,52911,1085,1,6000,0
5287,52912,1028,1,2350,0.15
5288,52913,1084,2,3550,0
5289,52913,1072,1,3850,0.1
5290,52913,1012,1,3650,0.05
5291,52914,1052,2,1000,0
5292,52914,1005,2,46200,0
5293,52915,1007,1,54700,0.05
5294,52916,1027,1,4700,0.1
5295,52917,1027,1,4700,0
5296,52918,1017,1,41900,0
5297,52919,1035,1,5050,0
5298,52919,1049,2,3850,0.05
5299,52919,1016,2,37450,0.1
5300,52920,1017,1,41900,0
5301,52921,1076,3,6950,0
5302,52921,1020,1,5150,0.1
5303,52921,1038,1,1700,0.05
5304,52922,1031,1,3400,0
5305,52923,1067,1,1950,0
5306,52923,1047,1,4300,0.05
5307,52924,1002,1,31150,0.05
5308,52925,1019,1,2150,0
5309,52926,1056,1,950,0
5310,52926,1067,1,1950,0
5311,52927,1003,1,17250,0.05
5312,52927,1029,3,5950,0.1
5313,52927,1074,1,1850,0.05
5314,52928,1050,1,6550,0
5315,52928,1096,1,2950,0.05
5316,52928,1037,1,4100,0
5317,52928,1083,1,11100,0
5318,52929,1067,1,1950,0.05
5319,52930,1077,1,2450,0
5320,52931,1044,2,900,0.05
5321,52931,1016,2,37450,0
5322,52932,1046,1,2050,0
5323,52932,1003,1,17250,0
5324,52933,1066,2,600,0.15
5325,52933,1081,2,6750,0.05
5326,52934,1096,1,2950,0.1
5327,52934,1082,1,5100,0.15
5328,52935,1033,1,2750,0
5329,52935,1072,1,3850,0.1
5330,52935,1063,1,1700,0
5331,52936,1033,1,2750,0
5332,52937,1061,2,1600,0.1
5333,52937,1015,2,25000,0
5334,52937,1088,1,5250,0
5335,52938,1072,3,3850,0
5336,52939,1055,1,2100,0
5337,52939,1093,3,1750,0
5338,52939,1075,2,4300,0
5339,52940,1033,1,2750,0.05
5340,52941,1004,1,58800,0
5341,52941,1073,1,10250,0.05
5342,52942,1086,1,900,0
5343,52942,1039,1,2400,0
5344,52943,1055,1,2100,0
5345,52943,1002,1,31150,0.1
5346,52944,1025,2,2800,0
5347,52944,1033,1,2750,0
5348,52945,1039,1,2400,0
5349,52945,1009,1,69500,0
5350,52946,1058,2,500,0
5351,52946,1079,1,10450,0
5352,52946,1005,1,46200,0
5353,52946,1045,2,3250,0.05
5354,52947,1014,2,37800,0.15
5355,52947,1004,2,58800,0.05
5356,52948,1085,3,6000,0
5357,52949,1049,1,3850,0
5358,52949,1037,2,4100,0
5359,52949,1050,1,6550,0.05
5360,52950,1007,1,54700,0.1
5361,52951,1084,1,3550,0.15
5362,52951,1040,3,4750,0.05
5363,52952,1002,1,31150,0
5364,52952,1075,1,4300,0
5365,52953,1098,1,3700,0.05
5366,52953,1014,2,37800,0
5367,52954,1024,2,4450,0.05
5368,52955,1098,1,3700,0.05
5369,52955,1053,1,1950,0.15
5370,52956,1068,2,10300,0
5371,52956,1005,2,46200,0.1
5372,52957,1044,3,900,0
5373,52957,1025,2,2800,0.05
5374,52957,1002,1,31150,0.1
5375,52958,1038,2,1700,0.05
5376,52958,1003,1,17250,0
5377,52958,1014,1,37800,0.05
5378,52959,1016,1,37450,0.1
5379,52959,1095,2,1650,0.05
5380,52959,1003,1,17250,0
5381,52960,1098,1,3700,0.1
5382,52960,1040,1,4750,0.15
5383,52960,1045,1,3250,0
5384,52960,1091,1,1450,0.1
5385,52961,1040,1,4750,0.05
5386,52961,1032,1,2800,0.05
5387,52962,1078,1,2550,0
5388,52962,1041,1,2100,0
5389,52963,1092,1,5950,0
5390,52964,1097,1,4550,0.05
5391,52965,1011,1,63300,0
5392,52965,1074,1,1850,0.1
5393,52966,1034,1,2400,0
5394,52966,1009,1,69500,0.05
5395,52966,1088,2,5250,0
5396,52966,1030,1,1100,0.05
5397,52967,1011,1,63300,0
5398,52967,1083,2,11100,0.1
5399,52968,1061,1,1600,0
5400,52968,1001,2,68450,0
5401,52969,1085,1,6000,0
5402,52970,1010,1,45950,0
5403,52971,1087,1,3500,0
5404,52972,1053,1,1950,0.05
5405,52972,1016,1,37450,0
5406,52973,1004,1,58800,0.05
5407,52973,1057,2,650,0.1
5408,52973,1027,2,4700,0
5409,52974,1045,2,3250,0.15
5410,52974,1054,1,2100,0
5411,52974,1040,1,4750,0.05
5412,52974,1058,1,500,0
5413,52975,1003,1,17250,0.05
5414,52975,1002,2,31150,0
5415,52976,1039,1,2400,0
5416,52977,1014,1,37800,0.05
5417,52977,1052,1,1000,0.05
5418,52977,1048,2,2700,0.1
5419,52977,1056,1,950,0.05
5420,52978,1037,2,4100,0
5421,52978,1052,1,1000,0
5422,52979,1089,1,1200,0.1
5423,52980,1098,2,3700,0
5424,52980,1056,1,950,0.05
5425,52981,1018,2,5900,0.05
5426,52982,1001,1,68450,0.05
5427,52982,1040,1,4750,0.1
5428,52983,1036,1,4550,0
5429,52983,1073,1,10250,0
5430,52984,1026,1,5000,0
5431,52984,1072,2,3850,0
5432,52985,1084,2,3550,0
5433,52985,1017,1,41900,0.05
5434,52986,1047,2,4300,0.05
5435,52986,1045,1,3250,0.05
5436,52987,1023,1,2350,0
5437,52988,1031,1,3400,0
5438,52989,1067,1,1950,0
5439,52989,1059,1,600,0.05
5440,52990,1089,1,1200,0.05
5441,52991,1044,1,900,0
5442,52992,1010,1,45950,0.05
5443,52992,1023,1,2350,0.05
5444,52993,1082,1,5100,0.1
5445,52993,1073,1,10250,0.05
5446,52994,1024,1,4450,0
5447,52994,1058,1,500,0.05
5448,52994,1083,1,11100,0.1
5449,52994,1067,1,1950,0.05
5450,52995,1023,1,2350,0.1
5451,52995,1006,1,12550,0.1
5452,52995,1057,1,650,0
5453,52995,1022,2,2900,0.1
5454,52996,1021,3,1250,0.1
5455,52996,1030,1,1100,0.05
5456,52997,1050,1,6550,0
5457,52997,1063,1,1700,0
5458,52998,1001,1,68450,0.15
5459,52998,1033,2,2750,0
5460,52998,1038,3,1700,0
5461,52999,1058,1,500,0
5462,53000,1070,1,2500,0
5463,53000,1083,2,11100,0.1
5464,53000,1072,1,3850,0
5465,53001,1054,3,2100,0
5466,53002,1082,1,5100,0
5467,53002,1009,1,69500,0.05
5468,53003,1038,1,1700,0.05
5469,53003,1010,1,45950,0
5470,53004,1091,1,1450,0
5471,53005,1054,2,2100,0.05
5472,53005,1100,1,2550,0
5473,53005,1011,1,63300,0.05
5474,53006,1018,1,5900,0
5475,53007,1010,1,45950,0.05
5476,53008,1025,1,2800,0.1
5477,53008,1057,2,650,0
5478,53008,1038,1,1700,0.15
5479,53009,1035,1,5050,0
5480,53010,1082,1,5100,0
5481,53011,1080,2,500,0.05
5482,53011,1043,1,1050,0
5483,53012,1001,3,68450,0
5484,53013,1076,1,6950,0.1
5485,53013,1038,1,1700,0.1
5486,53014,1039,1,2400,0
5487,53014,1028,1,2350,0.1
5488,53014,1063,2,1700,0.05
5489,53014,1033,1,2750,0
5490,53015,1100,1,2550,0.05
5491,53015,1014,2,37800,0
5492,53016,1065,1,250,0
5493,53016,1027,1,4700,0
5494,53017,1061,2,1600,0.05
5495,53018,1009,1,69500,0
5496,53018,1052,1,1000,0.05
5497,53018,1048,1,2700,0
5498,53019,1086,1,900,0.05
5499,53020,1008,2,60450,0
5500,53021,1092,1,5950,0.15
5501,53022,1052,1,1000,0
5502,53023,1015,1,25000,0.15
5503,53024,1044,1,900,0
5504,53025,1089,1,1200,0
5505,53026,1090,1,3400,0
5506,53026,1076,1,6950,0.1
5507,53027,1080,1,500,0.1
5508,53027,1058,1,500,0
5509,53027,1043,1,1050,0.05
5510,53028,1054,1,2100,0.05
5511,53028,1003,1,17250,0.05
5512,53028,1048,1,2700,0.05
5513,53028,1025,1,2800,0
5514,53029,1093,1,1750,0
5515,53029,1088,1,5250,0.05
5516,53030,1003,1,17250,0.15
5517,53031,1034,1,2400,0.1
5518,53031,1043,1,1050,0.1
5519,53032,1079,1,10450,0.05
5520,53032,1008,1,60450,0.1
5521,53032,1022,1,2900,0.05
5522,53033,1009,1,69500,0
5523,53033,1088,3,5250,0.05
5524,53033,1021,1,1250,0
5525,53034,1006,1,12550,0
5526,53035,1097,1,4550,0
5527,53035,1072,1,3850,0
5528,53035,1063,1,1700,0
5529,53036,1090,1,3400,0.05
5530,53037,1037,1,4100,0
5531,53037,1013,1,19300,0
5532,53038,1047,1,4300,0.05
5533,53038,1075,2,4300,0.05
5534,53039,1050,1,6550,0.05
5535,53039,1062,1,1450,0
5536,53039,1028,1,2350,0.15
5537,53040,1004,1,58800,0.05
5538,53040,1078,2,2550,0.05
5539,53040,1040,1,4750,0.05
5540,53041,1095,1,1650,0
5541,53042,1036,3,4550,0
5542,53043,1099,1,1950,0.1
5543,53043,1070,1,2500,0.05
5544,53044,1099,1,1950,0
5545,53045,1039,1,2400,0.05
5546,53046,1093,2,1750,0
5547,53047,1038,1,1700,0
5548,53048,1047,1,4300,0.05
5549,53048,1039,1,2400,0
5550,53049,1059,2,600,0
5551,53050,1059,2,600,0
5552,53050,1041,1,2100,0
5553,53050,1012,2,3650,0
5554,53051,1004,1,58800,0.05
5555,53051,1030,1,1100,0.05
5556,53051,1041,1,2100,0.05
5557,53051,1053,1,1950,0
5558,53052,1061,1,1600,0.05
5559,53052,1046,1,2050,0
5560,53052,1004,2,58800,0.05
5561,53053,1058,2,500,0.1
5562,53054,1099,2,1950,0.1
5563,53054,1039,2,2400,0
5564,53055,1100,1,2550,0
5565,53055,1062,2,1450,0.05
5566,53055,1009,2,69500,0
5567,53055,1067,1,1950,0
5568,53056,1027,1,4700,0
5569,53056,1069,1,1900,0.05
5570,53057,1079,1,10450,0
5571,53058,1047,2,4300,0
5572,53059,1041,1,2100,0
5573,53060,1033,1,2750,0
5574,53060,1073,1,10250,0
5575,53060,1084,1,3550,0.1
5576,53061,1090,1,3400,0.1
5577,53061,1023,2,2350,0
5578,53061,1068,1,10300,0
5579,53062,1003,1,17250,0.1
5580,53063,1046,1,2050,0
5581,53064,1011,1,63300,0.1
5582,53065,1041,2,2100,0
5583,53065,1018,1,5900,0.15
5584,53066,1042,1,6050,0.05
5585,53066,1066,1,600,0
5586,53067,1084,1,3550,0.1
5587,53067,1023,3,2350,0.05
5588,53067,1062,2,1450,0.1
5589,53068,1056,2,950,0
5590,53068,1079,1,10450,0
5591,53068,1040,1,4750,0
5592,53069,1092,1,5950,0
5593,53070,1092,1,5950,0
5594,53070,1099,1,1950,0
5595,53070,1047,1,4300,0
5596,53071,1063,1,1700,0
5597,53071,1032,2,2800,0
5598,53071,1086,1,900,0
5599,53072,1037,1,4100,0.1
5600,53072,1055,2,2100,0
5601,53072,1096,2,2950,0
5602,53073,1023,1,2350,0.05
5603,53073,1056,1,950,0.05
5604,53074,1023,3,2350,0.1
5605,53074,1091,1,1450,0
5606,53075,1028,1,2350,0.1
5607,53076,1081,1,6750,0.1
5608,53077,1069,1,1900,0
5609,53078,1089,3,1200,0
5610,53079,1065,3,250,0
5611,53079,1037,1,4100,0
5612,53080,1033,1,2750,0.05
5613,53080,1100,1,2550,0.05
5614,53081,1003,1,17250,0.05
5615,53081,1048,3,2700,0.05
5616,53082,1041,2,2100,0
5617,53083,1052,1,1000,0.05
5618,53084,1080,2,500,0.05
5619,53085,1082,1,5100,0
5620,53085,1057,1,650,0
5621,53086,1030,3,1100,0.05
5622,53087,1098,1,3700,0
5623,53087,1017,1,41900,0
5624,53087,1071,3,9700,0.1
5625,53088,1074,1,1850,0.1
5626,53089,1032,2,2800,0
5627,53089,1002,1,31150,0
5628,53090,1082,2,5100,0
5629,53090,1094,1,5200,0.05
5630,53091,1019,1,2150,0.1
5631,53091,1004,1,58800,0
5632,53091,1043,2,1050,0.15
5633,53092,1039,1,2400,0.1
5634,53092,1078,2,2550,0
5635,53092,1064,1,2000,0.1
5636,53093,1078,2,2550,0
5637,53093,1075,1,4300,0.05
5638,53094,1070,1,2500,0
5639,53095,1024,2,4450,0.05
5640,53096,1073,1,10250,0.05
5641,53096,1044,2,900,0
5642,53097,1088,2,5250,0.05
5643,53098,1081,2,6750,0.05
5644,53098,1083,1,11100,0.1
5645,53098,1076,1,6950,0.05
5646,53099,1044,1,900,0
5647,53099,1054,2,2100,0.05
5648,53100,1021,1,1250,0.1
5649,53101,1046,1,2050,0
5650,53101,1067,2,1950,0.05
5651,53102,1063,1,1700,0.15
5652,53103,1052,2,1000,0.05
5653,53104,1037,1,4100,0.05
5654,53104,1027,2,4700,0.1
5655,53105,1025,1,2800,0.05
5656,53105,1079,1,10450,0.1
5657,53105,1022,1,2900,0.05
5658,53105,1006,1,12550,0
5659,53106,1084,1,3550,0
5660,53106,1080,1,500,0.1
5661,53106,1096,2,2950,0
5662,53107,1084,2,3550,0.05
5663,53107,1010,1,45950,0.1
5664,53108,1082,2,5100,0
5665,53109,1009,3,69500,0
5666,53110,1057,1,650,0
5667,53111,1070,1,2500,0.05
5668,53111,1032,2,2800,0.1
5669,53112,1095,1,1650,0.05
5670,53113,1043,1,1050,0.05
5671,53114,1064,2,2000,0
5672,53114,1038,1,1700,0.05
5673,53114,1009,1,69500,0
5674,53115,1019,1,2150,0
5675,53115,1072,1,3850,0
5676,53115,1085,3,6000,0
5677,53116,1061,1,1600,0
5678,53116,1015,1,25000,0.15
5679,53116,1005,1,46200,0.1
5680,53116,1049,1,3850,0.1
5681,53117,1070,1,2500,0
5682,53118,1065,1,250,0.05
5683,53118,1085,2,6000,0.05
5684,53119,1013,1,19300,0.05
5685,53120,1082,2,5100,0
5686,53121,1059,1,600,0.05
5687,53121,1097,2,4550,0.1
5688,53122,1081,1,6750,0.05
5689,53123,1036,1,4550,0.05
5690,53123,1099,1,1950,0.15
5691,53124,1092,1,5950,0.05
5692,53124,1080,2,500,0.1
5693,53125,1052,1,1000,0.1
5694,53125,1041,1,2100,0
5695,53126,1028,1,2350,0.05
5696,53127,1060,2,750,0
5697,53128,1060,1,750,0
5698,53128,1045,1,3250,0.05
5699,53128,1044,2,900,0.1
5700,53128,1034,1,2400,0
5701,53129,1014,1,37800,0.1
5702,53130,1007,2,54700,0
5703,53130,1025,1,2800,0
5704,53131,1029,1,5950,0.1
5705,53131,1088,2,5250,0.05
5706,53131,1032,1,2800,0.1
5707,53131,1004,2,58800,0.05
5708,53132,1089,1,1200,0.1
5709,53132,1066,1,600,0
5710,53133,1039,1,2400,0
5711,53134,1041,1,2100,0.1
5712,53135,1013,1,19300,0
5713,53136,1073,1,10250,0
5714,53137,1059,2,600,0.15
5715,53137,1054,2,2100,0
5716,53138,1062,1,1450,0
5717,53138,1026,1,5000,0
5718,53138,1084,1,3550,0
5719,53139,1095,2,1650,0
5720,53140,1078,2,2550,0
5721,53141,1060,1,750,0
5722,53142,1049,1,3850,0.05
5723,53142,1069,1,1900,0.05
5724,53143,1074,1,1850,0
5725,53144,1093,1,1750,0.05
5726,53145,1004,1,58800,0.05
5727,53145,1013,2,19300,0
5728,53146,1057,2,650,0.1
5729,53147,1013,2,19300,0.05
5730,53147,1080,1,500,0
5731,53147,1079,1,10450,0
5732,53147,1049,1,3850,0
5733,53148,1012,1,3650,0.15
5734,53149,1088,2,5250,0
5735,53149,1081,2,6750,0.1
5736,53150,1097,3,4550,0.1
5737,53151,1100,1,2550,0.05
5738,53151,1003,1,17250,0
5739,53151,1056,1,950,0
5740,53152,1025,1,2800,0
5741,53152,1004,1,58800,0.05
5742,53152,1074,1,1850,0
5743,53153,1032,1,2800,0.05
5744,53154,1064,1,2000,0.1
5745,53154,1057,2,650,0
5746,53154,1079,1,10450,0.1
5747,53155,1060,1,750,0.1
5748,53155,1050,1,6550,0
5749,53156,1053,1,1950,0
5750,53157,1051,1,700,0.05
5751,53158,1093,2,1750,0
5752,53159,1087,1,3500,0.05
5753,53160,1034,1,2400,0
5754,53161,1027,1,4700,0.1
5755,53161,1029,1,5950,0
5756,53162,1072,1,3850,0
5757,53162,1060,2,750,0.05
5758,53162,1051,3,700,0.05
5759,53162,1052,1,1000,0.15
5760,53163,1099,1,1950,0.1
5761,53163,1017,1,41900,0.1
5762,53164,1076,1,6950,0
5763,53165,1048,1,2700,0
5764,53166,1083,1,11100,0.05
5765,53167,1003,1,17250,0.1
5766,53168,1068,3,10300,0
5767,53169,1067,1,1950,0.05
5768,53169,1039,1,2400,0
5769,53170,1099,1,1950,0.05
5770,53170,1031,1,3400,0.05
5771,53171,1033,1,2750,0
5772,53172,1069,1,1900,0
5773,53172,1016,1,37450,0
5774,53173,1055,1,2100,0
5775,53174,1013,2,19300,0.05
5776,53174,1014,1,37800,0
5777,53174,1083,1,11100,0
5778,53175,1088,1,5250,0.1
5779,53175,1011,1,63300,0.05
5780,53176,1033,1,2750,0.15
5781,53177,1018,1,5900,0
5782,53177,1059,1,600,0
5783,53178,1083,1,11100,0
5784,53179,1076,1,6950,0
5785,53179,1013,1,19300,0.1
5786,53180,1001,1,68450,0.1
5787,53180,1085,2,6000,0.05
5788,53180,1025,2,2800,0
5789,53181,1034,1,2400,0
5790,53181,1013,1,19300,0
5791,53181,1078,1,2550,0.05
5792,53182,1017,2,41900,0.05
5793,53183,1068,1,10300,0
5794,53183,1002,1,31150,0.15
5795,53183,1022,1,2900,0
5796,53183,1031,1,3400,0.05
5797,53184,1068,1,10300,0
5798,53184,1099,1,1950,0
5799,53184,1071,2,9700,0
5800,53185,1068,1,10300,0.05
5801,53185,1095,2,1650,0
5802,53185,1062,2,1450,0.15
5803,53185,1081,1,6750,0
5804,53186,1098,1,3700,0
5805,53186,1055,1,2100,0.1
5806,53187,1083,1,11100,0
5807,53188,1090,1,3400,0.05
5808,53189,1100,1,2550,0
5809,53190,1022,1,2900,0.1
5810,53190,1089,2,1200,0.05
5811,53191,1099,2,1950,0
5812,53192,1026,2,5000,0.05
5813,53192,1072,1,3850,0.05
5814,53192,1075,1,4300,0
5815,53193,1019,2,2150,0.05
5816,53194,1068,1,10300,0
5817,53195,1084,1,3550,0
5818,53195,1029,1,5950,0.05
5819,53195,1034,2,2400,0
5820,53196,1072,1,3850,0
5821,53197,1053,1,1950,0.05
5822,53198,1087,1,3500,0
5823,53198,1079,1,10450,0.05
5824,53199,1006,1,12550,0.05
5825,53200,1094,1,5200,0
5826,53200,1089,1,1200,0.05
5827,53201,1079,1,10450,0
5828,53201,1016,1,37450,0.1
5829,53202,1035,1,5050,0.1
5830,53202,1076,1,6950,0
5831,53203,1067,2,1950,0.1
5832,53203,1051,3,700,0
5833,53203,1045,1,3250,0
5834,53204,1003,1,17250,0
5835,53204,1046,1,2050,0
5836,53205,1085,1,6000,0
5837,53205,1086,2,900,0
5838,53205,1042,1,6050,0.1
5839,53205,1058,1,500,0
5840,53206,1090,1,3400,0
5841,53206,1089,1,1200,0
5842,53207,1072,1,3850,0
5843,53207,1015,2,25000,0
5844,53208,1088,2,5250,0.05
5845,53208,1037,1,4100,0.15
5846,53209,1006,2,12550,0
5847,53209,1051,1,700,0.05
5848,53210,1047,2,4300,0
5849,53211,1037,1,4100,0
5850,53212,1007,2,54700,0.05
5851,53213,1069,1,1900,0.1
5852,53214,1008,1,60450,0.1
5853,53214,1005,1,46200,0.05
5854,53215,1099,1,1950,0.05
5855,53216,1018,1,5900,0
5856,53216,1006,1,12550,0.1
5857,53216,1087,1,3500,0
5858,53217,1056,2,950,0.1
5859,53217,1072,2,3850,0
5860,53217,1100,3,2550,0
5861,53217,1084,1,3550,0
5862,53218,1050,1,6550,0.05
5863,53218,1070,1,2500,0
5864,53219,1068,1,10300,0
5865,53219,1022,3,2900,0
5866,53220,1023,1,2350,0
5867,53221,1032,1,2800,0
5868,53222,1034,1,2400,0.15
5869,53223,1037,1,4100,0
5870,53223,1016,1,37450,0.05
5871,53224,1062,1,1450,0.1
5872,53224,1006,1,12550,0.1
5873,53225,1083,1,11100,0.05
5874,53225,1016,2,37450,0
5875,53226,1036,1,4550,0.05
5876,53227,1032,1,2800,0
5877,53227,1083,1,11100,0
5878,53228,1012,1,3650,0.1
5879,53228,1011,1,63300,0
5880,53229,1025,1,2800,0
5881,53229,1049,1,3850,0
5882,53230,1020,1,5150,0.15
5883,53231,1099,1,1950,0
5884,53232,1040,1,4750,0.05
5885,53232,1100,1,2550,0.05
5886,53232,1062,1,1450,0
5887,53232,1050,2,6550,0.05
5888,53233,1059,1,600,0.05
5889,53233,1050,1,6550,0
5890,53234,1011,2,63300,0
5891,53235,1089,2,1200,0.05
5892,53235,1058,1,500,0
5893,53236,1018,1,5900,0
5894,53236,1054,2,2100,0
5895,53237,1069,2,1900,0.1
5896,53237,1097,1,4550,0.05
5897,53238,1074,1,1850,0.05
5898,53239,1054,1,2100,0
5899,53239,1067,1,1950,0
5900,53240,1089,1,1200,0.1
5901,53240,1031,1,3400,0.05
5902,53241,1042,1,6050,0.1
5903,53241,1075,1,4300,0
5904,53241,1092,2,5950,0
5905,53241,1023,1,2350,0
5906,53242,1023,1,2350,0.1
5907,53242,1090,1,3400,0.1
5908,53243,1053,1,1950,0
5909,53244,1060,1,750,0.1
5910,53245,1010,3,45950,0
5911,53245,1006,1,12550,0
5912,53246,1027,1,4700,0.05
5913,53247,1096,3,2950,0
5914,53247,1049,2,3850,0
5915,53248,1023,1,2350,0.05
5916,53249,1022,1,2900,0
5917,53250,1035,3,5050,0
5918,53250,1087,1,3500,0.1
5919,53250,1082,1,5100,0.05
5920,53251,1047,2,4300,0.1
5921,53251,1006,1,12550,0
5922,53251,1034,1,2400,0.05
5923,53252,1032,1,2800,0
5924,53252,1043,1,1050,0
5925,53252,1037,1,4100,0.05
5926,53253,1031,1,3400,0
5927,53254,1029,1,5950,0
5928,53255,1078,1,2550,0.1
5929,53255,1018,1,5900,0
5930,53256,1048,1,2700,0.1
5931,53257,1029,1,5950,0
5932,53257,1043,1,1050,0
5933,53258,1020,1,5150,0
5934,53258,1072,1,3850,0
5935,53259,1072,1,3850,0.1
5936,53260,1027,2,4700,0
5937,53260,1026,1,5000,0.05
5938,53261,1001,1,68450,0
5939,53261,1074,1,1850,0.1
5940,53262,1041,1,2100,0
5941,53263,1042,1,6050,0.1
5942,53264,1083,1,11100,0.1
5943,53264,1051,2,700,0
5944,53265,1018,1,5900,0
5945,53265,1021,1,1250,0
5946,53266,1009,1,69500,0.1
5947,53267,1061,2,1600,0
5948,53267,1013,1,19300,0.05
5949,53267,1095,2,1650,0.1
5950,53268,1039,3,2400,0
5951,53269,1071,1,9700,0
5952,53269,1051,1,700,0
5953,53269,1014,2,37800,0.15
5954,53270,1099,1,1950,0
5955,53271,1034,2,2400,0
5956,53272,1030,1,1100,0.1
5957,53273,1025,1,2800,0.05
5958,53274,1087,1,3500,0
5959,53274,1021,1,1250,0.05
5960,53275,1030,1,1100,0.1
5961,53276,1015,1,25000,0
5962,53276,1082,2,5100,0.05
5963,53276,1063,1,1700,0
5964,53276,1053,1,1950,0
5965,53277,1077,1,2450,0.1
5966,53277,1059,1,600,0
5967,53278,1001,1,68450,0.05
5968,53278,1083,1,11100,0.1
5969,53279,1063,2,1700,0.1
5970,53280,1061,2,1600,0
5971,53281,1100,1,2550,0.05
5972,53281,1026,1,5000,0.1
5973,53282,1091,2,1450,0
5974,53282,1058,2,500,0
5975,53283,1020,1,5150,0.05
5976,53283,1009,1,69500,0.15
5977,53283,1036,2,4550,0.1
5978,53284,1011,1,63300,0.1
5979,53284,1026,1,5000,0
5980,53285,1050,1,6550,0.05
5981,53285,1019,1,2150,0.1
5982,53285,1063,2,1700,0
5983,53285,1088,1,5250,0
5984,53286,1040,1,4750,0
5985,53287,1048,1,2700,0.05
5986,53288,1073,1,10250,0.1
5987,53288,1029,1,5950,0
5988,53288,1074,1,1850,0.1
5989,53289,1025,1,2800,0
5990,53289,1026,1,5000,0.1
5991,53290,1094,1,5200,0.05
5992,53290,1030,1,1100,0.1
5993,53291,1080,1,500,0.1
5994,53292,1032,2,2800,0.05
5995,53293,1044,1,900,0.05
5996,53293,1072,1,3850,0.05
5997,53294,1062,1,1450,0.05
5998,53294,1017,1,41900,0
5999,53294,1029,1,5950,0
6000,53295,1078,1,2550,0
6001,53295,1039,1,2400,0
6002,53296,1022,1,2900,0
6003,53296,1096,1,2950,0
6004,53297,1006,2,12550,0.05
6005,53297,1072,1,3850,0
6006,53297,1082,2,5100,0.1
6007,53298,1043,1,1050,0
6008,53298,1017,2,41900,0.05
6009,53299,1081,1,6750,0
6010,53300,1048,1,2700,0.05
6011,53300,1046,3,2050,0
6012,53300,1095,1,1650,0
6013,53301,1083,2,11100,0.1
6014,53301,1073,2,10250,0.05
6015,53302,1026,1,5000,0
6016,53303,1042,3,6050,0
6017,53303,1098,1,3700,0
6018,53303,1026,2,5000,0
6019,53304,1038,1,1700,0
6020,53304,1029,1,5950,0.1
6021,53305,1062,1,1450,0.1
6022,53305,1010,1,45950,0.1
6023,53305,1045,1,3250,0
6024,53306,1069,2,1900,0.05
6025,53306,1032,2,2800,0
6026,53306,1084,2,3550,0.1
6027,53307,1047,1,4300,0.1
6028,53308,1076,1,6950,0
6029,53309,1084,1,3550,0
6030,53310,1081,1,6750,0.15
6031,53310,1030,2,1100,0
6032,53311,1009,2,69500,0
6033,53312,1038,1,1700,0
6034,53312,1068,1,10300,0.1
6035,53312,1099,1,1950,0.05
6036,53313,1084,1,3550,0
6037,53313,1003,1,17250,0
6038,53314,1057,1,650,0.05
6039,53314,1022,2,2900,0.1
6040,53315,1004,1,58800,0.05
6041,53316,1038,1,1700,0
6042,53316,1008,1,60450,0.1
6043,53316,1034,1,2400,0
6044,53316,1011,1,63300,0
6045,53317,1047,2,4300,0.05
6046,53318,1005,1,46200,0.1
6047,53318,1050,1,6550,0.1
6048,53319,1034,1,2400,0
6049,53320,1073,1,10250,0
6050,53321,1007,1,54700,0
6051,53321,1088,1,5250,0
6052,53322,1016,1,37450,0.05
6053,53323,1013,1,19300,0
6054,53323,1033,1,2750,0
6055,53324,1054,1,2100,0
6056,53324,1042,1,6050,0
6057,53325,1016,2,37450,0
6058,53326,1024,1,4450,0
6059,53326,1019,1,2150,0.05
6060,53326,1001,1,68450,0.1
6061,53327,1003,1,17250,0
6062,53328,1055,1,2100,0
6063,53328,1087,2,3500,0.1
6064,53329,1002,2,31150,0.05
6065,53330,1010,3,45950,0.1
6066,53330,1076,1,6950,0
6067,53331,1079,1,10450,0.1
6068,53331,1088,2,5250,0
6069,53331,1065,1,250,0.15
6070,53332,1083,1,11100,0
6071,53332,1024,2,4450,0.05
6072,53333,1033,1,2750,0
6073,53333,1080,1,500,0
6074,53334,1052,1,1000,0.05
6075,53335,1091,1,1450,0.1
6076,53335,1056,2,950,0.1
6077,53336,1005,3,46200,0
6078,53336,1043,1,1050,0
6079,53336,1009,2,69500,0
6080,53337,1055,1,2100,0
6081,53338,1059,1,600,0
6082,53338,1065,1,250,0.1
6083,53339,1079,2,10450,0.05
6084,53340,1029,2,5950,0
6085,53340,1025,1,2800,0.05
6086,53341,1032,2,2800,0
6087,53342,1021,1,1250,0
6088,53343,1042,2,6050,0.05
6089,53344,1052,1,1000,0.1
6090,53344,1008,3,60450,0
6091,53344,1088,1,5250,0
6092,53345,1001,1,68450,0
6093,53345,1087,1,3500,0.05
6094,53346,1051,1,700,0.1
6095,53346,1062,1,1450,0.1
6096,53346,1028,1,2350,0.1
6097,53346,1097,1,4550,0.15
6098,53347,1052,1,1000,0
6099,53348,1046,1,2050,0
6100,53348,1003,1,17250,0.1
6101,53349,1071,1,9700,0.05
6102,53349,1028,1,2350,0
6103,53350,1005,3,46200,0.15
6104,53350,1045,2,3250,0.1
6105,53351,1074,2,1850,0.1
6106,53352,1054,1,2100,0
6107,53353,1082,2,5100,0.05
6108,53354,1012,1,3650,0.1
6109,53355,1040,2,4750,0
6110,53355,1079,1,10450,0
6111,53356,1012,1,3650,0
6112,53357,1016,1,37450,0
6113,53357,1099,1,1950,0.15
6114,53358,1036,2,4550,0
6115,53358,1025,2,2800,0.05
6116,53359,1046,2,2050,0.1
6117,53359,1083,1,11100,0
6118,53359,1086,1,900,0.1
6119,53360,1026,2,5000,0
6120,53361,1055,1,2100,0
6121,53362,1027,2,4700,0
6122,53362,1099,1,1950,0.15
6123,53362,1042,1,6050,0
6124,53362,1010,2,45950,0
6125,53363,1059,1,600,0.1
6126,53364,1070,1,2500,0
6127,53365,1001,1,68450,0
6128,53365,1065,2,250,0.1
6129,53366,1079,1,10450,0
6130,53366,1004,1,58800,0.05
6131,53367,1052,1,1000,0.05
6132,53368,1040,1,4750,0.05
6133,53369,1037,1,4100,0.1
6134,53369,1096,1,2950,0
6135,53370,1089,1,1200,0
6136,53371,1056,1,950,0
6137,53372,1005,2,46200,0
6138,53372,1022,2,2900,0.05
6139,53373,1046,1,2050,0
6140,53373,1093,1,1750,0.05
6141,53374,1052,2,1000,0.05
6142,53374,1033,2,2750,0.1
6143,53375,1036,1,4550,0.1
6144,53376,1023,1,2350,0.05
6145,53376,1030,1,1100,0.1
6146,53377,1094,1,5200,0
6147,53378,1057,1,650,0.05
6148,53378,1030,1,1100,0.15
6149,53379,1044,1,900,0.05
6150,53380,1097,1,4550,0.05
6151,53381,1091,1,1450,0
6152,53382,1083,1,11100,0.1
6153,53382,1063,1,1700,0
6154,53383,1011,1,63300,0.1
6155,53383,1041,1,2100,0.05
6156,53383,1009,2,69500,0.1
6157,53383,1021,1,1250,0
6158,53384,1041,1,2100,0.05
6159,53384,1065,1,250,0
6160,53384,1080,1,500,0
6161,53385,1028,2,2350,0
6162,53385,1072,1,3850,0
6163,53386,1093,1,1750,0
6164,53386,1038,1,1700,0.05
6165,53387,1026,1,5000,0.15
6166,53387,1096,3,2950,0.05
6167,53388,1033,1,2750,0.05
6168,53389,1092,1,5950,0
6169,53390,1091,2,1450,0
6170,53390,1029,2,5950,0
6171,53391,1014,2,37800,0.05
6172,53391,1080,1,500,0.05
6173,53391,1006,2,12550,0
6174,53392,1082,2,5100,0
6175,53392,1029,3,5950,0.1
6176,53393,1020,3,5150,0.05
6177,53393,1078,1,2550,0.1
6178,53394,1064,1,2000,0
6179,53395,1091,1,1450,0
6180,53395,1040,1,4750,0.1
6181,53396,1006,1,12550,0.05
6182,53396,1026,1,5000,0.1
6183,53396,1077,1,2450,0
6184,53397,1043,1,1050,0
6185,53398,1041,2,2100,0
6186,53398,1062,1,1450,0
6187,53398,1082,2,5100,0
6188,53398,1081,3,6750,0
6189,53399,1033,1,2750,0
6190,53400,1056,1,950,0
6191,53400,1095,1,1650,0
6192,53400,1029,1,5950,0.1
6193,53401,1090,1,3400,0
6194,53401,1034,1,2400,0
6195,53402,1088,2,5250,0
6196,53402,1047,1,4300,0
6197,53403,1004,1,58800,0.1
6198,53403,1011,1,63300,0
6199,53403,1064,2,2000,0
6200,53404,1042,1,6050,0.1
6201,53404,1053,2,1950,0.05
6202,53405,1055,1,2100,0
6203,53405,1017,2,41900,0.05
6204,53406,1034,1,2400,0
6205,53407,1016,1,37450,0.1
6206,53407,1037,1,4100,0.05
6207,53408,1083,2,11100,0
6208,53409,1099,1,1950,0
6209,53409,1056,1,950,0
6210,53409,1044,1,900,0
6211,53410,1044,2,900,0
6212,53410,1087,2,3500,0.05
6213,53411,1074,1,1850,0
6214,53411,1032,1,2800,0
6215,53412,1022,1,2900,0.1
6216,53412,1024,1,4450,0
6217,53413,1051,1,700,0.1
6218,53414,1099,2,1950,0
6219,53414,1091,2,1450,0.05
6220,53415,1078,2,2550,0
6221,53415,1022,2,2900,0.05
6222,53416,1067,1,1950,0.1
6223,53416,1058,2,500,0.05
6224,53417,1100,1,2550,0.05
6225,53417,1035,1,5050,0
6226,53417,1029,1,5950,0.05
6227,53417,1004,1,58800,0.1
6228,53418,1020,1,5150,0.15
6229,53419,1098,1,3700,0.05
6230,53419,1001,1,68450,0.05
6231,53419,1039,1,2400,0.05
6232,53420,1070,1,2500,0
6233,53420,1092,2,5950,0
6234,53421,1040,2,4750,0
6235,53421,1057,1,650,0.05
6236,53422,1069,1,1900,0
6237,53422,1011,2,63300,0
6238,53423,1063,1,1700,0.1
6239,53424,1068,2,10300,0
6240,53425,1028,1,2350,0.1
6241,53425,1010,1,45950,0
6242,53426,1022,1,2900,0.05
6243,53427,1067,1,1950,0.05
6244,53427,1093,1,1750,0.1
6245,53428,1065,1,250,0
6246,53428,1018,3,5900,0.05
6247,53429,1084,1,3550,0
6248,53429,1071,1,9700,0
6249,53430,1012,1,3650,0.05
6250,53430,1082,1,5100,0
6251,53430,1035,1,5050,0
6252,53431,1020,3,5150,0
6253,53431,1077,1,2450,0
6254,53431,1065,1,250,0.1
6255,53431,1008,1,60450,0
6256,53432,1097,1,4550,0
6257,53433,1024,1,4450,0.1
6258,53433,1009,1,69500,0
6259,53434,1058,1,500,0
6260,53434,1004,1,58800,0
6261,53434,1056,2,950,0
6262,53434,1059,2,600,0
6263,53435,1041,1,2100,0
6264,53435,1032,1,2800,0
6265,53435,1071,3,9700,0.1
6266,53436,1089,2,1200,0.05
6267,53437,1012,1,3650,0.1
6268,53437,1005,1,46200,0
6269,53437,1013,2,19300,0.05
6270,53438,1078,2,2550,0.1
6271,53438,1046,2,2050,0
6272,53439,1062,1,1450,0.05
6273,53439,1001,2,68450,0
6274,53440,1035,2,5050,0
6275,53441,1025,2,2800,0.1
6276,53442,1030,1,1100,0
6277,53442,1056,1,950,0.1
6278,53443,1040,2,4750,0.05
6279,53444,1025,1,2800,0
6280,53444,1097,1,4550,0
6281,53445,1091,2,1450,0
6282,53446,1075,1,4300,0.1
6283,53446,1038,2,1700,0
6284,53446,1019,2,2150,0
6285,53447,1098,2,3700,0
6286,53448,1070,1,2500,0.05
6287,53448,1022,1,2900,0
6288,53449,1003,1,17250,0
6289,53450,1076,2,6950,0.05
6290,53450,1097,2,4550,0
6291,53451,1001,2,68450,0.15
6292,53452,1045,2,3250,0
6293,53453,1097,1,4550,0.05
6294,53454,1031,1,3400,0.05
6295,53455,1042,1,6050,0.05
6296,53456,1011,2,63300,0
6297,53456,1090,2,3400,0
6298,53457,1046,1,2050,0
6299,53458,1016,1,37450,0.05
6300,53458,1045,2,3250,0.05
6301,53458,1035,1,5050,0
6302,53459,1014,1,37800,0.15
6303,53459,1077,2,2450,0.1
6304,53460,1031,1,3400,0.05
6305,53460,1049,1,3850,0.05
6306,53460,1038,1,1700,0.1
6307,53461,1039,2,2400,0
6308,53461,1070,1,2500,0
6309,53461,1082,2,5100,0
6310,53461,1027,2,4700,0
6311,53462,1085,1,6000,0.05
6312,53463,1027,1,4700,0
6313,53464,1035,2,5050,0
6314,53465,1075,1,4300,0.1
6315,53466,1081,3,6750,0.1
6316,53467,1099,1,1950,0
6317,53468,1072,1,3850,0.1
6318,53469,1070,2,2500,0
6319,53469,1003,1,17250,0
6320,53470,1090,1,3400,0.15
6321,53470,1043,1,1050,0
6322,53471,1037,1,4100,0
6323,53472,1097,1,4550,0.1
6324,53472,1087,1,3500,0
6325,53472,1038,1,1700,0.05
6326,53473,1075,1,4300,0.1
6327,53473,1010,1,45950,0
6328,53474,1047,3,4300,0.1
6329,53474,1020,1,5150,0.05
6330,53474,1010,3,45950,0.05
6331,53475,1025,1,2800,0
6332,53476,1066,1,600,0
6333,53476,1087,2,3500,0.1
6334,53476,1085,2,6000,0
6335,53476,1068,1,10300,0
6336,53477,1006,1,12550,0
6337,53477,1025,2,2800,0
6338,53477,1062,1,1450,0.05
6339,53477,1004,1,58800,0.05
6340,53478,1027,1,4700,0
6341,53478,1089,1,1200,0.05
6342,53479,1003,2,17250,0
6343,53480,1002,2,31150,0.05
6344,53480,1041,1,2100,0.1
6345,53480,1008,1,60450,0
6346,53481,1036,1,4550,0
6347,53482,1099,3,1950,0
6348,53483,1014,1,37800,0.05
6349,53484,1041,1,2100,0
6350,53485,1047,1,4300,0
6351,53486,1092,2,5950,0.1
6352,53487,1008,2,60450,0
6353,53487,1009,1,69500,0
6354,53488,1014,2,37800,0
6355,53488,1064,1,2000,0.1
6356,53489,1033,2,2750,0
6357,53490,1097,1,4550,0.05
6358,53491,1050,2,6550,0
6359,53492,1012,2,3650,0.1
6360,53493,1022,1,2900,0
6361,53494,1059,1,600,0
6362,53495,1050,1,6550,0
6363,53495,1084,1,3550,0.05
6364,53496,1050,1,6550,0
6365,53496,1065,1,250,0
6366,53496,1040,2,4750,0
6367,53496,1013,1,19300,0.05
6368,53497,1026,1,5000,0.15
6369,53498,1002,2,31150,0
6370,53498,1044,1,900,0.1
6371,53499,1068,1,10300,0
6372,53500,1058,1,500,0
6373,53501,1060,3,750,0
6374,53501,1037,1,4100,0.1
6375,53502,1045,2,3250,0.05
6376,53502,1095,2,1650,0.05
6377,53502,1059,1,600,0
6378,53503,1046,1,2050,0.1
6379,53504,1032,1,2800,0
6380,53505,1071,1,9700,0
6381,53506,1083,1,11100,0.05
6382,53506,1086,1,900,0
6383,53507,1059,3,600,0
6384,53508,1084,1,3550,0
6385,53508,1083,1,11100,0.05
6386,53509,1015,1,25000,0
6387,53509,1032,2,2800,0
6388,53510,1028,1,2350,0
6389,53511,1002,1,31150,0
6390,53512,1040,1,4750,0
6391,53513,1087,3,3500,0
6392,53513,1004,1,58800,0.05
6393,53514,1061,1,1600,0
6394,53514,1004,1,58800,0
6395,53514,1085,1,6000,0.05
6396,53515,1067,1,1950,0
6397,53515,1058,1,500,0
6398,53516,1028,1,2350,0.1
6399,53517,1080,1,500,0.05
6400,53517,1049,1,3850,0
6401,53518,1006,1,12550,0
6402,53518,1057,2,650,0
6403,53519,1046,1,2050,0
6404,53519,1082,1,5100,0.1
6405,53519,1024,2,4450,0.1
6406,53520,1019,3,2150,0
6407,53520,1017,1,41900,0
6408,53521,1027,1,4700,0
6409,53521,1098,1,3700,0
6410,53521,1071,3,9700,0
6411,53522,1080,1,500,0.05
6412,53522,1086,2,900,0
6413,53523,1015,3,25000,0.1
6414,53523,1078,1,2550,0.1
6415,53524,1064,1,2000,0
6416,53525,1026,1,5000,0
6417,53526,1067,1,1950,0
6418,53527,1023,2,2350,0
6419,53528,1037,1,4100,0.05
6420,53528,1092,1,5950,0
6421,53529,1064,2,2000,0.05
6422,53529,1045,1,3250,0.05
6423,53530,1064,1,2000,0.05
6424,53531,1094,1,5200,0
6425,53532,1036,1,4550,0
6426,53533,1050,1,6550,0
6427,53534,1095,1,1650,0.05
6428,53534,1059,1,600,0
6429,53535,1057,1,650,0.1
6430,53535,1083,1,11100,0.05
6431,53536,1038,1,1700,0
6432,53536,1048,1,2700,0.15
6433,53537,1082,2,5100,0.1
6434,53537,1067,1,1950,0
6435,53538,1028,2,2350,0
6436,53539,1082,1,5100,0
6437,53539,1046,1,2050,0.1
6438,53540,1093,1,1750,0
6439,53540,1008,1,60450,0
6440,53541,1027,1,4700,0
6441,53542,1034,1,2400,0
6442,53543,1014,1,37800,0.05
6443,53543,1082,1,5100,0
6444,53544,1007,1,54700,0
6445,53545,1042,1,6050,0
6446,53545,1014,1,37800,0
6447,53546,1040,2,4750,0.05
6448,53546,1020,1,5150,0
6449,53547,1020,1,5150,0
6450,53548,1038,2,1700,0
6451,53549,1049,1,3850,0
6452,53549,1044,2,900,0.05
6453,53550,1054,1,2100,0
6454,53550,1007,1,54700,0
6455,53551,1021,2,1250,0
6456,53551,1016,2,37450,0.15
6457,53552,1048,2,2700,0
6458,53553,1073,1,10250,0.05
6459,53554,1043,1,1050,0
6460,53554,1070,1,2500,0
6461,53555,1010,1,45950,0
6462,53555,1014,2,37800,0
6463,53555,1096,1,2950,0
6464,53556,1008,2,60450,0
6465,53557,1047,1,4300,0.15
6466,53558,1049,1,3850,0.1
6467,53559,1044,1,900,0
6468,53560,1028,1,2350,0
6469,53561,1037,2,4100,0
6470,53561,1028,1,2350,0
6471,53561,1011,1,63300,0
6472,53562,1043,1,1050,0
6473,53562,1065,2,250,0
6474,53562,1073,2,10250,0
6475,53563,1089,1,1200,0.05
6476,53564,1065,1,250,0
6477,53564,1098,1,3700,0.05
6478,53564,1067,1,1950,0.1
6479,53564,1008,1,60450,0
6480,53565,1022,1,2900,0
6481,53565,1019,1,2150,0.1
6482,53565,1027,2,4700,0
6483,53566,1036,1,4550,0.05
6484,53567,1036,2,4550,0.1
6485,53568,1051,2,700,0
6486,53569,1075,1,4300,0.05
6487,53570,1016,2,37450,0
6488,53571,1079,2,10450,0
6489,53571,1096,1,2950,0
6490,53572,1055,2,2100,0.05
6491,53572,1085,1,6000,0
6492,53573,1034,1,2400,0
6493,53574,1054,2,2100,0
6494,53574,1059,1,600,0
6495,53575,1031,3,3400,0
6496,53575,1058,1,500,0.1
6497,53575,1024,3,4450,0.1
6498,53576,1046,1,2050,0.05
6499,53576,1012,2,3650,0
6500,53577,1024,1,4450,0
6501,53578,1015,1,25000,0
6502,53579,1078,1,2550,0.05
6503,53580,1010,2,45950,0.1
6504,53580,1052,1,1000,0.1
6505,53580,1077,1,2450,0
6506,53580,1038,1,1700,0
6507,53581,1062,3,1450,0
6508,53582,1048,1,2700,0
6509,53582,1087,1,3500,0.1
6510,53583,1067,1,1950,0
6511,53583,1031,1,3400,0
6512,53584,1037,2,4100,0.1
6513,53584,1007,1,54700,0
6514,53584,1066,2,600,0
6515,53584,1026,2,5000,0.05
6516,53585,1052,1,1000,0.05
6517,53586,1076,1,6950,0
6518,53587,1019,1,2150,0
6519,53588,1085,1,6000,0.1
6520,53588,1003,1,17250,0.05
6521,53589,1012,1,3650,0.05
6522,53590,1058,1,500,0.05
6523,53590,1023,1,2350,0.05
6524,53591,1091,2,1450,0
6525,53591,1065,1,250,0.1
6526,53591,1080,2,500,0
6527,53591,1036,1,4550,0.05
6528,53592,1074,2,1850,0.05
6529,53593,1087,1,3500,0.1
6530,53594,1079,1,10450,0
6531,53594,1045,2,3250,0
6532,53595,1076,2,6950,0
6533,53595,1065,1,250,0.05
6534,53596,1030,2,1100,0
6535,53596,1051,3,700,0.1
6536,53597,1062,1,1450,0
6537,53598,1018,1,5900,0.05
6538,53599,1019,1,2150,0
6539,53600,1007,2,54700,0
6540,53601,1024,1,4450,0.1
6541,53602,1091,1,1450,0
6542,53603,1009,1,69500,0
6543,53603,1055,2,2100,0
6544,53604,1014,1,37800,0.05
6545,53605,1095,2,1650,0
6546,53605,1044,1,900,0.05
6547,53606,1062,1,1450,0.05
6548,53607,1018,1,5900,0
6549,53608,1075,1,4300,0
6550,53608,1091,1,1450,0.1
6551,53609,1028,1,2350,0.05
6552,53609,1056,1,950,0.15
6553,53610,1059,2,600,0
6554,53610,1095,1,1650,0.1
6555,53610,1054,1,2100,0.15
6556,53610,1084,1,3550,0.1
6557,53611,1095,1,1650,0
6558,53612,1091,1,1450,0.1
6559,53613,1031,1,3400,0
6560,53613,1058,2,500,0
6561,53613,1086,1,900,0.05
6562,53614,1026,1,5000,0
6563,53615,1035,1,5050,0
6564,53615,1019,1,2150,0
6565,53616,1092,2,5950,0.1
6566,53617,1086,2,900,0.05
6567,53617,1094,1,5200,0
6568,53618,1042,1,6050,0.05
6569,53619,1031,2,3400,0
6570,53620,1022,1,2900,0
6571,53621,1042,3,6050,0
6572,53621,1012,1,3650,0
6573,53622,1029,1,5950,0
6574,53623,1081,2,6750,0
6575,53623,1009,2,69500,0
6576,53624,1058,1,500,0.05
6577,53625,1028,1,2350,0.1
6578,53625,1032,1,2800,0
6579,53625,1082,1,5100,0
6580,53626,1087,1,3500,0
6581,53627,1083,2,11100,0
6582,53627,1076,2,6950,0.05
6583,53628,1039,1,2400,0.05
6584,53628,1045,1,3250,0.15
6585,53629,1085,1,6000,0
6586,53629,1083,2,11100,0
6587,53630,1014,1,37800,0.05
6588,53630,1039,1,2400,0
6589,53631,1015,1,25000,0.1
6590,53631,1029,1,5950,0
6591,53631,1054,2,2100,0
6592,53631,1060,1,750,0
6593,53632,1089,1,1200,0
6594,53632,1031,1,3400,0
6595,53633,1048,2,2700,0
6596,53633,1031,1,3400,0.05
6597,53634,1001,1,68450,0
6598,53635,1077,1,2450,0.15
6599,53636,1035,1,5050,0.05
6600,53636,1012,1,3650,0.1
6601,53636,1071,1,9700,0
6602,53637,1081,2,6750,0.1
6603,53637,1058,1,500,0
6604,53637,1041,3,2100,0
6605,53638,1019,1,2150,0
6606,53639,1043,2,1050,0
6607,53639,1042,2,6050,0
6608,53640,1094,2,5200,0
6609,53641,1017,1,41900,0
6610,53641,1049,1,3850,0.05
6611,53641,1062,1,1450,0
6612,53642,1085,2,6000,0.05
6613,53643,1094,1,5200,0.05
6614,53644,1097,1,4550,0
6615,53645,1080,3,500,0
6616,53646,1040,1,4750,0.05
6617,53646,1026,1,5000,0.05
6618,53646,1046,2,2050,0
6619,53647,1066,1,600,0.1
6620,53648,1019,1,2150,0.05
6621,53648,1043,1,1050,0
6622,53649,1023,1,2350,0
6623,53650,1056,1,950,0
6624,53651,1043,3,1050,0.05
6625,53651,1045,2,3250,0.1
6626,53652,1079,1,10450,0.05
6627,53652,1044,1,900,0.05
6628,53653,1008,1,60450,0.05
6629,53654,1042,1,6050,0
6630,53654,1089,1,1200,0.05
6631,53655,1029,1,5950,0.1
6632,53656,1010,1,45950,0
6633,53657,1075,2,4300,0
6634,53657,1052,2,1000,0.05
6635,53657,1060,3,750,0
6636,53658,1100,1,2550,0.05
6637,53659,1060,1,750,0
6638,53659,1003,1,17250,0
6639,53660,1007,2,54700,0.05
6640,53660,1058,1,500,0
6641,53660,1085,1,6000,0
6642,53661,1046,2,2050,0.1
6643,53661,1099,1,1950,0
6644,53662,1030,1,1100,0.05
6645,53662,1036,1,4550,0.05
6646,53662,1053,1,1950,0
6647,53663,1007,1,54700,0.1
6648,53664,1080,1,500,0.05
6649,53664,1004,1,58800,0
6650,53665,1033,2,2750,0.1
6651,53666,1008,1,60450,0
6652,53666,1091,1,1450,0
6653,53667,1033,3,2750,0
6654,53667,1079,1,10450,0.1
6655,53668,1037,1,4100,0
6656,53668,1018,2,5900,0.1
6657,53668,1049,2,3850,0.05
6658,53669,1054,1,2100,0
6659,53669,1044,1,900,0.05
6660,53669,1009,2,69500,0.05
6661,53670,1016,1,37450,0
6662,53671,1085,1,6000,0.05
6663,53671,1095,1,1650,0.05
6664,53672,1038,1,1700,0.05
6665,53672,1016,1,37450,0
6666,53672,1063,1,1700,0.05
6667,53673,1081,3,6750,0.05
6668,53673,1006,2,12550,0
6669,53674,1020,1,5150,0.05
6670,53674,1013,1,19300,0
6671,53675,1025,1,2800,0.15
6672,53676,1060,1,750,0.05
6673,53676,1082,1,5100,0.1
6674,53676,1086,1,900,0.1
6675,53677,1031,1,3400,0
6676,53677,1070,1,2500,0
6677,53677,1072,1,3850,0.05
6678,53678,1086,1,900,0.1
6679,53678,1046,1,2050,0
6680,53679,1009,1,69500,0
6681,53679,1078,1,2550,0.1
6682,53680,1067,1,1950,0.15
6683,53680,1051,1,700,0
6684,53681,1030,1,1100,0.15
6685,53681,1065,1,250,0
6686,53682,1010,1,45950,0
6687,53683,1084,1,3550,0
6688,53683,1025,1,2800,0.05
6689,53684,1044,1,900,0.15
6690,53685,1012,2,3650,0
6691,53685,1004,1,58800,0.1
6692,53685,1050,1,6550,0
6693,53686,1098,1,3700,0.1
6694,53686,1038,1,1700,0.05
6695,53686,1070,1,2500,0.05
6696,53687,1072,1,3850,0
6697,53688,1010,1,45950,0.1
6698,53689,1089,1,1200,0
6699,53689,1088,2,5250,0.05
6700,53690,1001,1,68450,0
6701,53690,1058,2,500,0.1
6702,53691,1002,1,31150,0.05
6703,53691,1025,1,2800,0
6704,53691,1087,1,3500,0
6705,53691,1018,2,5900,0.05
6706,53692,1068,1,10300,0.15
6707,53692,1031,1,3400,0
6708,53692,1074,1,1850,0.05
6709,53693,1066,1,600,0.15
6710,53693,1098,2,3700,0.1
6711,53694,1058,3,500,0.1
6712,53694,1042,1,6050,0
6713,53695,1064,1,2000,0.1
6714,53695,1098,2,3700,0.05
6715,53696,1003,2,17250,0
6716,53697,1056,2,950,0.05
6717,53698,1063,1,1700,0.1
6718,53698,1037,1,4100,0
6719,53698,1054,2,2100,0
6720,53699,1048,2,2700,0
6721,53699,1051,1,700,0.15
6722,53700,1077,1,2450,0.05
6723,53700,1005,1,46200,0
6724,53701,1027,1,4700,0.1
6725,53701,1098,2,3700,0.1
6726,53702,1023,2,2350,0.1
6727,53702,1045,1,3250,0
6728,53702,1054,1,2100,0
6729,53703,1085,1,6000,0
6730,53704,1072,1,3850,0
6731,53705,1077,2,2450,0.05
6732,53706,1009,1,69500,0
6733,53706,1013,1,19300,0.1
6734,53706,1048,2,2700,0
6735,53707,1040,1,4750,0
6736,53707,1022,1,2900,0.05
6737,53708,1094,1,5200,0.1
6738,53709,1001,1,68450,0.05
6739,53710,1091,2,1450,0.1
6740,53711,1038,1,1700,0
6741,53712,1081,1,6750,0
6742,53713,1023,1,2350,0.1
6743,53714,1023,2,2350,0.05
6744,53714,1075,1,4300,0.1
6745,53715,1018,1,5900,0.05
6746,53715,1064,2,2000,0
6747,53715,1049,1,3850,0.05
6748,53715,1032,1,2800,0
6749,53716,1077,2,2450,0
6750,53717,1031,3,3400,0
6751,53717,1094,2,5200,0.15
6752,53718,1085,1,6000,0.05
6753,53718,1038,1,1700,0.05
6754,53719,1056,1,950,0.1
6755,53719,1076,2,6950,0.05
6756,53720,1018,1,5900,0
6757,53721,1001,1,68450,0
6758,53722,1039,1,2400,0
6759,53722,1097,1,4550,0
6760,53723,1027,1,4700,0
6761,53724,1007,1,54700,0
6762,53724,1041,3,2100,0
6763,53725,1014,1,37800,0.1
6764,53725,1080,3,500,0
6765,53726,1063,1,1700,0.05
6766,53727,1087,3,3500,0
6767,53728,1003,1,17250,0
6768,53729,1012,1,3650,0.1
6769,53729,1066,1,600,0
6770,53729,1024,1,4450,0
6771,53730,1005,1,46200,0
6772,53731,1078,1,2550,0
6773,53731,1007,1,54700,0
6774,53731,1074,1,1850,0.1
6775,53732,1049,2,3850,0.15
6776,53732,1085,1,6000,0
6777,53733,1015,2,25000,0.1
6778,53733,1028,1,2350,0.05
6779,53734,1049,1,3850,0.1
6780,53734,1077,1,2450,0.1
6781,53735,1060,2,750,0.05
6782,53736,1018,2,5900,0
6783,53736,1054,1,2100,0.05
6784,53736,1077,1,2450,0
6785,53737,1068,1,10300,0
6786,53737,1083,1,11100,0.05
6787,53737,1023,1,2350,0
6788,53738,1080,2,500,0
6789,53739,1050,1,6550,0.15
6790,53739,1075,1,4300,0.05
6791,53740,1072,1,3850,0
6792,53740,1045,1,3250,0.05
6793,53740,1082,1,5100,0.05
6794,53741,1094,1,5200,0
6795,53742,1001,1,68450,0
6796,53742,1015,2,25000,0.05
6797,53743,1093,1,1750,0.1
6798,53744,1021,1,1250,0
6799,53744,1027,1,4700,0.05
6800,53744,1026,1,5000,0.05
6801,53745,1098,1,3700,0
6802,53745,1013,1,19300,0
6803,53745,1019,2,2150,0
6804,53746,1066,1,600,0.05
6805,53746,1093,1,1750,0.05
6806,53747,1024,1,4450,0
6807,53747,1007,2,54700,0
6808,53747,1040,1,4750,0.05
6809,53748,1072,2,3850,0.05
6810,53748,1013,1,19300,0.1
6811,53748,1054,1,2100,0
6812,53749,1080,1,500,0.1
6813,53749,1076,1,6950,0.05
6814,53749,1003,1,17250,0
6815,53750,1016,1,37450,0.1
6816,53751,1081,1,6750,0
6817,53751,1013,1,19300,0
6818,53751,1031,2,3400,0
6819,53751,1064,1,2000,0.05
6820,53752,1082,1,5100,0
6821,53753,1015,1,25000,0.05
6822,53754,1081,2,6750,0.1
6823,53755,1089,1,1200,0.05
6824,53755,1063,3,1700,0
6825,53756,1058,1,500,0
6826,53757,1014,1,37800,0
6827,53757,1017,2,41900,0
6828,53758,1044,2,900,0
6829,53758,1086,2,900,0
6830,53759,1032,1,2800,0.05
6831,53759,1093,1,1750,0
6832,53760,1070,3,2500,0.1
6833,53760,1089,1,1200,0
6834,53761,1068,1,10300,0.05
6835,53761,1037,1,4100,0
6836,53762,1036,1,4550,0
6837,53762,1095,1,1650,0.1
6838,53763,1037,1,4100,0.1
6839,53763,1063,3,1700,0.05
6840,53764,1030,1,1100,0.05
6841,53765,1042,1,6050,0
6842,53765,1013,1,19300,0
6843,53765,1037,1,4100,0
6844,53766,1041,1,2100,0.1
6845,53767,1051,1,700,0.1
6846,53767,1039,2,2400,0.05
6847,53768,1011,1,63300,0.05
6848,53769,1077,1,2450,0.1
6849,53770,1064,1,2000,0
6850,53770,1044,1,900,0
6851,53771,1100,3,2550,0.05
6852,53772,1020,1,5150,0
6853,53773,1001,1,68450,0
6854,53773,1092,1,5950,0
6855,53773,1027,1,4700,0
6856,53773,1068,2,10300,0
6857,53774,1009,1,69500,0
6858,53775,1087,1,3500,0
6859,53776,1078,1,2550,0.05
6860,53776,1072,1,3850,0
6861,53777,1013,3,19300,0.05
6862,53778,1025,1,2800,0.05
6863,53778,1082,1,5100,0.1
6864,53778,1059,1,600,0
6865,53779,1068,2,10300,0.1
6866,53779,1078,1,2550,0
6867,53779,1036,1,4550,0.05
6868,53780,1089,1,1200,0.05
6869,53780,1075,1,4300,0
6870,53781,1080,1,500,0.1
6871,53781,1035,1,5050,0
6872,53781,1024,1,4450,0.05
6873,53781,1072,1,3850,0
6874,53782,1084,1,3550,0.1
6875,53782,1041,1,2100,0
6876,53783,1099,1,1950,0.05
6877,53783,1077,1,2450,0.1
6878,53784,1028,1,2350,0
6879,53784,1024,1,4450,0.05
6880,53785,1004,1,58800,0.05
6881,53785,1079,2,10450,0
6882,53785,1083,1,11100,0
6883,53786,1030,1,1100,0.05
6884,53787,1022,1,2900,0.05
6885,53787,1040,2,4750,0.05
6886,53788,1018,1,5900,0.1
6887,53789,1070,1,2500,0.05
6888,53789,1076,1,6950,0
6889,53790,1065,1,250,0.1
6890,53790,1085,3,6000,0
6891,53791,1005,1,46200,0.05
6892,53792,1019,2,2150,0.05
6893,53793,1073,1,10250,0
6894,53793,1060,1,750,0
6895,53793,1064,2,2000,0.1
6896,53794,1048,1,2700,0.15
6897,53795,1050,1,6550,0.1
6898,53795,1008,1,60450,0
6899,53796,1061,1,1600,0
6900,53797,1053,2,1950,0
6901,53798,1100,2,2550,0
6902,53799,1058,2,500,0
6903,53799,1082,1,5100,0
6904,53800,1050,2,6550,0.1
6905,53800,1030,1,1100,0.05
6906,53801,1053,1,1950,0.1
6907,53802,1015,1,25000,0.05
6908,53803,1027,3,4700,0.05
6909,53804,1030,1,1100,0
6910,53805,1038,2,1700,0
6911,53805,1072,1,3850,0.1
6912,53806,1037,2,4100,0.1
6913,53807,1091,1,1450,0
6914,53807,1087,1,3500,0.05
6915,53807,1036,1,4550,0
6916,53808,1027,1,4700,0.15
6917,53808,1050,2,6550,0.1
6918,53808,1044,1,900,0.1
6919,53809,1033,2,2750,0.05
6920,53809,1056,1,950,0
6921,53809,1055,1,2100,0
6922,53809,1058,1,500,0.05
6923,53810,1046,3,2050,0
6924,53811,1093,2,1750,0.05
6925,53812,1034,1,2400,0.05
6926,53812,1019,1,2150,0
6927,53813,1084,2,3550,0
6928,53814,1097,2,4550,0.05
6929,53815,1029,1,5950,0
6930,53815,1009,1,69500,0
6931,53815,1014,2,37800,0.05
6932,53816,1013,1,19300,0.1
6933,53816,1099,1,1950,0.1
6934,53816,1095,1,1650,0
6935,53817,1028,1,2350,0.15
6936,53817,1082,1,5100,0.05
6937,53818,1066,1,600,0.05
6938,53819,1065,1,250,0
6939,53819,1083,1,11100,0
6940,53819,1029,2,5950,0
6941,53820,1062,1,1450,0.05
6942,53820,1034,2,2400,0.05
6943,53821,1099,2,1950,0
6944,53822,1042,1,6050,0.05
6945,53822,1052,1,1000,0.05
6946,53823,1058,2,500,0.1
6947,53823,1067,1,1950,0
6948,53823,1083,1,11100,0
6949,53824,1001,1,68450,0
6950,53825,1077,1,2450,0
6951,53825,1034,3,2400,0.05
6952,53826,1021,1,1250,0.05
6953,53826,1037,1,4100,0.05
6954,53826,1053,1,1950,0
6955,53827,1014,1,37800,0
6956,53828,1048,1,2700,0
6957,53828,1079,1,10450,0.1
6958,53829,1008,1,60450,0.1
6959,53830,1049,1,3850,0.05
6960,53830,1010,1,45950,0
6961,53831,1014,3,37800,0
6962,53831,1080,1,500,0.15
6963,53832,1028,1,2350,0.05
6964,53832,1055,1,2100,0.05
6965,53833,1094,2,5200,0.05
6966,53834,1010,3,45950,0
6967,53835,1097,1,4550,0.05
6968,53835,1032,1,2800,0
6969,53835,1091,2,1450,0.05
6970,53836,1061,1,1600,0
6971,53836,1090,1,3400,0.15
6972,53837,1058,1,500,0
6973,53837,1045,1,3250,0
6974,53838,1082,1,5100,0
6975,53838,1078,1,2550,0
6976,53838,1084,1,3550,0
6977,53838,1057,1,650,0.05
6978,53839,1010,1,45950,0
6979,53840,1044,2,900,0.1
6980,53841,1003,1,17250,0
6981,53841,1013,1,19300,0.05
6982,53842,1028,2,2350,0.1
6983,53843,1096,1,2950,0.1
6984,53844,1070,2,2500,0.05
6985,53844,1009,2,69500,0.05
6986,53845,1060,1,750,0.1
6987,53845,1056,2,950,0
6988,53846,1040,1,4750,0.1
6989,53847,1055,1,2100,0.05
6990,53847,1030,1,1100,0.05
6991,53847,1023,1,2350,0
6992,53848,1043,1,1050,0
6993,53848,1065,1,250,0
6994,53849,1020,1,5150,0
6995,53849,1042,2,6050,0
6996,53850,1091,2,1450,0
6997,53850,1036,1,4550,0.15
6998,53850,1095,1,1650,0
6999,53850,1021,2,1250,0.05
7000,53851,1045,2,3250,0
7001,53851,1080,3,500,0
7002,53852,1099,1,1950,0
7003,53853,1015,1,25000,0.05
7004,53854,1016,2,37450,0.15
7005,53855,1052,1,1000,0
7006,53856,1031,1,3400,0.05
7007,53857,1060,1,750,0
7008,53857,1036,1,4550,0
7009,53857,1040,1,4750,0.1
7010,53858,1039,1,2400,0
7011,53859,1054,2,2100,0
7012,53859,1051,1,700,0
7013,53859,1058,1,500,0.1
7014,53860,1084,1,3550,0.05
7015,53861,1006,1,12550,0
7016,53861,1033,2,2750,0.05
7017,53861,1092,2,5950,0.15
7018,53861,1064,3,2000,0.05
7019,53862,1053,1,1950,0.05
7020,53862,1045,1,3250,0.05
7021,53863,1045,1,3250,0
7022,53863,1026,2,5000,0
7023,53864,1060,1,750,0.1
7024,53864,1099,2,1950,0.1
7025,53865,1042,1,6050,0.05
7026,53866,1040,2,4750,0.1
7027,53867,1040,1,4750,0
7028,53868,1004,1,58800,0.1
7029,53868,1093,1,1750,0
7030,53868,1020,2,5150,0.1
7031,53869,1026,1,5000,0.05
7032,53870,1032,1,2800,0.15
7033,53871,1050,1,6550,0.1
7034,53872,1068,3,10300,0.1
7035,53872,1077,2,2450,0.1
7036,53873,1082,1,5100,0
7037,53874,1090,1,3400,0
7038,53875,1060,1,750,0.05
7039,53875,1082,2,5100,0.05
7040,53875,1051,1,700,0
7041,53876,1015,2,25000,0.05
7042,53876,1011,1,63300,0.1
7043,53876,1046,1,2050,0
7044,53877,1010,1,45950,0.05
7045,53878,1052,1,1000,0
7046,53878,1044,1,900,0.05
7047,53878,1005,2,46200,0
7048,53879,1096,1,2950,0.1
7049,53880,1048,1,2700,0.05
7050,53880,1009,2,69500,0
7051,53880,1005,1,46200,0.1
7052,53881,1018,1,5900,0
7053,53882,1043,1,1050,0
7054,53882,1051,1,700,0.05
7055,53883,1068,2,10300,0.1
7056,53883,1023,2,2350,0.1
7057,53883,1049,1,3850,0
7058,53884,1032,1,2800,0
7059,53885,1065,1,250,0
7060,53885,1061,3,1600,0
7061,53885,1011,2,63300,0
7062,53886,1049,1,3850,0.1
7063,53887,1037,2,4100,0.1
7064,53887,1026,2,5000,0.1
7065,53887,1065,1,250,0
7066,53888,1070,2,2500,0.1
7067,53889,1046,1,2050,0
7068,53889,1069,1,1900,0.05
7069,53889,1037,1,4100,0
7070,53890,1062,1,1450,0.1
7071,53890,1021,1,1250,0.05
7072,53890,1084,2,3550,0.05
7073,53891,1044,1,900,0
7074,53891,1045,1,3250,0
7075,53892,1039,1,2400,0.05
7076,53893,1061,1,1600,0.1
7077,53893,1058,1,500,0.05
7078,53894,1045,1,3250,0.05
7079,53895,1096,1,2950,0.1
7080,53895,1056,1,950,0
7081,53895,1077,1,2450,0.1
7082,53896,1086,1,900,0
7083,53897,1026,1,5000,0.1
7084,53898,1052,1,1000,0.1
7085,53898,1089,1,1200,0.05
7086,53899,1021,1,1250,0.1
7087,53899,1040,2,4750,0
7088,53899,1047,3,4300,0.05
7089,53900,1016,1,37450,0.05
7090,53901,1019,2,2150,0.1
7091,53902,1012,1,3650,0.05
7092,53903,1071,1,9700,0.1
7093,53903,1061,1,1600,0.15
7094,53904,1028,1,2350,0.05
7095,53904,1045,1,3250,0
7096,53904,1090,1,3400,0.1
7097,53905,1023,1,2350,0.05
7098,53905,1043,1,1050,0.05
7099,53906,1100,1,2550,0
7100,53907,1083,1,11100,0
7101,53908,1085,1,6000,0.05
7102,53908,1093,1,1750,0.05
7103,53909,1029,1,5950,0
7104,53910,1057,2,650,0
7105,53910,1096,1,2950,0.05
7106,53911,1017,1,41900,0.1
7107,53911,1094,1,5200,0
7108,53911,1070,2,2500,0
7109,53912,1031,2,3400,0
7110,53912,1027,1,4700,0.1
7111,53912,1013,1,19300,0
7112,53913,1022,1,2900,0
7113,53913,1050,1,6550,0.05
7114,53913,1096,1,2950,0
7115,53913,1017,3,41900,0
7116,53914,1016,1,37450,0.1
7117,53915,1055,1,2100,0
7118,53915,1046,2,2050,0.1
7119,53916,1080,1,500,0
7120,53917,1038,1,1700,0
7121,53917,1066,1,600,0.1
7122,53918,1001,1,68450,0
7123,53919,1058,1,500,0.1
7124,53919,1095,1,1650,0.1
7125,53920,1096,1,2950,0
7126,53920,1045,1,3250,0.1
7127,53920,1013,2,19300,0
7128,53921,1091,1,1450,0
7129,53921,1056,1,950,0.05
7130,53921,1026,2,5000,0
7131,53922,1024,1,4450,0
7132,53922,1044,1,900,0.1
7133,53922,1003,1,17250,0.05
7134,53922,1059,1,600,0.1
7135,53923,1007,1,54700,0.05
7136,53924,1095,1,1650,0.15
7137,53924,1027,1,4700,0.1
7138,53924,1018,1,5900,0
7139,53925,1087,2,3500,0
7140,53926,1066,1,600,0.1
7141,53926,1027,1,4700,0
7142,53927,1088,1,5250,0.05
7143,53927,1020,1,5150,0.05
7144,53928,1076,1,6950,0.05
7145,53928,1028,1,2350,0
7146,53929,1074,1,1850,0.1
7147,53929,1029,3,5950,0.05
7148,53930,1053,1,1950,0
7149,53931,1010,2,45950,0
7150,53931,1060,2,750,0
7151,53932,1092,1,5950,0
7152,53932,1057,1,650,0
7153,53933,1043,1,1050,0.05
7154,53933,1017,1,41900,0
7155,53934,1056,1,950,0.1
7156,53934,1044,1,900,0
7157,53934,1096,2,2950,0.1
7158,53935,1038,1,1700,0
7159,53935,1073,1,10250,0.15
7160,53936,1055,2,2100,0
7161,53936,1024,1,4450,0.15
7162,53937,1012,2,3650,0.1
7163,53938,1055,2,2100,0
7164,53938,1081,1,6750,0
7165,53939,1043,1,1050,0.05
7166,53940,1095,1,1650,0
7167,53940,1025,1,2800,0
7168,53941,1061,1,1600,0.05
7169,53942,1057,1,650,0
7170,53942,1042,1,6050,0
7171,53942,1058,1,500,0
7172,53942,1039,1,2400,0.1
7173,53943,1072,1,3850,0
7174,53944,1042,1,6050,0.1
7175,53945,1006,2,12550,0
7176,53946,1009,1,69500,0.1
7177,53947,1091,1,1450,0
7178,53948,1055,2,2100,0.05
7179,53948,1089,2,1200,0
7180,53949,1040,1,4750,0
7181,53950,1090,1,3400,0.1
7182,53950,1100,1,2550,0
7183,53950,1082,2,5100,0.1
7184,53951,1080,1,500,0
7185,53951,1058,1,500,0
7186,53952,1054,2,2100,0.05
7187,53953,1030,1,1100,0.05
7188,53953,1028,1,2350,0
7189,53953,1049,1,3850,0.1
7190,53954,1033,1,2750,0.1
7191,53954,1026,2,5000,0.1
7192,53955,1008,2,60450,0
7193,53955,1002,1,31150,0
7194,53955,1028,2,2350,0.05
7195,53955,1086,1,900,0.05
7196,53956,1088,2,5250,0.1
7197,53956,1094,2,5200,0
7198,53957,1051,1,700,0
7199,53958,1065,1,250,0.05
7200,53958,1035,1,5050,0.05
7201,53958,1061,1,1600,0.05
7202,53959,1065,1,250,0.05
7203,53960,1046,1,2050,0
7204,53960,1060,1,750,0.1
7205,53961,1078,2,2550,0
7206,53962,1049,1,3850,0.1
7207,53962,1076,2,6950,0.05
7208,53963,1003,1,17250,0.05
7209,53964,1027,2,4700,0.05
7210,53964,1018,3,5900,0
7211,53965,1085,1,6000,0
7212,53965,1078,1,2550,0
7213,53966,1043,1,1050,0
7214,53966,1008,1,60450,0
7215,53966,1083,1,11100,0
7216,53967,1053,2,1950,0.15
7217,53967,1048,1,2700,0
7218,53968,1048,1,2700,0
7219,53969,1073,2,10250,0
7220,53969,1054,1,2100,0
7221,53970,1073,2,10250,0.05
7222,53970,1022,1,2900,0.1
7223,53971,1070,1,2500,0.1
7224,53971,1057,1,650,0
7225,53971,1051,1,700,0.1
7226,53971,1009,2,69500,0
7227,53972,1097,1,4550,0
7228,53973,1045,2,3250,0.1
7229,53973,1095,1,1650,0.05
7230,53973,1026,1,5000,0.1
7231,53974,1076,2,6950,0
7232,53974,1092,2,5950,0
7233,53975,1067,2,1950,0.05
7234,53976,1100,1,2550,0
7235,53977,1005,1,46200,0
7236,53977,1028,2,2350,0.1
7237,53978,1027,1,4700,0.05
7238,53979,1081,1,6750,0.1
7239,53980,1051,2,700,0.1
7240,53980,1021,2,1250,0
7241,53981,1094,2,5200,0.15
7242,53981,1038,1,1700,0
7243,53982,1018,1,5900,0
7244,53983,1044,2,900,0.1
7245,53984,1094,1,5200,0
7246,53984,1063,1,1700,0.05
7247,53984,1088,1,5250,0.05
7248,53984,1073,1,10250,0
7249,53985,1090,1,3400,0.05
7250,53985,1083,1,11100,0
7251,53985,1082,1,5100,0
7252,53986,1089,1,1200,0.05
7253,53987,1099,2,1950,0
7254,53988,1090,1,3400,0
7255,53988,1097,2,4550,0
7256,53989,1074,2,1850,0.05
7257,53989,1025,1,2800,0
7258,53990,1001,2,68450,0.15
7259,53990,1086,1,900,0
7260,53991,1055,2,2100,0.05
7261,53992,1065,3,250,0
7262,53993,1002,1,31150,0
7263,53993,1029,1,5950,0
7264,53994,1037,1,4100,0.05
7265,53994,1055,1,2100,0.1
7266,53994,1044,1,900,0.05
7267,53994,1073,2,10250,0
7268,53995,1035,1,5050,0.05
7269,53995,1078,1,2550,0.05
7270,53996,1052,1,1000,0
7271,53997,1048,2,2700,0.05
7272,53997,1095,2,1650,0
7273,53998,1050,1,6550,0.05
7274,53998,1042,1,6050,0.15
7275,53999,1065,1,250,0
7276,54000,1048,1,2700,0
7277,54000,1003,1,17250,0
7278,54000,1034,2,2400,0.05
7279,54000,1010,1,45950,0
7280,54001,1095,1,1650,0
7281,54002,1020,3,5150,0
7282,54002,1085,1,6000,0.05
7283,54003,1026,3,5000,0
7284,54004,1062,1,1450,0
7285,54004,1009,1,69500,0.1
7286,54005,1055,1,2100,0
7287,54005,1035,1,5050,0.05
7288,54006,1078,1,2550,0.1
7289,54006,1032,2,2800,0
7290,54007,1099,1,1950,0
7291,54007,1026,1,5000,0
7292,54008,1071,2,9700,0.05
7293,54008,1093,2,1750,0
7294,54009,1058,1,500,0.05
7295,54009,1027,3,4700,0
7296,54010,1096,1,2950,0
7297,54011,1078,1,2550,0
7298,54011,1091,3,1450,0
7299,54011,1081,1,6750,0
7300,54012,1049,1,3850,0.1
7301,54012,1067,1,1950,0.05
7302,54013,1023,1,2350,0
7303,54013,1077,1,2450,0
7304,54013,1100,3,2550,0
7305,54014,1069,1,1900,0
7306,54015,1057,1,650,0
7307,54015,1100,1,2550,0.05
7308,54016,1069,3,1900,0
7309,54016,1009,1,69500,0
7310,54017,1074,1,1850,0
7311,54017,1073,1,10250,0
7312,54018,1033,1,2750,0
7313,54019,1036,3,4550,0.05
7314,54020,1014,1,37800,0
7315,54021,1053,1,1950,0
7316,54021,1097,1,4550,0
7317,54022,1061,1,1600,0
7318,54023,1045,2,3250,0.1
7319,54023,1061,1,1600,0.05
7320,54024,1071,1,9700,0.1
7321,54024,1087,1,3500,0.05
7322,54025,1002,1,31150,0.1
7323,54025,1004,2,58800,0
7324,54026,1073,3,10250,0.05
7325,54026,1021,2,1250,0
7326,54026,1090,1,3400,0
7327,54027,1040,2,4750,0.05
7328,54027,1065,1,250,0.05
7329,54028,1037,3,4100,0
7330,54029,1080,1,500,0
7331,54029,1073,1,10250,0.1
7332,54029,1051,1,700,0
7333,54030,1090,1,3400,0.1
7334,54031,1097,2,4550,0
7335,54031,1042,1,6050,0
7336,54032,1047,1,4300,0.1
7337,54032,1095,2,1650,0.1
7338,54033,1098,1,3700,0.05
7339,54033,1089,2,1200,0.05
7340,54034,1046,1,2050,0.05
7341,54035,1015,1,25000,0.1
7342,54035,1056,1,950,0.15
7343,54036,1001,1,68450,0
7344,54037,1088,1,5250,0.1
7345,54037,1011,1,63300,0.05
7346,54037,1045,2,3250,0.1
7347,54038,1019,2,2150,0
7348,54039,1024,1,4450,0
7349,54040,1079,1,10450,0.05
7350,54040,1040,2,4750,0.05
7351,54040,1036,1,4550,0.1
7352,54040,1099,1,1950,0.05
7353,54041,1071,1,9700,0
7354,54042,1062,2,1450,0.05
7355,54042,1002,1,31150,0
7356,54042,1045,1,3250,0.1
7357,54043,1015,1,25000,0
7358,54044,1038,2,1700,0.05
7359,54044,1006,1,12550,0.1
7360,54044,1091,3,1450,0.05
7361,54045,1068,1,10300,0
7362,54045,1019,1,2150,0.1
7363,54046,1097,2,4550,0
7364,54046,1075,1,4300,0.15
7365,54047,1024,1,4450,0
7366,54047,1071,1,9700,0
7367,54048,1072,1,3850,0
7368,54048,1025,1,2800,0
7369,54048,1096,1,2950,0.05
7370,54049,1054,1,2100,0.1
7371,54049,1042,1,6050,0.15
7372,54050,1002,1,31150,0
7373,54051,1046,1,2050,0.1
7374,54051,1040,2,4750,0.05
7375,54051,1059,2,600,0.05
7376,54052,1040,1,4750,0
7377,54052,1068,1,10300,0
7378,54053,1007,3,54700,0.05
7379,54053,1048,3,2700,0
7380,54053,1051,1,700,0
7381,54054,1100,1,2550,0.05
7382,54055,1051,1,700,0.1
7383,54056,1047,1,4300,0
7384,54057,1047,1,4300,0
7385,54057,1083,1,11100,0.05
7386,54058,1061,3,1600,0.05
7387,54058,1074,2,1850,0
7388,54058,1090,1,3400,0
7389,54059,1006,1,12550,0
7390,54059,1091,1,1450,0.1
7391,54059,1025,1,2800,0.1
7392,54060,1003,1,17250,0
7393,54061,1035,2,5050,0.1
7394,54061,1064,1,2000,0
7395,54061,1010,1,45950,0
7396,54062,1075,1,4300,0
7397,54062,1007,1,54700,0
7398,54062,1017,1,41900,0.15
7399,54063,1029,2,5950,0.1
7400,54064,1069,1,1900,0.15
7401,54065,1063,1,1700,0.1
7402,54066,1028,2,2350,0.05
7403,54067,1082,1,5100,0
7404,54068,1071,1,9700,0.05
7405,54068,1051,3,700,0.1
7406,54068,1053,1,1950,0
7407,54068,1098,1,3700,0.05
7408,54069,1090,1,3400,0
7409,54069,1097,2,4550,0.1
7410,54069,1028,1,2350,0
7411,54070,1070,3,2500,0.05
7412,54071,1014,1,37800,0.15
7413,54071,1072,1,3850,0.15
7414,54072,1036,2,4550,0.1
7415,54072,1080,2,500,0.1
7416,54073,1015,2,25000,0.05
7417,54073,1045,2,3250,0
7418,54073,1086,1,900,0
7419,54074,1077,1,2450,0
7420,54074,1044,1,900,0.1
7421,54075,1019,2,2150,0
7422,54076,1047,2,4300,0
7423,54076,1038,1,1700,0.1
7424,54077,1064,2,2000,0
7425,54078,1046,1,2050,0
7426,54078,1080,1,500,0
7427,54079,1072,1,3850,0
7428,54080,1035,1,5050,0
7429,54081,1068,1,10300,0
7430,54081,1083,2,11100,0.05
7431,54082,1043,1,1050,0
7432,54083,1012,1,3650,0
7433,54084,1026,1,5000,0.1
7434,54084,1045,2,3250,0.1
7435,54085,1061,1,1600,0
7436,54085,1025,2,2800,0.1
7437,54086,1030,1,1100,0.1
7438,54086,1099,1,1950,0.1
7439,54087,1053,1,1950,0
7440,54087,1072,1,3850,0
7441,54088,1035,1,5050,0.05
7442,54088,1085,1,6000,0.05
7443,54088,1026,1,5000,0
7444,54088,1016,1,37450,0
7445,54089,1079,1,10450,0.05
7446,54089,1062,1,1450,0
7447,54090,1076,1,6950,0.1
7448,54091,1032,1,2800,0
7449,54091,1095,1,1650,0.05
7450,54092,1041,1,2100,0.1
7451,54093,1048,2,2700,0.05
7452,54094,1033,1,2750,0.15
7453,54095,1058,1,500,0.1
7454,54096,1016,1,37450,0
7455,54097,1045,1,3250,0.1
7456,54097,1023,1,2350,0
7457,54098,1049,2,3850,0.15
7458,54098,1088,1,5250,0
7459,54099,1067,1,1950,0.05
7460,54100,1081,1,6750,0
7461,54101,1074,1,1850,0
7462,54101,1048,3,2700,0.1
7463,54102,1013,1,19300,0.05
7464,54102,1036,1,4550,0.05
7465,54103,1028,1,2350,0.15
7466,54103,1050,1,6550,0.05
7467,54104,1067,1,1950,0
7468,54105,1009,2,69500,0
7469,54105,1049,1,3850,0
7470,54106,1003,2,17250,0.05
7471,54107,1040,2,4750,0
7472,54108,1003,1,17250,0
7473,54109,1093,1,1750,0.05
7474,54110,1066,1,600,0
7475,54111,1049,1,3850,0
7476,54111,1031,3,3400,0
7477,54112,1055,2,2100,0
7478,54112,1079,2,10450,0
7479,54113,1043,1,1050,0
7480,54113,1075,1,4300,0.1
7481,54113,1007,1,54700,0.1
7482,54114,1076,1,6950,0.15
7483,54115,1027,3,4700,0.05
7484,54116,1048,1,2700,0.05
7485,54116,1013,2,19300,0.05
7486,54117,1082,1,5100,0
7487,54118,1072,1,3850,0
7488,54119,1090,1,3400,0.05
7489,54119,1041,1,2100,0.1
7490,54119,1012,1,3650,0.1
7491,54120,1090,1,3400,0
7492,54120,1026,1,5000,0.05
7493,54120,1056,2,950,0.05
7494,54121,1023,1,2350,0
7495,54121,1055,2,2100,0.05
7496,54121,1006,1,12550,0
7497,54122,1060,1,750,0.05
7498,54123,1074,1,1850,0.1
7499,54123,1039,1,2400,0
7500,54124,1063,1,1700,0
7501,54124,1042,1,6050,0
7502,54125,1066,2,600,0.1
7503,54126,1043,1,1050,0
7504,54126,1056,1,950,0
7505,54127,1011,2,63300,0
7506,54128,1029,1,5950,0.1
7507,54129,1027,2,4700,0.1
7508,54129,1083,1,11100,0
7509,54130,1043,1,1050,0.1
7510,54131,1037,1,4100,0.05
7511,54131,1073,1,10250,0
7512,54132,1089,1,1200,0
7513,54133,1080,2,500,0.1
7514,54134,1044,1,900,0
7515,54134,1023,1,2350,0
7516,54134,1009,1,69500,0.1
7517,54135,1069,1,1900,0.05
7518,54135,1093,1,1750,0.15
7519,54136,1014,3,37800,0
7520,54137,1003,1,17250,0
7521,54137,1070,2,2500,0.1
7522,54137,1006,1,12550,0.1
7523,54138,1044,3,900,0
7524,54139,1077,1,2450,0
7525,54139,1066,1,600,0
7526,54139,1029,1,5950,0
7527,54140,1081,2,6750,0.05
7528,54140,1018,1,5900,0
7529,54140,1053,1,1950,0
7530,54141,1042,1,6050,0.05
7531,54142,1064,2,2000,0.1
7532,54142,1071,3,9700,0.05
7533,54142,1065,1,250,0.1
7534,54143,1069,1,1900,0
7535,54144,1025,1,2800,0
7536,54144,1044,1,900,0
7537,54145,1095,1,1650,0
7538,54146,1044,1,900,0
7539,54146,1057,1,650,0.05
7540,54146,1011,1,63300,0
7541,54147,1072,1,3850,0
7542,54147,1094,1,5200,0.1
7543,54147,1061,2,1600,0
7544,54147,1056,1,950,0.15
7545,54148,1079,2,10450,0.05
7546,54149,1077,1,2450,0.05
7547,54149,1093,1,1750,0.05
7548,54149,1048,1,2700,0.05
7549,54149,1002,1,31150,0.05
7550,54150,1083,1,11100,0.15
7551,54150,1016,2,37450,0
7552,54150,1081,1,6750,0
7553,54150,1073,3,10250,0
7554,54151,1019,1,2150,0
7555,54152,1042,1,6050,0
7556,54152,1067,2,1950,0
7557,54152,1098,1,3700,0
7558,54153,1065,2,250,0.05
7559,54154,1065,2,250,0.1
7560,54154,1056,1,950,0
7561,54154,1069,1,1900,0.1
7562,54154,1048,1,2700,0.05
7563,54155,1097,1,4550,0
7564,54155,1011,1,63300,0.1
7565,54155,1040,2,4750,0.05
7566,54156,1026,1,5000,0
7567,54157,1006,2,12550,0.05
7568,54158,1060,1,750,0
7569,54158,1043,2,1050,0.05
7570,54159,1050,1,6550,0.05
7571,54160,1067,2,1950,0
7572,54160,1039,1,2400,0
7573,54160,1027,1,4700,0.05
7574,54160,1033,1,2750,0.05
7575,54161,1071,1,9700,0.15
7576,54161,1056,1,950,0.05
7577,54161,1006,1,12550,0.05
7578,54161,1055,1,2100,0
7579,54162,1094,1,5200,0
7580,54162,1080,3,500,0.05
7581,54162,1075,1,4300,0
7582,54163,1086,1,900,0
7583,54164,1092,3,5950,0.05
7584,54164,1021,2,1250,0.1
7585,54165,1022,1,2900,0
7586,54165,1053,1,1950,0
7587,54165,1039,1,2400,0.1
7588,54166,1093,1,1750,0.1
7589,54167,1011,1,63300,0.05
7590,54168,1031,2,3400,0.05
7591,54169,1052,1,1000,0.05
7592,54169,1068,1,10300,0.1
7593,54169,1084,3,3550,0.05
7594,54170,1071,1,9700,0
7595,54170,1083,1,11100,0.15
7596,54171,1034,2,2400,0.1
7597,54172,1063,1,1700,0.05
7598,54172,1001,2,68450,0.05
7599,54173,1032,1,2800,0.1
7600,54174,1088,1,5250,0
7601,54174,1041,1,2100,0
7602,54174,1080,1,500,0
7603,54175,1031,1,3400,0.05
7604,54175,1064,1,2000,0.1
7605,54175,1077,1,2450,0.1
7606,54176,1024,1,4450,0
7607,54176,1099,1,1950,0
7608,54177,1030,1,1100,0
7609,54178,1049,1,3850,0.1
7610,54179,1009,2,69500,0
7611,54179,1025,2,2800,0
7612,54180,1079,3,10450,0.1
7613,54180,1038,1,1700,0
7614,54181,1012,1,3650,0.1
7615,54182,1079,1,10450,0.05
7616,54182,1004,1,58800,0.05
7617,54182,1027,1,4700,0
7618,54183,1091,1,1450,0
7619,54184,1091,1,1450,0
7620,54185,1024,1,4450,0.05
7621,54186,1088,1,5250,0
7622,54186,1028,1,2350,0.05
7623,54186,1040,1,4750,0.05
7624,54187,1053,1,1950,0
7625,54188,1083,1,11100,0
7626,54189,1088,1,5250,0.15
7627,54189,1050,1,6550,0
7628,54190,1095,1,1650,0
7629,54190,1083,1,11100,0.15
7630,54190,1010,1,45950,0
7631,54191,1002,1,31150,0
7632,54191,1014,1,37800,0
7633,54191,1052,1,1000,0
7634,54192,1045,1,3250,0.1
7635,54193,1053,2,1950,0
7636,54194,1024,2,4450,0
7637,54194,1052,1,1000,0
7638,54195,1083,2,11100,0
7639,54196,1040,1,4750,0.1
7640,54196,1050,1,6550,0.05
7641,54197,1012,1,3650,0
7642,54198,1072,2,3850,0.05
7643,54198,1095,2,1650,0.1
7644,54199,1083,2,11100,0.05
7645,54200,1050,1,6550,0.05
7646,54200,1010,1,45950,0.1
7647,54201,1059,1,600,0.15
7648,54202,1027,1,4700,0.1
7649,54202,1070,3,2500,0
7650,54203,1024,2,4450,0.15
7651,54204,1052,1,1000,0.1
7652,54205,1049,1,3850,0
7653,54205,1009,1,69500,0.1
7654,54206,1058,1,500,0
7655,54207,1043,1,1050,0
7656,54207,1006,1,12550,0.05
7657,54208,1096,3,2950,0.05
7658,54209,1095,1,1650,0
7659,54209,1010,1,45950,0.1
7660,54209,1011,1,63300,0
7661,54209,1024,1,4450,0.1
7662,54210,1043,2,1050,0
7663,54210,1090,1,3400,0.05
7664,54211,1060,1,750,0
7665,54211,1020,1,5150,0.05
7666,54211,1019,1,2150,0.05
7667,54211,1026,1,5000,0
7668,54212,1031,1,3400,0.15
7669,54213,1098,1,3700,0.1
7670,54213,1095,1,1650,0.05
7671,54214,1060,1,750,0
7672,54215,1051,1,700,0.05
7673,54216,1099,1,1950,0.1
7674,54217,1014,1,37800,0.05
7675,54218,1059,1,600,0
7676,54219,1049,1,3850,0.05
7677,54219,1068,2,10300,0.05
7678,54219,1009,2,69500,0.05
7679,54220,1057,1,650,0.1
7680,54220,1019,1,2150,0
7681,54221,1035,1,5050,0.05
7682,54222,1038,1,1700,0.05
7683,54222,1011,2,63300,0
7684,54223,1053,1,1950,0
7685,54224,1059,3,600,0
7686,54224,1097,1,4550,0
7687,54224,1036,2,4550,0
7688,54224,1074,2,1850,0.05
7689,54225,1084,1,3550,0.05
7690,54225,1001,3,68450,0.05
7691,54226,1053,1,1950,0
7692,54227,1053,1,1950,0
7693,54227,1023,2,2350,0.1
7694,54228,1084,1,3550,0
7695,54229,1063,1,1700,0.1
7696,54230,1038,1,1700,0
7697,54230,1010,2,45950,0
7698,54231,1035,1,5050,0
7699,54232,1069,1,1900,0.1
7700,54232,1027,1,4700,0
7701,54232,1068,1,10300,0.1
7702,54233,1036,1,4550,0.1
7703,54233,1092,1,5950,0
7704,54234,1080,1,500,0.1
7705,54235,1078,2,2550,0.05
7706,54235,1084,2,3550,0.1
7707,54235,1013,2,19300,0.05
7708,54236,1068,2,10300,0.1
7709,54236,1011,1,63300,0
7710,54237,1096,1,2950,0.1
7711,54238,1076,1,6950,0.05
7712,54238,1051,1,700,0.1
7713,54239,1018,1,5900,0
7714,54239,1089,2,1200,0
7715,54240,1051,1,700,0
7716,54240,1007,1,54700,0
7717,54240,1019,2,2150,0.05
7718,54241,1099,2,1950,0.15
7719,54241,1088,1,5250,0.1
7720,54242,1030,2,1100,0.05
7721,54242,1040,1,4750,0
7722,54242,1064,1,2000,0.1
7723,54242,1086,1,900,0
7724,54243,1072,1,3850,0
7725,54243,1004,1,58800,0
7726,54243,1024,1,4450,0.05
7727,54243,1067,1,1950,0.1
7728,54244,1095,1,1650,0.1
7729,54244,1030,1,1100,0.05
7730,54245,1019,1,2150,0
7731,54245,1042,1,6050,0.1
7732,54246,1012,1,3650,0
7733,54247,1032,1,2800,0
7734,54247,1036,1,4550,0
7735,54248,1006,1,12550,0
7736,54249,1062,1,1450,0.05
7737,54250,1052,2,1000,0.1
7738,54250,1072,1,3850,0.05
7739,54251,1083,3,11100,0.1
7740,54252,1040,2,4750,0.1
7741,54253,1069,1,1900,0.05
7742,54253,1050,1,6550,0
7743,54254,1008,1,60450,0.1
7744,54254,1042,1,6050,0.1
7745,54254,1048,1,2700,0.1
7746,54255,1026,1,5000,0
7747,54256,1010,3,45950,0.05
7748,54256,1053,2,1950,0.15
7749,54256,1001,1,68450,0.05
7750,54256,1085,2,6000,0
7751,54257,1008,1,60450,0
7752,54258,1049,2,3850,0
7753,54258,1032,1,2800,0.1
7754,54259,1045,2,3250,0.05
7755,54259,1066,2,600,0.05
7756,54260,1006,2,12550,0.1
7757,54261,1021,2,1250,0
7758,54262,1089,1,1200,0.05
7759,54263,1059,1,600,0
7760,54264,1011,2,63300,0
7761,54265,1067,1,1950,0
7762,54266,1073,2,10250,0.05
7763,54266,1025,1,2800,0.05
7764,54267,1053,2,1950,0
7765,54267,1024,1,4450,0
7766,54267,1047,1,4300,0.05
7767,54268,1031,2,3400,0.05
7768,54268,1025,1,2800,0
7769,54268,1045,1,3250,0
7770,54268,1078,1,2550,0.1
7771,54269,1025,1,2800,0
7772,54269,1097,1,4550,0
7773,54270,1064,1,2000,0.1
7774,54270,1070,1,2500,0.05
7775,54270,1048,1,2700,0
7776,54271,1028,1,2350,0
7777,54271,1002,1,31150,0
7778,54272,1071,1,9700,0.05
7779,54273,1003,2,17250,0
7780,54273,1014,1,37800,0
7781,54274,1058,1,500,0.05
7782,54274,1071,2,9700,0
7783,54274,1063,1,1700,0
7784,54275,1078,1,2550,0
7785,54275,1073,1,10250,0.1
7786,54276,1015,2,25000,0.1
7787,54276,1067,1,1950,0
7788,54277,1018,1,5900,0.1
7789,54278,1025,1,2800,0
7790,54279,1059,1,600,0
7791,54279,1091,2,1450,0.05
7792,54279,1041,1,2100,0.05
7793,54280,1013,1,19300,0
7794,54281,1070,1,2500,0.05
7795,54281,1094,1,5200,0
7796,54282,1057,2,650,0
7797,54283,1061,2,1600,0
7798,54283,1044,1,900,0
7799,54284,1069,2,1900,0.1
7800,54284,1011,2,63300,0.05
7801,54284,1070,1,2500,0.05
7802,54285,1076,1,6950,0.1
7803,54286,1015,1,25000,0
7804,54286,1074,2,1850,0.1
7805,54286,1026,1,5000,0.1
7806,54287,1080,2,500,0.1
7807,54288,1096,1,2950,0.05
7808,54289,1040,1,4750,0
7809,54289,1003,1,17250,0.05
7810,54289,1038,1,1700,0
7811,54290,1028,1,2350,0
7812,54290,1053,1,1950,0
7813,54291,1040,1,4750,0
7814,54292,1032,1,2800,0
7815,54292,1098,2,3700,0.15
7816,54293,1038,1,1700,0
7817,54293,1077,1,2450,0.1
7818,54294,1061,1,1600,0
7819,54295,1093,1,1750,0.1
7820,54295,1074,1,1850,0.1
7821,54296,1036,1,4550,0
7822,54296,1051,1,700,0
7823,54296,1058,1,500,0
7824,54297,1094,3,5200,0
7825,54298,1008,3,60450,0.05
7826,54299,1004,1,58800,0.1
7827,54300,1044,2,900,0.1
7828,54300,1048,1,2700,0
7829,54300,1003,1,17250,0.1
7830,54300,1004,2,58800,0.05
7831,54301,1094,1,5200,0
7832,54301,1058,2,500,0.1
7833,54301,1021,1,1250,0
7834,54302,1023,1,2350,0.05
7835,54302,1072,1,3850,0
7836,54303,1062,1,1450,0.05
7837,54304,1059,1,600,0
7838,54304,1024,2,4450,0
7839,54304,1001,3,68450,0
7840,54305,1060,2,750,0
7841,54306,1079,2,10450,0
7842,54306,1035,1,5050,0
7843,54307,1098,1,3700,0
7844,54308,1078,1,2550,0
7845,54308,1066,1,600,0.1
7846,54308,1071,2,9700,0
7847,54308,1094,1,5200,0
7848,54309,1051,1,700,0.1
7849,54309,1039,1,2400,0
7850,54310,1050,1,6550,0
7851,54311,1047,1,4300,0
7852,54311,1012,1,3650,0
7853,54312,1012,1,3650,0
7854,54313,1081,1,6750,0
7855,54314,1057,1,650,0
7856,54314,1039,1,2400,0
7857,54315,1003,1,17250,0.1
7858,54315,1025,3,2800,0.15
7859,54315,1009,1,69500,0
7860,54315,1068,1,10300,0
7861,54316,1070,1,2500,0.05
7862,54317,1037,2,4100,0.15
7863,54317,1094,1,5200,0.05
7864,54318,1061,1,1600,0
7865,54318,1069,1,1900,0
7866,54318,1038,2,1700,0
7867,54319,1041,2,2100,0
7868,54320,1010,1,45950,0
7869,54321,1065,2,250,0.05
7870,54321,1083,1,11100,0.1
7871,54322,1041,2,2100,0
7872,54322,1014,2,37800,0.1
7873,54323,1002,2,31150,0.05
7874,54324,1079,1,10450,0
7875,54324,1054,2,2100,0.05
7876,54325,1024,1,4450,0
7877,54325,1050,3,6550,0.15
7878,54325,1040,1,4750,0
7879,54326,1047,1,4300,0
7880,54326,1092,2,5950,0.1
7881,54327,1070,1,2500,0
7882,54328,1021,1,1250,0
7883,54328,1060,1,750,0
7884,54328,1092,1,5950,0.05
7885,54329,1093,2,1750,0.05
7886,54330,1043,1,1050,0
7887,54330,1047,1,4300,0.05
7888,54331,1078,1,2550,0
7889,54332,1071,1,9700,0.1
7890,54332,1082,3,5100,0.05
7891,54332,1031,1,3400,0.05
7892,54332,1054,1,2100,0.05
7893,54333,1097,1,4550,0.05
7894,54333,1064,2,2000,0.1
7895,54334,1055,1,2100,0.1
7896,54334,1019,1,2150,0
7897,54335,1051,1,700,0.05
7898,54335,1079,3,10450,0.05
7899,54335,1068,1,10300,0
7900,54336,1039,1,2400,0
7901,54337,1055,1,2100,0.05
7902,54338,1073,1,10250,0.15
7903,54338,1076,1,6950,0
7904,54338,1071,2,9700,0.15
7905,54339,1088,2,5250,0.05
7906,54339,1036,1,4550,0.1
7907,54340,1088,2,5250,0.05
7908,54340,1073,1,10250,0
7909,54341,1097,1,4550,0.05
7910,54342,1065,1,250,0
7911,54342,1046,1,2050,0
7912,54343,1086,1,900,0
7913,54343,1043,1,1050,0.1
7914,54344,1061,1,1600,0
7915,54344,1048,1,2700,0
7916,54345,1061,1,1600,0.1
7917,54346,1031,1,3400,0.15
7918,54346,1021,2,1250,0
7919,54347,1010,1,45950,0.1
7920,54347,1100,1,2550,0
7921,54348,1046,1,2050,0
7922,54348,1033,2,2750,0
7923,54348,1032,2,2800,0.05
7924,54349,1055,2,2100,0
7925,54350,1054,1,2100,0
7926,54350,1070,1,2500,0.05
7927,54350,1020,1,5150,0
7928,54350,1018,3,5900,0.1
7929,54351,1095,1,1650,0
7930,54351,1079,1,10450,0
7931,54352,1099,1,1950,0
7932,54352,1043,2,1050,0
7933,54352,1060,2,750,0.05
7934,54353,1083,2,11100,0
7935,54353,1024,2,4450,0.1
7936,54354,1061,1,1600,0
7937,54354,1042,1,6050,0.1
7938,54354,1084,1,3550,0.1
7939,54355,1063,1,1700,0
7940,54355,1027,1,4700,0.1
7941,54355,1015,1,25000,0.05
7942,54356,1036,3,4550,0.05
7943,54357,1013,2,19300,0.1
7944,54358,1072,1,3850,0
7945,54358,1087,1,3500,0.05
7946,54358,1045,1,3250,0
7947,54359,1082,1,5100,0
7948,54360,1001,1,68450,0.05
7949,54361,1067,3,1950,0.05
7950,54362,1054,2,2100,0.1
7951,54363,1064,1,2000,0.05
7952,54364,1080,2,500,0.05
7953,54364,1001,1,68450,0.1
7954,54365,1029,3,5950,0
7955,54365,1096,1,2950,0
7956,54365,1085,1,6000,0
7957,54366,1016,2,37450,0.15
7958,54367,1001,1,68450,0
7959,54367,1006,1,12550,0
7960,54368,1006,1,12550,0.05
7961,54368,1070,1,2500,0.15
7962,54369,1004,1,58800,0
7963,54369,1038,1,1700,0.1
7964,54370,1061,2,1600,0
7965,54371,1073,1,10250,0
7966,54371,1079,1,10450,0.05
7967,54371,1093,2,1750,0
7968,54372,1068,1,10300,0.05
7969,54373,1005,1,46200,0.1
7970,54374,1031,2,3400,0
7971,54375,1044,1,900,0.1
7972,54376,1017,2,41900,0.05
7973,54376,1095,1,1650,0.1
7974,54376,1060,1,750,0
7975,54376,1008,3,60450,0
7976,54377,1082,1,5100,0.1
7977,54377,1096,1,2950,0
7978,54378,1085,1,6000,0
7979,54378,1094,2,5200,0
7980,54379,1002,1,31150,0.1
7981,54379,1003,1,17250,0.05
7982,54380,1057,1,650,0
7983,54380,1034,2,2400,0
7984,54380,1025,1,2800,0.05
7985,54381,1019,1,2150,0.05
7986,54381,1042,1,6050,0
7987,54381,1093,2,1750,0
7988,54381,1085,2,6000,0.1
7989,54382,1043,1,1050,0
7990,54383,1048,1,2700,0
7991,54383,1060,2,750,0
7992,54384,1003,2,17250,0.05
7993,54385,1049,1,3850,0.05
7994,54386,1097,1,4550,0.05
7995,54386,1031,1,3400,0
7996,54387,1008,1,60450,0.15
7997,54388,1029,1,5950,0
7998,54389,1087,1,3500,0
7999,54389,1068,1,10300,0
8000,54390,1089,1,1200,0.05
8001,54391,1071,2,9700,0
8002,54391,1018,1,5900,0.05
8003,54392,1082,1,5100,0
8004,54393,1032,1,2800,0.15
8005,54393,1065,1,250,0.1
8006,54394,1079,1,10450,0.15
8007,54395,1059,2,600,0.15
8008,54395,1006,3,12550,0
8009,54395,1009,2,69500,0
8010,54395,1061,1,1600,0
8011,54396,1045,1,3250,0.05
8012,54397,1061,1,1600,0
8013,54398,1050,1,6550,0.05
8014,54399,1100,2,2550,0.05
8015,54400,1056,1,950,0
8016,54400,1089,1,1200,0.1
8017,54401,1050,2,6550,0.1
8018,54401,1052,1,1000,0.05
8019,54401,1013,2,19300,0.05
8020,54401,1011,3,63300,0
8021,54402,1072,2,3850,0
8022,54403,1026,1,5000,0
8023,54404,1075,1,4300,0.15
8024,54404,1018,1,5900,0.05
8025,54404,1065,1,250,0
8026,54404,1081,1,6750,0.05
8027,54405,1085,3,6000,0.1
8028,54405,1036,1,4550,0
8029,54405,1076,1,6950,0.1
8030,54406,1074,1,1850,0
8031,54406,1086,2,900,0
8032,54406,1020,1,5150,0.1
8033,54407,1091,2,1450,0
8034,54407,1071,1,9700,0.15
8035,54408,1013,1,19300,0.1
8036,54409,1030,1,1100,0.05
8037,54410,1078,1,2550,0.15
8038,54410,1097,2,4550,0.1
8039,54410,1024,2,4450,0
8040,54411,1064,1,2000,0.05
8041,54412,1065,1,250,0.05
8042,54413,1063,1,1700,0
8043,54413,1058,1,500,0
8044,54414,1029,1,5950,0
8045,54414,1056,2,950,0
8046,54414,1009,1,69500,0.05
8047,54415,1001,2,68450,0
8048,54415,1003,1,17250,0.1
8049,54416,1088,1,5250,0.05
8050,54417,1003,2,17250,0
8051,54417,1033,2,2750,0.1
8052,54418,1074,1,1850,0.05
8053,54418,1021,1,1250,0.05
8054,54419,1099,1,1950,0
8055,54420,1091,3,1450,0
8056,54420,1054,1,2100,0.05
8057,54421,1055,2,2100,0
8058,54421,1072,1,3850,0.05
8059,54421,1074,2,1850,0
8060,54422,1098,1,3700,0
8061,54423,1076,1,6950,0.15
8062,54423,1014,1,37800,0
8063,54423,1038,1,1700,0.1
8064,54423,1066,2,600,0.1
8065,54424,1017,1,41900,0
8066,54424,1096,1,2950,0.05
8067,54425,1070,1,2500,0
8068,54425,1010,1,45950,0.05
8069,54426,1073,1,10250,0
8070,54426,1021,1,1250,0
8071,54426,1094,2,5200,0.1
8072,54427,1046,2,2050,0.1
8073,54427,1059,2,600,0.05
8074,54428,1057,3,650,0.05
8075,54428,1085,2,6000,0
8076,54429,1081,1,6750,0.1
8077,54429,1065,1,250,0.05
8078,54430,1084,2,3550,0.1
8079,54431,1029,1,5950,0
8080,54432,1086,1,900,0
8081,54432,1093,1,1750,0.1
8082,54433,1083,2,11100,0.1
8083,54434,1001,1,68450,0
8084,54434,1096,1,2950,0.1
8085,54434,1097,1,4550,0
8086,54435,1066,1,600,0.05
8087,54435,1057,2,650,0.05
8088,54436,1092,1,5950,0.1
8089,54436,1100,1,2550,0.1
8090,54436,1087,2,3500,0
8091,54436,1021,2,1250,0
8092,54437,1088,1,5250,0.05
8093,54438,1089,1,1200,0.1
8094,54439,1088,1,5250,0
8095,54440,1040,1,4750,0
8096,54441,1059,1,600,0.05
8097,54442,1051,1,700,0.05
8098,54442,1063,2,1700,0
8099,54443,1075,1,4300,0
8100,54443,1049,1,3850,0.1
8101,54444,1079,1,10450,0
8102,54445,1089,1,1200,0
8103,54445,1099,1,1950,0.05
8104,54446,1064,1,2000,0.05
8105,54446,1008,1,60450,0
8106,54447,1058,1,500,0.05
8107,54448,1016,1,37450,0
8108,54448,1060,1,750,0.05
8109,54449,1006,1,12550,0
8110,54450,1086,1,900,0
8111,54450,1003,1,17250,0.05
8112,54451,1005,1,46200,0
8113,54452,1082,1,5100,0
8114,54453,1062,2,1450,0
8115,54454,1045,1,3250,0
8116,54455,1032,2,2800,0.1
8117,54456,1054,1,2100,0.05
8118,54456,1097,1,4550,0
8119,54457,1089,1,1200,0
8120,54458,1092,1,5950,0
8121,54458,1040,1,4750,0.1
8122,54459,1041,2,2100,0
8123,54460,1047,1,4300,0
8124,54461,1056,1,950,0.1
8125,54462,1063,1,1700,0.1
8126,54462,1065,1,250,0
8127,54463,1036,1,4550,0
8128,54464,1041,1,2100,0.1
8129,54465,1086,1,900,0
8130,54465,1034,2,2400,0.1
8131,54466,1049,1,3850,0.05
8132,54466,1027,1,4700,0
8133,54466,1077,1,2450,0.1
8134,54467,1007,1,54700,0.05
8135,54467,1005,1,46200,0
8136,54468,1100,3,2550,0
8137,54468,1036,1,4550,0
8138,54468,1097,1,4550,0
8139,54468,1031,2,3400,0.05
8140,54469,1013,1,19300,0.05
8141,54469,1050,2,6550,0.05
8142,54469,1028,2,2350,0.1
8143,54470,1029,2,5950,0
8144,54470,1018,1,5900,0.1
8145,54471,1078,1,2550,0.15
8146,54471,1022,2,2900,0
8147,54472,1028,1,2350,0.1
8148,54472,1001,2,68450,0
8149,54472,1004,1,58800,0.1
8150,54473,1047,1,4300,0
8151,54474,1016,1,37450,0
8152,54474,1088,1,5250,0.1
8153,54475,1020,1,5150,0.1
8154,54476,1032,1,2800,0
8155,54476,1094,2,5200,0
8156,54477,1070,1,2500,0.05
8157,54477,1059,3,600,0.05
8158,54478,1092,1,5950,0
8159,54478,1089,1,1200,0
8160,54479,1055,1,2100,0.05
8161,54479,1071,1,9700,0
8162,54480,1050,1,6550,0.1
8163,54481,1017,1,41900,0
8164,54482,1037,3,4100,0.1
8165,54482,1083,1,11100,0
8166,54482,1090,1,3400,0.15
8167,54483,1018,2,5900,0
8168,54483,1033,3,2750,0.05
8169,54483,1021,1,1250,0.05
8170,54484,1014,1,37800,0.15
8171,54485,1070,1,2500,0.05
8172,54485,1036,1,4550,0
8173,54486,1040,1,4750,0
8174,54487,1039,2,2400,0
8175,54487,1086,1,900,0.1
8176,54488,1081,1,6750,0.1
8177,54488,1017,1,41900,0.1
8178,54489,1074,3,1850,0
8179,54490,1084,1,3550,0
8180,54490,1090,2,3400,0
8181,54491,1016,1,37450,0
8182,54491,1096,2,2950,0
8183,54492,1092,1,5950,0.05
8184,54493,1039,1,2400,0.1
8185,54494,1079,2,10450,0.05
8186,54495,1037,1,4100,0.15
8187,54495,1067,1,1950,0
8188,54496,1088,1,5250,0.1
8189,54496,1087,1,3500,0.05
8190,54496,1031,2,3400,0.05
8191,54497,1093,1,1750,0.05
8192,54498,1024,3,4450,0.05
8193,54498,1022,1,2900,0
8194,54499,1076,2,6950,0
8195,54499,1036,1,4550,0
8196,54500,1094,1,5200,0.1
8197,54501,1075,1,4300,0
8198,54501,1002,1,31150,0.05
8199,54502,1072,2,3850,0.1
8200,54502,1018,1,5900,0.1
8201,54503,1032,1,2800,0.05
8202,54503,1043,1,1050,0
8203,54503,1079,1,10450,0
8204,54504,1007,1,54700,0.1
8205,54505,1002,1,31150,0.05
8206,54505,1030,1,1100,0.1
8207,54506,1042,1,6050,0
8208,54507,1072,2,3850,0
8209,54507,1075,1,4300,0.05
8210,54507,1048,1,2700,0
8211,54508,1066,1,600,0
8212,54509,1075,3,4300,0
8213,54509,1080,1,500,0
8214,54509,1092,2,5950,0
8215,54509,1059,3,600,0.1
8216,54510,1065,2,250,0
8217,54511,1087,2,3500,0.1
8218,54512,1078,1,2550,0.05
8219,54513,1098,1,3700,0
8220,54514,1057,2,650,0
8221,54514,1070,1,2500,0
8222,54515,1024,2,4450,0
8223,54515,1094,1,5200,0.1
8224,54515,1073,2,10250,0
8225,54515,1089,1,1200,0.1
8226,54516,1084,1,3550,0
8227,54516,1064,1,2000,0.1
8228,54517,1007,1,54700,0
8229,54517,1030,2,1100,0.1
8230,54518,1061,1,1600,0
8231,54519,1012,1,3650,0.15
8232,54519,1048,2,2700,0.05
8233,54520,1015,3,25000,0.05
8234,54521,1008,1,60450,0
8235,54521,1049,1,3850,0.1
8236,54522,1090,1,3400,0.1
8237,54522,1067,1,1950,0.05
8238,54522,1098,2,3700,0.05
8239,54523,1086,1,900,0
8240,54524,1050,1,6550,0.05
8241,54525,1058,2,500,0
8242,54526,1012,1,3650,0
8243,54527,1053,1,1950,0
8244,54528,1021,1,1250,0.1
8245,54529,1094,1,5200,0.05
8246,54529,1041,1,2100,0.05
8247,54530,1084,1,3550,0
8248,54530,1085,3,6000,0.05
8249,54531,1052,2,1000,0
8250,54531,1075,1,4300,0
8251,54531,1072,1,3850,0.05
8252,54532,1004,1,58800,0
8253,54532,1037,1,4100,0.1
8254,54533,1076,1,6950,0.05
8255,54534,1028,2,2350,0.15
8256,54534,1025,1,2800,0
8257,54535,1098,1,3700,0
8258,54535,1022,1,2900,0.1
8259,54536,1058,1,500,0.05
8260,54536,1045,1,3250,0
8261,54537,1067,1,1950,0
8262,54538,1057,1,650,0
8263,54538,1080,2,500,0.15
8264,54539,1004,1,58800,0.05
8265,54539,1070,1,2500,0
8266,54539,1049,1,3850,0.05
8267,54540,1025,1,2800,0
8268,54541,1094,1,5200,0
8269,54542,1060,3,750,0
8270,54543,1067,1,1950,0
8271,54543,1071,2,9700,0.05
8272,54543,1066,1,600,0
8273,54543,1094,3,5200,0.05
8274,54544,1077,1,2450,0.05
8275,54545,1063,1,1700,0.05
8276,54546,1032,3,2800,0
8277,54547,1015,1,25000,0.05
8278,54547,1011,1,63300,0
8279,54548,1013,2,19300,0.05
8280,54548,1047,1,4300,0.05
8281,54549,1050,1,6550,0.1
8282,54550,1033,2,2750,0.1
8283,54551,1057,2,650,0
8284,54552,1039,2,2400,0.05
8285,54553,1086,3,900,0
8286,54554,1074,2,1850,0.05
8287,54555,1085,1,6000,0
8288,54556,1043,2,1050,0
8289,54556,1039,1,2400,0.1
8290,54556,1083,1,11100,0
8291,54556,1040,1,4750,0.05
8292,54557,1100,1,2550,0.05
8293,54557,1095,2,1650,0.1
8294,54558,1050,1,6550,0.05
8295,54558,1096,2,2950,0.05
8296,54558,1052,1,1000,0.15
8297,54559,1099,1,1950,0
8298,54559,1042,1,6050,0.1
8299,54559,1062,2,1450,0
8300,54560,1097,1,4550,0
8301,54561,1042,1,6050,0.1
8302,54562,1014,1,37800,0
8303,54562,1073,1,10250,0.1
8304,54563,1078,1,2550,0
8305,54564,1060,3,750,0.15
8306,54565,1043,1,1050,0.1
8307,54566,1056,1,950,0.05
8308,54566,1013,1,19300,0
8309,54567,1001,3,68450,0.15
8310,54567,1011,1,63300,0
8311,54567,1086,1,900,0.1
8312,54568,1007,2,54700,0.05
8313,54568,1022,1,2900,0.1
8314,54568,1042,2,6050,0
8315,54569,1059,1,600,0.1
8316,54570,1029,1,5950,0
8317,54570,1030,1,1100,0.05
8318,54571,1023,2,2350,0
8319,54571,1095,1,1650,0.1
8320,54571,1072,1,3850,0.1
8321,54572,1037,1,4100,0
8322,54573,1076,1,6950,0.15
8323,54573,1054,1,2100,0
8324,54574,1027,1,4700,0.15
8325,54574,1092,1,5950,0
8326,54575,1066,1,600,0
8327,54575,1006,1,12550,0.15
8328,54576,1043,1,1050,0.1
8329,54576,1044,1,900,0.1
8330,54576,1063,2,1700,0.1
8331,54577,1070,1,2500,0.1
8332,54578,1084,1,3550,0.05
8333,54579,1035,1,5050,0
8334,54579,1090,1,3400,0
8335,54579,1091,1,1450,0.05
8336,54580,1026,1,5000,0.1
8337,54581,1018,1,5900,0
8338,54582,1089,3,1200,0
8339,54582,1035,1,5050,0.15
8340,54582,1016,2,37450,0.05
8341,54582,1081,1,6750,0.15
8342,54583,1038,3,1700,0
8343,54584,1052,1,1000,0.15
8344,54584,1050,1,6550,0
8345,54585,1046,1,2050,0.05
8346,54585,1011,1,63300,0
8347,54585,1077,1,2450,0
8348,54585,1080,3,500,0
8349,54586,1079,2,10450,0.05
8350,54587,1061,1,1600,0
8351,54588,1090,1,3400,0.1
8352,54588,1015,2,25000,0.1
8353,54588,1094,1,5200,0
8354,54588,1099,1,1950,0.1
8355,54589,1034,1,2400,0.1
8356,54589,1051,1,700,0.1
8357,54590,1050,2,6550,0.05
8358,54591,1003,1,17250,0.1
8359,54592,1082,1,5100,0.1
8360,54592,1024,2,4450,0
8361,54593,1077,1,2450,0
8362,54594,1068,1,10300,0.1
8363,54595,1099,3,1950,0.05
8364,54596,1060,1,750,0
8365,54597,1077,1,2450,0
8366,54597,1022,1,2900,0.1
8367,54598,1038,1,1700,0
8368,54598,1044,1,900,0.05
8369,54599,1010,2,45950,0
8370,54599,1052,2,1000,0.05
8371,54599,1005,2,46200,0.05
8372,54600,1092,1,5950,0
8373,54601,1038,1,1700,0.1
8374,54601,1036,2,4550,0.05
8375,54602,1051,1,700,0.1
8376,54602,1100,1,2550,0.15
8377,54603,1016,1,37450,0
8378,54604,1033,1,2750,0
8379,54604,1017,1,41900,0
8380,54605,1069,1,1900,0
8381,54606,1099,1,1950,0.05
8382,54607,1095,2,1650,0.05
8383,54608,1074,2,1850,0.1
8384,54609,1002,1,31150,0.1
8385,54609,1053,1,1950,0.1
8386,54609,1060,3,750,0
8387,54610,1079,1,10450,0.05
8388,54610,1093,1,1750,0.05
8389,54610,1028,1,2350,0.1
8390,54611,1077,1,2450,0.05
8391,54612,1071,1,9700,0
8392,54612,1021,2,1250,0
8393,54612,1067,2,1950,0
8394,54612,1088,1,5250,0.05
8395,54613,1042,1,6050,0
8396,54613,1044,1,900,0
8397,54614,1018,1,5900,0.05
8398,54615,1053,2,1950,0.05
8399,54615,1021,1,1250,0
8400,54615,1010,1,45950,0.05
8401,54615,1061,1,1600,0.1
8402,54616,1040,2,4750,0.15
8403,54616,1035,1,5050,0.1
8404,54616,1047,1,4300,0.05
8405,54616,1053,1,1950,0.05
8406,54617,1096,1,2950,0.05
8407,54618,1001,1,68450,0.05
8408,54619,1088,3,5250,0
8409,54619,1067,1,1950,0
8410,54619,1083,3,11100,0.15
8411,54620,1071,1,9700,0.05
8412,54621,1090,1,3400,0
8413,54621,1020,1,5150,0.1
8414,54621,1084,2,3550,0.1
8415,54621,1024,1,4450,0.1
8416,54622,1088,1,5250,0.05
8417,54623,1021,1,1250,0.05
8418,54623,1071,1,9700,0
8419,54624,1077,1,2450,0
8420,54624,1085,1,6000,0
8421,54625,1086,2,900,0
8422,54626,1012,1,3650,0
8423,54627,1044,1,900,0.05
8424,54628,1094,1,5200,0
8425,54629,1061,1,1600,0.1
8426,54630,1081,1,6750,0.05
8427,54631,1094,1,5200,0.1
8428,54632,1064,1,2000,0.1
8429,54632,1024,1,4450,0.15
8430,54633,1051,2,700,0.1
8431,54634,1100,2,2550,0
8432,54634,1071,1,9700,0
8433,54634,1042,2,6050,0
8434,54635,1067,2,1950,0.05
8435,54636,1072,1,3850,0.1
8436,54637,1075,1,4300,0.05
8437,54637,1020,1,5150,0
8438,54637,1094,1,5200,0.05
8439,54637,1069,1,1900,0
8440,54638,1099,2,1950,0.05
8441,54639,1040,2,4750,0
8442,54640,1055,1,2100,0
8443,54641,1030,1,1100,0
8444,54642,1034,1,2400,0
8445,54642,1091,2,1450,0.05
8446,54643,1007,1,54700,0.1
8447,54643,1024,1,4450,0.1
8448,54643,1084,1,3550,0.15
8449,54644,1094,1,5200,0.1
8450,54645,1048,1,2700,0.1
8451,54646,1046,2,2050,0
8452,54647,1058,1,500,0
8453,54647,1067,1,1950,0
8454,54648,1088,1,5250,0.1
8455,54649,1074,1,1850,0.1
8456,54649,1098,1,3700,0.1
8457,54650,1018,2,5900,0
8458,54650,1076,1,6950,0.05
8459,54650,1015,1,25000,0
8460,54651,1040,1,4750,0
8461,54651,1090,1,3400,0
8462,54652,1075,1,4300,0
8463,54652,1040,1,4750,0
8464,54652,1061,3,1600,0.05
8465,54652,1100,2,2550,0.1
8466,54653,1049,2,3850,0
8467,54653,1063,1,1700,0
8468,54654,1053,2,1950,0.1
8469,54655,1054,1,2100,0
8470,54656,1009,1,69500,0.05
8471,54657,1067,1,1950,0.1
8472,54658,1010,2,45950,0
8473,54659,1071,1,9700,0
8474,54660,1027,1,4700,0
8475,54660,1023,2,2350,0
8476,54661,1072,1,3850,0.1
8477,54661,1067,1,1950,0.1
8478,54661,1026,1,5000,0
8479,54662,1017,1,41900,0
8480,54663,1034,1,2400,0
8481,54664,1056,3,950,0.1
8482,54664,1013,1,19300,0
8483,54665,1095,1,1650,0
8484,54666,1034,1,2400,0
8485,54666,1100,3,2550,0.05
8486,54667,1024,1,4450,0.05
8487,54668,1025,1,2800,0
8488,54669,1040,1,4750,0
8489,54670,1014,1,37800,0.1
8490,54670,1081,1,6750,0
8491,54671,1001,1,68450,0.05
8492,54672,1097,2,4550,0.05
8493,54673,1057,1,650,0
8494,54673,1004,1,58800,0
8495,54674,1036,1,4550,0
8496,54674,1045,1,3250,0.1
8497,54675,1084,1,3550,0.15
8498,54675,1003,1,17250,0
8499,54676,1077,1,2450,0
8500,54676,1065,1,250,0
8501,54677,1026,1,5000,0.05
8502,54677,1054,1,2100,0.1
8503,54678,1038,1,1700,0.05
8504,54678,1014,1,37800,0.15
8505,54679,1059,1,600,0
8506,54680,1022,2,2900,0
8507,54680,1052,2,1000,0
8508,54681,1017,1,41900,0
8509,54681,1032,3,2800,0
8510,54682,1061,1,1600,0
8511,54683,1018,1,5900,0
8512,54683,1081,1,6750,0
8513,54684,1022,1,2900,0.05
8514,54685,1027,2,4700,0.1
8515,54685,1041,2,2100,0.1
8516,54686,1022,1,2900,0
8517,54687,1099,2,1950,0.1
8518,54688,1083,1,11100,0.1
8519,54688,1086,1,900,0.05
8520,54689,1086,1,900,0.15
8521,54689,1022,1,2900,0.05
8522,54690,1051,1,700,0.05
8523,54691,1091,1,1450,0.05
8524,54692,1015,1,25000,0.1
8525,54692,1031,1,3400,0.05
8526,54692,1083,1,11100,0
8527,54693,1046,2,2050,0
8528,54694,1092,2,5950,0.15
8529,54694,1007,2,54700,0.1
8530,54695,1034,2,2400,0.05
8531,54695,1099,1,1950,0.1
8532,54695,1033,1,2750,0
8533,54695,1022,1,2900,0.1
8534,54696,1028,2,2350,0
8535,54697,1094,1,5200,0.1
8536,54698,1085,1,6000,0.05
8537,54699,1001,3,68450,0
8538,54699,1082,3,5100,0.05
8539,54700,1098,1,3700,0.05
8540,54701,1063,3,1700,0.05
8541,54702,1030,1,1100,0
8542,54703,1099,3,1950,0.15
8543,54704,1096,2,2950,0
8544,54704,1076,1,6950,0
8545,54705,1059,1,600,0
8546,54706,1060,2,750,0
8547,54706,1095,2,1650,0.1
8548,54707,1020,1,5150,0.1
8549,54707,1036,2,4550,0
8550,54708,1085,1,6000,0
8551,54709,1092,1,5950,0
8552,54709,1032,2,2800,0.05
8553,54709,1058,2,500,0
8554,54710,1043,1,1050,0
8555,54710,1089,1,1200,0
8556,54711,1059,2,600,0
8557,54711,1092,1,5950,0.05
8558,54711,1039,1,2400,0.15
8559,54712,1016,1,37450,0.05
8560,54712,1090,1,3400,0.1
8561,54713,1003,2,17250,0.15
8562,54714,1018,1,5900,0.05
8563,54714,1029,3,5950,0
8564,54715,1069,1,1900,0.15
8565,54716,1088,3,5250,0
8566,54716,1003,1,17250,0
8567,54717,1002,2,31150,0
8568,54717,1025,1,2800,0.1
8569,54718,1020,2,5150,0.05
8570,54719,1100,1,2550,0.1
8571,54720,1094,1,5200,0
8572,54720,1070,1,2500,0.1
8573,54720,1014,1,37800,0
8574,54720,1099,1,1950,0.05
8575,54721,1068,1,10300,0.1
8576,54721,1005,1,46200,0.1
8577,54721,1080,1,500,0.1
8578,54722,1013,1,19300,0
8579,54722,1081,3,6750,0.1
8580,54722,1005,1,46200,0.1
8581,54723,1070,2,2500,0.05
8582,54723,1009,2,69500,0.1
8583,54724,1060,1,750,0.05
8584,54724,1084,1,3550,0
8585,54725,1036,1,4550,0
8586,54726,1044,1,900,0
8587,54727,1043,2,1050,0
8588,54728,1096,1,2950,0.05
8589,54728,1006,1,12550,0
8590,54728,1068,1,10300,0.05
8591,54728,1064,1,2000,0.15
8592,54729,1048,1,2700,0
8593,54729,1021,3,1250,0
8594,54730,1086,2,900,0.05
8595,54730,1019,1,2150,0
8596,54730,1031,1,3400,0.15
8597,54730,1009,1,69500,0
8598,54731,1075,1,4300,0
8599,54731,1057,1,650,0.05
8600,54732,1046,1,2050,0.1
8601,54733,1043,1,1050,0.1
8602,54733,1082,1,5100,0
8603,54733,1057,1,650,0
8604,54734,1081,1,6750,0.05
8605,54734,1077,2,2450,0
8606,54734,1065,1,250,0
8607,54734,1063,1,1700,0
8608,54735,1003,1,17250,0.1
8609,54736,1070,2,2500,0
8610,54736,1009,1,69500,0.05
8611,54736,1011,1,63300,0.15
8612,54737,1021,1,1250,0.05
8613,54737,1094,1,5200,0.05
8614,54737,1053,1,1950,0
8615,54738,1008,2,60450,0
8616,54739,1020,1,5150,0.1
8617,54739,1021,1,1250,0.1
8618,54740,1093,2,1750,0.1
8619,54740,1037,2,4100,0
8620,54741,1023,1,2350,0
8621,54741,1038,1,1700,0.05
8622,54742,1040,1,4750,0.1
8623,54743,1099,1,1950,0
8624,54744,1049,1,3850,0
8625,54744,1016,3,37450,0.1
8626,54745,1072,1,3850,0.15
8627,54746,1027,1,4700,0.1
8628,54746,1004,1,58800,0
8629,54746,1070,1,2500,0.05
8630,54747,1021,1,1250,0.1
8631,54747,1052,1,1000,0.05
8632,54747,1028,1,2350,0
8633,54748,1050,2,6550,0.05
8634,54748,1022,1,2900,0
8635,54748,1091,1,1450,0.1
8636,54748,1042,2,6050,0.1
8637,54749,1024,1,4450,0.1
8638,54749,1070,1,2500,0.05
8639,54750,1090,1,3400,0
8640,54751,1009,1,69500,0.05
8641,54752,1062,2,1450,0
8642,54753,1085,1,6000,0
8643,54753,1060,1,750,0
8644,54753,1066,2,600,0
8645,54754,1061,1,1600,0
8646,54754,1045,2,3250,0.05
8647,54754,1011,2,63300,0.05
8648,54755,1092,2,5950,0
8649,54755,1077,1,2450,0.15
8650,54756,1042,1,6050,0
8651,54757,1035,2,5050,0
8652,54757,1080,2,500,0
8653,54758,1048,2,2700,0.05
8654,54759,1075,2,4300,0.05
8655,54760,1007,2,54700,0.05
8656,54760,1060,1,750,0.15
8657,54760,1047,1,4300,0
8658,54761,1061,1,1600,0
8659,54761,1094,2,5200,0
8660,54761,1085,1,6000,0.05
8661,54762,1098,1,3700,0
8662,54763,1087,2,3500,0.1
8663,54763,1100,1,2550,0
8664,54763,1073,1,10250,0.05
8665,54764,1055,1,2100,0
8666,54765,1086,1,900,0
8667,54766,1011,1,63300,0.05
8668,54767,1097,1,4550,0.1
8669,54768,1005,1,46200,0.05
8670,54768,1059,1,600,0.15
8671,54769,1069,1,1900,0
8672,54770,1046,1,2050,0.05
8673,54770,1039,1,2400,0
8674,54771,1043,1,1050,0.1
8675,54772,1039,1,2400,0.05
8676,54773,1069,1,1900,0
8677,54773,1029,1,5950,0.1
8678,54773,1042,1,6050,0
8679,54774,1099,2,1950,0.15
8680,54774,1039,1,2400,0
8681,54775,1095,1,1650,0
8682,54775,1006,1,12550,0
8683,54775,1045,2,3250,0.1
8684,54776,1014,1,37800,0
8685,54776,1063,1,1700,0
8686,54777,1005,2,46200,0
8687,54777,1070,1,2500,0.05
8688,54777,1087,2,3500,0
8689,54778,1014,1,37800,0.05
8690,54778,1099,1,1950,0.05
8691,54778,1023,1,2350,0
8692,54778,1054,2,2100,0
8693,54779,1062,2,1450,0.1
8694,54779,1069,1,1900,0
8695,54780,1043,1,1050,0.05
8696,54780,1010,2,45950,0.05
8697,54781,1091,1,1450,0
8698,54781,1061,1,1600,0
8699,54782,1041,1,2100,0.1
8700,54783,1051,1,700,0.05
8701,54783,1006,1,12550,0
8702,54784,1040,2,4750,0.1
8703,54784,1070,1,2500,0.1
8704,54785,1060,1,750,0
8705,54786,1042,1,6050,0
8706,54787,1083,1,11100,0
8707,54787,1045,2,3250,0.05
8708,54787,1050,1,6550,0
8709,54788,1076,1,6950,0.05
8710,54788,1020,1,5150,0
8711,54789,1099,2,1950,0.1
8712,54789,1036,1,4550,0.15
8713,54790,1100,1,2550,0
8714,54791,1069,1,1900,0.05
8715,54792,1084,1,3550,0.05
8716,54793,1046,1,2050,0.1
8717,54793,1037,1,4100,0.05
8718,54794,1096,2,2950,0.1
8719,54794,1002,1,31150,0
8720,54795,1079,1,10450,0.05
8721,54796,1003,2,17250,0.1
8722,54796,1020,1,5150,0
8723,54797,1052,2,1000,0
8724,54797,1053,1,1950,0.05
8725,54798,1040,1,4750,0.05
8726,54798,1089,2,1200,0
8727,54799,1089,1,1200,0
8728,54799,1063,2,1700,0.1
8729,54799,1100,2,2550,0
8730,54799,1053,1,1950,0
8731,54800,1015,1,25000,0
8732,54800,1047,3,4300,0.15
8733,54800,1026,1,5000,0
8734,54801,1051,1,700,0
8735,54801,1096,1,2950,0
8736,54802,1068,1,10300,0.1
8737,54803,1088,1,5250,0
8738,54803,1006,2,12550,0
8739,54804,1038,2,1700,0
8740,54804,1072,1,3850,0.05
8741,54805,1026,2,5000,0.15
8742,54805,1013,1,19300,0.1
8743,54806,1077,1,2450,0
8744,54807,1082,1,5100,0.1
8745,54808,1014,1,37800,0
8746,54808,1039,2,2400,0
8747,54809,1072,2,3850,0
8748,54809,1024,1,4450,0.05
8749,54810,1017,1,41900,0.1
8750,54810,1057,1,650,0.05
8751,54810,1068,2,10300,0.15
8752,54810,1051,1,700,0
8753,54811,1003,1,17250,0.05
8754,54811,1009,1,69500,0.05
8755,54812,1076,1,6950,0
8756,54812,1092,2,5950,0.05
8757,54812,1045,1,3250,0
8758,54813,1050,1,6550,0.05
8759,54813,1047,1,4300,0.1
8760,54814,1033,1,2750,0.05
8761,54815,1019,2,2150,0
8762,54816,1027,1,4700,0
8763,54816,1065,1,250,0
8764,54817,1003,2,17250,0
8765,54817,1037,3,4100,0
8766,54818,1053,1,1950,0.05
8767,54819,1008,1,60450,0.05
8768,54820,1087,2,3500,0.05
8769,54821,1019,1,2150,0
8770,54821,1024,2,4450,0
8771,54822,1059,1,600,0.1
8772,54822,1012,1,3650,0.05
8773,54822,1003,1,17250,0
8774,54823,1097,2,4550,0
8775,54823,1074,1,1850,0
8776,54824,1019,1,2150,0.1
8777,54824,1092,3,5950,0.15
8778,54825,1072,1,3850,0.05
8779,54826,1011,1,63300,0
8780,54826,1060,1,750,0
8781,54826,1047,1,4300,0
8782,54827,1051,2,700,0.1
8783,54827,1017,1,41900,0
8784,54827,1060,1,750,0.1
8785,54828,1020,2,5150,0.1
8786,54828,1090,1,3400,0
8787,54829,1027,1,4700,0
8788,54829,1039,2,2400,0.05
8789,54829,1068,2,10300,0
8790,54830,1053,1,1950,0
8791,54831,1032,2,2800,0.15
8792,54831,1068,2,10300,0.1
8793,54831,1008,1,60450,0
8794,54832,1064,1,2000,0
8795,54833,1003,2,17250,0
8796,54833,1036,1,4550,0.1
8797,54834,1075,1,4300,0.1
8798,54835,1075,2,4300,0.05
8799,54836,1062,1,1450,0.05
8800,54836,1052,1,1000,0
8801,54837,1045,1,3250,0
8802,54838,1043,1,1050,0
8803,54839,1019,1,2150,0
8804,54840,1027,1,4700,0
8805,54841,1040,1,4750,0
8806,54841,1079,2,10450,0
8807,54841,1036,1,4550,0.05
8808,54842,1066,2,600,0.15
8809,54843,1089,1,1200,0
8810,54843,1037,2,4100,0
8811,54844,1058,1,500,0
8812,54844,1080,1,500,0
8813,54844,1029,1,5950,0.15
8814,54845,1009,1,69500,0
8815,54845,1063,1,1700,0
8816,54846,1060,1,750,0.1
8817,54846,1084,1,3550,0
8818,54846,1056,3,950,0
8819,54847,1056,2,950,0.05
8820,54847,1046,1,2050,0.15
8821,54847,1039,1,2400,0.15
8822,54848,1071,1,9700,0.05
8823,54848,1073,1,10250,0.05
8824,54849,1068,1,10300,0.05
8825,54849,1014,2,37800,0
8826,54849,1035,2,5050,0.1
8827,54850,1053,1,1950,0
8828,54850,1069,1,1900,0
8829,54851,1092,1,5950,0.1
8830,54852,1064,2,2000,0.1
8831,54853,1067,1,1950,0.1
8832,54854,1012,1,3650,0
8833,54854,1048,1,2700,0.05
8834,54854,1072,1,3850,0
8835,54855,1011,2,63300,0.1
8836,54856,1046,1,2050,0.05
8837,54856,1098,1,3700,0
8838,54857,1009,1,69500,0.05
8839,54857,1100,3,2550,0
8840,54858,1043,2,1050,0.1
8841,54859,1095,1,1650,0.1
8842,54859,1100,1,2550,0
8843,54860,1017,1,41900,0
8844,54861,1090,1,3400,0
8845,54862,1080,1,500,0
8846,54862,1018,2,5900,0.1
8847,54863,1079,1,10450,0.1
8848,54864,1033,3,2750,0
8849,54865,1011,2,63300,0.05
8850,54865,1057,1,650,0
8851,54865,1018,3,5900,0
8852,54865,1100,2,2550,0.1
8853,54866,1094,1,5200,0
8854,54867,1069,1,1900,0.05
8855,54867,1027,1,4700,0
8856,54868,1014,1,37800,0
8857,54869,1001,1,68450,0
8858,54869,1074,1,1850,0
8859,54869,1075,2,4300,0
8860,54870,1058,1,500,0.1
8861,54870,1053,1,1950,0.05
8862,54871,1081,1,6750,0
8863,54871,1076,1,6950,0
8864,54872,1030,2,1100,0
8865,54873,1018,1,5900,0.1
8866,54873,1100,2,2550,0.1
8867,54874,1067,1,1950,0.05
8868,54875,1057,1,650,0.15
8869,54876,1071,3,9700,0
8870,54877,1043,1,1050,0
8871,54877,1023,2,2350,0.1
8872,54878,1016,1,37450,0.05
8873,54879,1083,1,11100,0.1
8874,54879,1019,2,2150,0.15
8875,54880,1093,1,1750,0
8876,54881,1088,1,5250,0
8877,54882,1045,2,3250,0
8878,54882,1035,1,5050,0
8879,54882,1024,1,4450,0.1
8880,54883,1067,1,1950,0.05
8881,54884,1084,1,3550,0
8882,54884,1096,2,2950,0.1
8883,54884,1025,1,2800,0
8884,54884,1022,3,2900,0
8885,54885,1082,1,5100,0
8886,54885,1075,1,4300,0.1
8887,54886,1002,1,31150,0
8888,54886,1044,1,900,0
8889,54887,1011,2,63300,0.1
8890,54888,1006,1,12550,0
8891,54888,1005,1,46200,0
8892,54888,1094,3,5200,0.15
8893,54888,1040,1,4750,0.05
8894,54889,1071,1,9700,0.1
8895,54889,1039,1,2400,0.1
8896,54890,1041,1,2100,0
8897,54891,1054,1,2100,0.05
8898,54892,1065,1,250,0
8899,54892,1049,1,3850,0.05
8900,54892,1094,1,5200,0.1
8901,54893,1029,1,5950,0.1
8902,54894,1042,1,6050,0
8903,54895,1063,1,1700,0.1
8904,54895,1041,1,2100,0
8905,54896,1085,1,6000,0.15
8906,54896,1051,1,700,0
8907,54897,1005,1,46200,0
8908,54897,1078,2,2550,0
8909,54898,1060,1,750,0
8910,54898,1059,3,600,0.05
8911,54899,1087,2,3500,0
8912,54899,1034,1,2400,0.15
8913,54899,1005,1,46200,0
8914,54900,1062,1,1450,0.15
8915,54900,1088,2,5250,0
8916,54900,1082,2,5100,0
8917,54900,1084,1,3550,0
8918,54901,1073,1,10250,0
8919,54902,1043,1,1050,0.05
8920,54903,1028,1,2350,0.15
8921,54903,1007,1,54700,0
8922,54904,1095,2,1650,0.05
8923,54905,1073,2,10250,0.05
8924,54906,1034,1,2400,0.1
8925,54906,1013,2,19300,0.05
8926,54906,1040,2,4750,0
8927,54907,1022,2,2900,0
8928,54908,1061,2,1600,0.05
8929,54908,1028,1,2350,0.05
8930,54909,1029,2,5950,0
8931,54909,1011,1,63300,0.05
8932,54910,1034,2,2400,0.05
8933,54910,1100,1,2550,0.05
8934,54911,1017,1,41900,0.05
8935,54911,1001,3,68450,0
8936,54912,1015,1,25000,0.15
8937,54913,1086,1,900,0.1
8938,54913,1011,1,63300,0.05
8939,54914,1072,1,3850,0.15
8940,54914,1087,1,3500,0.1
8941,54915,1009,1,69500,0.1
8942,54916,1090,1,3400,0.05
8943,54917,1016,2,37450,0
8944,54918,1019,2,2150,0
8945,54919,1022,2,2900,0.05
8946,54920,1065,2,250,0
8947,54920,1073,1,10250,0.05
8948,54920,1083,1,11100,0
8949,54921,1012,1,3650,0.15
8950,54922,1075,2,4300,0
8951,54923,1020,1,5150,0
8952,54923,1070,1,2500,0.05
8953,54924,1023,2,2350,0
8954,54924,1052,1,1000,0
8955,54925,1056,2,950,0
8956,54925,1057,1,650,0
8957,54926,1058,3,500,0
8958,54926,1077,1,2450,0.1
8959,54926,1003,1,17250,0
8960,54927,1047,1,4300,0.05
8961,54928,1063,2,1700,0.05
8962,54928,1051,1,700,0.1
8963,54929,1067,2,1950,0
8964,54929,1089,1,1200,0
8965,54930,1045,1,3250,0.05
8966,54931,1051,1,700,0
8967,54932,1092,3,5950,0
8968,54933,1067,2,1950,0.05
8969,54934,1014,2,37800,0
8970,54935,1064,1,2000,0
8971,54935,1094,1,5200,0
8972,54936,1033,1,2750,0
8973,54936,1053,1,1950,0.05
8974,54937,1081,1,6750,0
8975,54937,1046,1,2050,0
8976,54938,1053,1,1950,0
8977,54938,1059,2,600,0
8978,54938,1057,1,650,0
8979,54939,1027,1,4700,0.05
8980,54940,1074,1,1850,0.05
8981,54940,1073,1,10250,0.05
8982,54940,1027,2,4700,0.05
8983,54941,1093,2,1750,0.1
8984,54941,1057,1,650,0
8985,54942,1025,1,2800,0.05
8986,54942,1051,1,700,0
8987,54942,1069,1,1900,0
8988,54943,1070,1,2500,0.15
8989,54943,1003,2,17250,0.05
8990,54944,1044,1,900,0
8991,54944,1039,1,2400,0
8992,54944,1042,2,6050,0
8993,54945,1097,1,4550,0.05
8994,54945,1015,2,25000,0.1
8995,54946,1008,2,60450,0.15
8996,54947,1063,1,1700,0.15
8997,54948,1004,1,58800,0.05
8998,54948,1039,1,2400,0
8999,54948,1083,2,11100,0.1
9000,54949,1043,2,1050,0.1
9001,54950,1028,1,2350,0.05
9002,54950,1095,1,1650,0
9003,54950,1064,1,2000,0
9004,54951,1080,2,500,0
9005,54951,1020,1,5150,0
9006,54952,1035,1,5050,0.1
9007,54952,1092,1,5950,0.05
9008,54952,1001,1,68450,0
9009,54953,1011,1,63300,0
9010,54953,1029,2,5950,0
9011,54953,1078,1,2550,0
9012,54954,1099,1,1950,0
9013,54954,1056,1,950,0
9014,54954,1072,1,3850,0.1
9015,54955,1056,2,950,0.1
9016,54955,1096,1,2950,0.05
9017,54955,1059,1,600,0.05
9018,54956,1053,1,1950,0.1
9019,54956,1010,2,45950,0
9020,54957,1069,1,1900,0.05
9021,54957,1014,1,37800,0.05
9022,54958,1020,2,5150,0.1
9023,54959,1031,1,3400,0.05
9024,54960,1044,1,900,0.15
9025,54960,1092,1,5950,0.05
9026,54961,1005,1,46200,0.05
9027,54961,1088,1,5250,0
9028,54961,1072,1,3850,0
9029,54962,1087,1,3500,0.05
9030,54962,1064,1,2000,0.1
9031,54963,1040,1,4750,0.1
9032,54963,1035,1,5050,0.1
9033,54963,1016,1,37450,0
9034,54964,1035,1,5050,0
9035,54965,1071,1,9700,0
9036,54965,1034,1,2400,0.05
9037,54966,1011,1,63300,0
9038,54966,1008,2,60450,0.05
9039,54967,1031,2,3400,0
9040,54968,1031,1,3400,0.05
9041,54968,1040,1,4750,0.1
9042,54968,1012,1,3650,0
9043,54969,1014,1,37800,0
9044,54970,1038,2,1700,0
9045,54970,1037,2,4100,0.1
9046,54970,1009,2,69500,0.1
9047,54971,1061,2,1600,0.05
9048,54972,1054,1,2100,0.1
9049,54973,1064,2,2000,0.05
9050,54973,1047,1,4300,0.1
9051,54974,1009,1,69500,0.05
9052,54974,1007,1,54700,0.1
9053,54974,1093,1,1750,0
9054,54975,1062,1,1450,0
9055,54976,1041,1,2100,0.15
9056,54976,1020,1,5150,0.1
9057,54976,1065,2,250,0.1
9058,54977,1048,1,2700,0.05
9059,54977,1006,1,12550,0
9060,54978,1002,1,31150,0
9061,54978,1034,1,2400,0
9062,54979,1068,2,10300,0.05
9063,54980,1017,1,41900,0
9064,54981,1033,1,2750,0
9065,54981,1038,1,1700,0.05
9066,54982,1010,1,45950,0
9067,54983,1031,2,3400,0
9068,54984,1004,1,58800,0
9069,54985,1095,1,1650,0
9070,54985,1048,1,2700,0.1
9071,54986,1065,3,250,0.1
9072,54987,1040,1,4750,0.1
9073,54988,1075,1,4300,0.05
9074,54988,1015,1,25000,0
9075,54989,1041,1,2100,0
9076,54990,1030,1,1100,0
9077,54991,1006,1,12550,0.1
9078,54992,1011,1,63300,0.05
9079,54992,1065,3,250,0
9080,54993,1017,1,41900,0.1
9081,54993,1078,1,2550,0.05
9082,54993,1020,1,5150,0.05
9083,54994,1084,1,3550,0.1
9084,54994,1099,1,1950,0
9085,54994,1033,2,2750,0.1
9086,54994,1100,2,2550,0.05
9087,54995,1046,2,2050,0
9088,54995,1044,1,900,0.1
9089,54995,1052,2,1000,0
9090,54996,1070,1,2500,0.1
9091,54997,1074,1,1850,0.05
9092,54997,1090,1,3400,0.1
9093,54998,1051,1,700,0
9094,54998,1042,1,6050,0.1
9095,54999,1081,1,6750,0
9096,55000,1076,2,6950,0
9097,55000,1065,1,250,0.1
