order_id,customer_id,order_date,order_status
50001,10981,2026-08-19,Completed
50002,10889,2026-07-01,Completed
50003,10245,2025-11-03,Completed
50004,10774,2026-08-10,Completed
50005,10692,2026-06-17,Completed
50006,10116,2026-06-13,Completed
50007,10812,2026-01-05,Completed
50008,10156,2026-03-12,Completed
50009,10092,2025-03-05,Completed
50010,10145,2025-08-08,Completed
50011,10389,2026-06-23,Completed
50012,10553,2026-02-09,Completed
50013,10574,2026-03-10,Pending
50014,10667,2026-05-17,Completed
50015,10427,2025-06-16,Completed
50016,10139,2026-04-14,Completed
50017,10682,2026-06-26,Completed
50018,10225,2026-04-30,Completed
50019,10167,2026-07-27,Completed
50020,10950,2026-09-09,Completed
50021,10120,2026-01-14,Completed
50022,10043,2025-06-06,Completed
50023,10323,2026-01-19,Completed
50024,10486,2025-05-27,Completed
50025,10578,2025-02-19,Cancelled
50026,10323,2025-10-18,Completed
50027,10809,2026-05-16,Completed
50028,10541,2025-03-11,Completed
50029,10427,2026-08-10,Completed
50030,10455,2025-12-12,Completed
50031,10477,2026-09-13,Completed
50032,10152,2026-04-17,Completed
50033,10649,2025-06-02,Completed
50034,10343,2026-02-24,Completed
50035,10894,2025-12-14,Completed
50036,10957,2026-03-30,Completed
50037,10629,2025-06-19,Completed
50038,10562,2025-11-13,Completed
50039,10136,2026-07-27,Completed
50040,10954,2026-07-09,Completed
50041,10058,2026-08-07,Completed
50042,10742,2026-05-30,Cancelled
50043,10132,2026-06-29,Completed
50044,10022,2025-07-30,Completed
50045,10684,2026-08-17,Completed
50046,10799,2026-09-14,Completed
50047,10577,2026-05-19,Completed
50048,10027,2026-03-24,Completed
50049,10027,2026-06-25,Completed
50050,10273,2025-04-28,Pending
50051,10533,2025-10-20,Completed
50052,10272,2025-04-02,Completed
50053,10951,2025-06-23,Completed
50054,10959,2025-07-05,Completed
50055,10063,2026-02-04,Completed
50056,10156,2025-11-28,Completed
50057,10940,2025-05-04,Completed
50058,10253,2026-09-04,Completed
50059,10493,2026-06-01,Completed
50060,10125,2025-03-04,Completed
50061,10548,2025-03-09,Completed
50062,10421,2025-08-28,Cancelled
50063,10022,2026-07-22,Pending
50064,10654,2025-09-10,Completed
50065,10635,2025-05-09,Completed
50066,10421,2025-03-27,Completed
50067,10499,2025-05-26,Completed
50068,10984,2025-09-09,Completed
50069,10433,2026-07-23,Completed
50070,10002,2026-04-21,Pending
50071,10608,2025-06-21,Completed
50072,10933,2026-05-09,Completed
50073,10268,2026-01-25,Pending
50074,10836,2025-08-06,Completed
50075,10506,2025-02-16,Completed
50076,10528,2025-03-13,Completed
50077,10414,2025-05-06,Completed
50078,10706,2025-10-14,Completed
50079,10224,2026-06-01,Pending
50080,10332,2025-12-17,Completed
50081,10976,2026-04-09,Completed
50082,10644,2025-11-26,Completed
50083,10461,2026-09-06,Completed
50084,10910,2025-05-17,Completed
50085,10002,2026-05-03,Completed
50086,10010,2025-06-27,Completed
50087,10889,2026-05-16,Completed
50088,10532,2025-03-21,Completed
50089,10888,2026-04-01,Completed
50090,10375,2026-01-21,Completed
50091,10379,2025-07-01,Completed
50092,10801,2025-01-09,Completed
50093,10389,2025-07-17,Completed
50094,10236,2025-01-21,Completed
50095,10658,2026-01-02,Completed
50096,10806,2025-11-07,Completed
50097,10235,2026-05-21,Pending
50098,10040,2026-05-20,Cancelled
50099,10686,2025-08-03,Completed
50100,10984,2026-02-10,Completed
50101,10293,2026-05-28,Completed
50102,10545,2026-08-03,Completed
50103,10592,2025-06-29,Completed
50104,10142,2025-03-08,Completed
50105,10933,2025-08-22,Cancelled
50106,10710,2025-10-08,Completed
50107,10656,2026-06-30,Completed
50108,10658,2026-04-10,Completed
50109,10436,2025-02-23,Completed
50110,10340,2026-02-21,Completed
50111,10658,2026-04-23,Completed
50112,10510,2025-02-14,Cancelled
50113,10238,2025-10-12,Cancelled
50114,10526,2025-11-20,Completed
50115,10206,2025-03-25,Cancelled
50116,10799,2025-08-20,Pending
50117,10433,2025-03-18,Cancelled
50118,10209,2025-12-04,Completed
50119,10610,2025-04-10,Completed
50120,10440,2025-01-25,Completed
50121,10611,2025-12-09,Completed
50122,10262,2026-04-30,Completed
50123,10365,2025-02-25,Completed
50124,10515,2025-08-31,Cancelled
50125,10764,2026-09-27,Completed
50126,10102,2026-04-03,Completed
50127,10094,2025-03-04,Cancelled
50128,10395,2025-03-08,Completed
50129,10066,2026-03-29,Completed
50130,10597,2026-03-19,Completed
50131,10656,2026-07-27,Completed
50132,10841,2026-02-16,Completed
50133,10743,2025-08-27,Completed
50134,10777,2025-01-11,Completed
50135,10464,2026-03-15,Completed
50136,10607,2025-12-14,Completed
50137,10654,2025-01-27,Completed
50138,10347,2025-07-17,Completed
50139,10014,2025-03-11,Completed
50140,10833,2026-08-10,Completed
50141,10504,2025-12-30,Completed
50142,10706,2026-04-01,Completed
50143,10152,2025-02-15,Completed
50144,10327,2026-03-23,Completed
50145,10635,2026-01-02,Completed
50146,10880,2025-05-30,Completed
50147,10326,2025-12-18,Completed
50148,10967,2026-06-15,Completed
50149,10656,2025-02-28,Completed
50150,10809,2026-07-27,Completed
50151,10431,2025-07-20,Pending
50152,10626,2025-07-26,Completed
50153,10365,2026-05-03,Completed
50154,10980,2026-09-07,Completed
50155,10842,2026-08-03,Pending
50156,10601,2026-03-05,Completed
50157,10115,2025-02-13,Completed
50158,10917,2025-08-17,Completed
50159,10467,2025-08-07,Completed
50160,10716,2025-12-06,Completed
50161,10392,2026-02-14,Completed
50162,10989,2026-01-07,Completed
50163,10379,2026-07-23,Completed
50164,10306,2025-07-19,Completed
50165,10908,2026-01-04,Completed
50166,10031,2025-07-22,Completed
50167,10233,2025-09-26,Completed
50168,10363,2026-07-22,Completed
50169,10207,2025-06-30,Completed
50170,10905,2025-01-22,Completed
50171,10151,2025-04-24,Completed
50172,10223,2026-04-13,Completed
50173,10799,2025-06-25,Cancelled
50174,10976,2026-03-21,Completed
50175,10070,2025-05-28,Cancelled
50176,10145,2025-07-14,Completed
50177,10395,2026-01-19,Completed
50178,10438,2025-09-08,Cancelled
50179,10756,2026-08-25,Completed
50180,10531,2025-06-02,Completed
50181,10059,2025-10-14,Completed
50182,10842,2026-08-22,Cancelled
50183,10221,2025-03-25,Completed
50184,10781,2026-09-22,Completed
50185,10504,2026-06-06,Completed
50186,10513,2025-07-03,Completed
50187,10390,2026-05-10,Completed
50188,10494,2025-10-02,Completed
50189,10622,2026-08-21,Completed
50190,10218,2025-07-27,Completed
50191,10245,2025-08-12,Completed
50192,10883,2026-08-09,Completed
50193,10836,2025-09-18,Completed
50194,10147,2025-03-28,Completed
50195,10513,2025-08-24,Completed
50196,10465,2026-09-29,Completed
50197,10455,2026-03-19,Completed
50198,10797,2025-11-21,Completed
50199,10028,2026-03-29,Completed
50200,10629,2026-01-03,Cancelled
50201,10309,2026-05-29,Completed
50202,10629,2025-10-11,Cancelled
50203,10106,2025-03-15,Completed
50204,10539,2025-12-08,Completed
50205,10348,2025-11-06,Completed
50206,10758,2025-10-09,Completed
50207,10592,2025-05-22,Pending
50208,10743,2026-07-11,Cancelled
50209,10009,2025-11-03,Completed
50210,10369,2026-02-18,Cancelled
50211,10812,2025-01-13,Completed
50212,10507,2025-06-02,Completed
50213,10242,2025-08-03,Completed
50214,10508,2026-07-20,Completed
50215,10703,2026-04-18,Completed
50216,10095,2025-07-12,Completed
50217,10940,2026-03-04,Completed
50218,10454,2026-07-26,Completed
50219,10152,2025-05-12,Completed
50220,10724,2026-05-27,Completed
50221,10826,2025-12-14,Completed
50222,10435,2026-02-18,Completed
50223,10670,2025-11-03,Completed
50224,10027,2025-02-02,Cancelled
50225,10166,2025-12-05,Completed
50226,10790,2026-09-15,Completed
50227,10410,2026-01-26,Completed
50228,10410,2026-07-02,Completed
50229,10477,2025-12-03,Completed
50230,10455,2025-11-08,Completed
50231,10115,2026-07-21,Completed
50232,10817,2026-09-10,Completed
50233,10198,2025-03-13,Cancelled
50234,10404,2025-07-30,Completed
50235,10642,2025-03-13,Completed
50236,10388,2025-01-12,Completed
50237,10849,2026-02-25,Completed
50238,10988,2025-05-13,Completed
50239,10482,2025-03-12,Completed
50240,10896,2025-07-31,Completed
50241,10218,2026-03-19,Completed
50242,10647,2025-06-12,Completed
50243,10936,2026-08-25,Completed
50244,10695,2026-04-15,Completed
50245,10008,2025-05-27,Completed
50246,10815,2026-09-12,Completed
50247,10520,2026-08-06,Completed
50248,10461,2026-08-13,Completed
50249,10101,2026-04-13,Completed
50250,10836,2025-11-01,Completed
50251,10813,2025-06-29,Completed
50252,10188,2026-09-25,Completed
50253,10460,2025-07-07,Completed
50254,10102,2025-02-14,Completed
50255,10862,2025-10-08,Cancelled
50256,10532,2025-03-10,Completed
50257,10703,2025-08-11,Cancelled
50258,10423,2026-07-21,Completed
50259,10388,2025-04-18,Completed
50260,10771,2026-02-24,Completed
50261,10270,2026-06-03,Completed
50262,10029,2026-04-18,Completed
50263,10736,2025-07-19,Completed
50264,10013,2025-04-28,Completed
50265,10149,2026-04-21,Completed
50266,10072,2026-07-16,Completed
50267,10691,2026-03-25,Completed
50268,10810,2025-06-15,Completed
50269,10022,2025-04-13,Completed
50270,10136,2026-02-05,Completed
50271,10652,2025-01-12,Completed
50272,10166,2026-01-02,Completed
50273,10692,2026-06-30,Completed
50274,10673,2026-06-20,Completed
50275,10694,2025-04-16,Completed
50276,10326,2025-02-23,Completed
50277,10053,2026-01-22,Completed
50278,10927,2026-01-19,Cancelled
50279,10213,2025-01-17,Completed
50280,10988,2025-12-12,Completed
50281,10658,2025-03-06,Completed
50282,10877,2025-06-21,Completed
50283,10049,2026-06-09,Completed
50284,10344,2026-07-30,Completed
50285,10610,2026-07-09,Completed
50286,10436,2025-08-26,Completed
50287,10378,2025-06-27,Completed
50288,10638,2025-01-13,Completed
50289,10460,2025-03-09,Completed
50290,10293,2026-01-13,Completed
50291,10881,2026-02-25,Completed
50292,10588,2025-04-15,Completed
50293,10782,2026-08-06,Completed
50294,10958,2026-09-07,Completed
50295,10615,2026-02-02,Completed
50296,10971,2025-05-17,Completed
50297,10618,2025-11-22,Pending
50298,10649,2025-03-11,Completed
50299,10597,2026-08-23,Completed
50300,10506,2025-08-27,Completed
50301,10682,2025-01-14,Completed
50302,10601,2025-05-08,Completed
50303,10724,2025-09-07,Completed
50304,10064,2026-01-19,Completed
50305,10214,2026-01-20,Completed
50306,10042,2026-09-05,Pending
50307,10449,2025-12-03,Completed
50308,10332,2025-02-10,Completed
50309,10976,2025-10-23,Completed
50310,10242,2025-12-06,Completed
50311,10218,2025-02-25,Cancelled
50312,10647,2025-09-12,Completed
50313,10673,2025-08-16,Completed
50314,10399,2025-11-26,Completed
50315,10614,2025-03-08,Completed
50316,10077,2025-07-17,Completed
50317,10989,2025-07-29,Completed
50318,10180,2026-07-17,Completed
50319,10932,2025-08-30,Completed
50320,10435,2026-04-24,Completed
50321,10701,2025-09-08,Completed
50322,10595,2025-11-07,Completed
50323,10453,2025-07-26,Completed
50324,10772,2025-03-23,Pending
50325,10381,2026-01-22,Completed
50326,10447,2026-06-02,Completed
50327,10440,2025-06-09,Completed
50328,10787,2025-01-21,Completed
50329,10436,2025-03-27,Completed
50330,10919,2026-09-02,Completed
50331,10548,2025-06-29,Completed
50332,10463,2026-04-10,Completed
50333,10559,2026-05-08,Completed
50334,10149,2026-04-26,Completed
50335,10912,2025-01-05,Completed
50336,10499,2026-01-19,Completed
50337,10924,2026-02-09,Pending
50338,10390,2026-05-17,Completed
50339,10987,2025-03-14,Completed
50340,10043,2025-05-08,Completed
50341,10560,2025-07-18,Completed
50342,10955,2025-12-23,Completed
50343,10489,2026-01-13,Completed
50344,10635,2026-03-11,Completed
50345,10256,2025-02-05,Cancelled
50346,10382,2025-01-29,Completed
50347,10629,2025-09-25,Completed
50348,10942,2025-05-31,Completed
50349,10591,2025-06-15,Completed
50350,10761,2026-01-29,Completed
50351,10576,2025-03-24,Completed
50352,10199,2026-03-10,Completed
50353,10436,2025-11-06,Completed
50354,10527,2026-01-27,Completed
50355,10715,2025-04-02,Completed
50356,10562,2025-12-19,Completed
50357,10284,2025-08-03,Cancelled
50358,10415,2025-11-12,Completed
50359,10174,2026-05-19,Completed
50360,10076,2026-03-04,Completed
50361,10638,2026-03-18,Completed
50362,10392,2025-05-18,Completed
50363,10191,2025-04-23,Completed
50364,10803,2025-07-10,Completed
50365,10741,2025-07-16,Completed
50366,10895,2026-02-23,Completed
50367,10908,2025-04-22,Completed
50368,10172,2025-10-28,Completed
50369,10136,2025-03-07,Completed
50370,10576,2026-05-05,Completed
50371,10750,2025-01-10,Completed
50372,10743,2025-01-08,Completed
50373,10779,2025-02-12,Completed
50374,10516,2025-01-08,Completed
50375,10516,2025-09-30,Cancelled
50376,10474,2025-12-12,Completed
50377,10358,2025-12-18,Pending
50378,10807,2026-01-05,Completed
50379,10395,2025-02-28,Pending
50380,10863,2025-04-13,Completed
50381,10862,2026-02-16,Completed
50382,10882,2025-05-23,Completed
50383,10133,2026-06-28,Completed
50384,10676,2025-09-12,Completed
50385,10604,2026-05-02,Completed
50386,10642,2025-01-04,Pending
50387,10956,2025-11-26,Completed
50388,10381,2025-02-16,Pending
50389,10717,2026-03-31,Completed
50390,10485,2026-09-20,Completed
50391,10370,2026-05-03,Pending
50392,10846,2025-04-13,Completed
50393,10309,2025-07-19,Completed
50394,10860,2026-08-09,Completed
50395,10695,2025-02-02,Completed
50396,10788,2025-11-05,Completed
50397,10996,2026-04-24,Completed
50398,10450,2025-04-29,Completed
50399,10533,2025-09-07,Completed
50400,10743,2025-04-02,Completed
50401,10989,2025-01-30,Completed
50402,10927,2026-01-28,Completed
50403,10235,2025-09-21,Completed
50404,10950,2025-05-07,Completed
50405,10920,2026-05-19,Completed
50406,10670,2025-08-18,Cancelled
50407,10758,2026-09-08,Completed
50408,10368,2026-01-26,Completed
50409,10775,2026-03-24,Completed
50410,10238,2025-04-29,Completed
50411,10121,2025-12-15,Completed
50412,10936,2025-04-29,Completed
50413,10140,2025-11-17,Pending
50414,10567,2025-01-02,Completed
50415,10579,2025-07-14,Completed
50416,10976,2025-11-24,Completed
50417,10789,2025-05-10,Completed
50418,10590,2025-08-16,Completed
50419,10009,2026-04-17,Completed
50420,10806,2025-10-31,Completed
50421,10499,2026-04-12,Completed
50422,10297,2025-02-05,Completed
50423,10326,2025-05-07,Completed
50424,10839,2026-08-11,Completed
50425,10820,2026-05-22,Completed
50426,10965,2025-03-02,Pending
50427,10352,2025-08-04,Completed
50428,10933,2025-08-19,Completed
50429,10058,2025-07-03,Completed
50430,10710,2025-11-03,Pending
50431,10642,2025-06-13,Pending
50432,10542,2025-12-12,Completed
50433,10474,2025-12-23,Completed
50434,10410,2026-06-25,Completed
50435,10297,2025-07-19,Completed
50436,10542,2025-04-10,Completed
50437,10743,2026-08-18,Completed
50438,10059,2025-11-08,Completed
50439,10172,2025-05-21,Completed
50440,10484,2025-05-29,Completed
50441,10797,2025-07-20,Completed
50442,10009,2026-08-13,Completed
50443,10775,2025-06-01,Completed
50444,10981,2025-06-22,Cancelled
50445,10102,2026-05-01,Completed
50446,10058,2026-06-12,Completed
50447,10585,2025-06-02,Completed
50448,10419,2025-02-04,Completed
50449,10414,2025-11-06,Completed
50450,10953,2026-01-20,Completed
50451,10989,2025-04-02,Completed
50452,10854,2026-01-27,Completed
50453,10636,2026-01-12,Completed
50454,10126,2025-05-05,Completed
50455,10649,2026-06-06,Completed
50456,10576,2026-08-10,Completed
50457,10671,2025-04-07,Completed
50458,10189,2026-05-11,Pending
50459,10681,2025-11-02,Completed
50460,10107,2025-03-07,Completed
50461,10854,2026-07-05,Completed
50462,10802,2025-01-21,Completed
50463,10808,2026-06-27,Completed
50464,10513,2026-08-22,Completed
50465,10809,2025-05-08,Completed
50466,10218,2025-05-01,Completed
50467,10588,2025-07-04,Completed
50468,10452,2025-11-18,Completed
50469,10143,2025-07-31,Completed
50470,10096,2025-09-20,Completed
50471,10037,2025-05-08,Completed
50472,10385,2026-07-12,Completed
50473,10976,2025-01-01,Completed
50474,10050,2026-06-16,Cancelled
50475,10309,2026-07-01,Completed
50476,10567,2025-11-17,Completed
50477,10985,2025-12-27,Completed
50478,10506,2025-04-12,Completed
50479,10049,2025-02-07,Completed
50480,10316,2025-08-09,Pending
50481,10591,2025-08-10,Completed
50482,10293,2026-09-30,Completed
50483,10542,2025-09-24,Completed
50484,10896,2026-02-14,Completed
50485,10942,2026-03-12,Cancelled
50486,10156,2025-07-28,Completed
50487,10714,2025-07-17,Completed
50488,10560,2026-06-08,Completed
50489,10431,2025-06-07,Completed
50490,10778,2026-01-24,Completed
50491,10592,2025-03-21,Completed
50492,10526,2026-07-16,Completed
50493,10348,2025-04-02,Completed
50494,10354,2025-10-07,Completed
50495,10790,2025-10-08,Completed
50496,10395,2025-08-16,Completed
50497,10115,2025-05-07,Completed
50498,10710,2025-11-10,Completed
50499,10799,2025-04-08,Completed
50500,10677,2025-10-16,Completed
50501,10596,2025-02-19,Completed
50502,10944,2026-02-03,Completed
50503,10798,2026-06-29,Completed
50504,10877,2026-02-17,Completed
50505,10140,2025-01-10,Completed
50506,10691,2025-05-10,Completed
50507,10560,2025-10-01,Completed
50508,10707,2026-01-15,Completed
50509,10263,2026-09-16,Completed
50510,10460,2026-03-26,Pending
50511,10790,2026-05-30,Completed
50512,10951,2026-06-18,Cancelled
50513,10877,2025-08-23,Completed
50514,10847,2025-11-09,Completed
50515,10328,2025-04-03,Completed
50516,10085,2025-09-03,Cancelled
50517,10172,2025-02-28,Completed
50518,10298,2026-05-20,Completed
50519,10013,2026-03-11,Completed
50520,10932,2025-05-20,Completed
50521,10507,2026-06-30,Completed
50522,10419,2026-09-24,Completed
50523,10821,2025-01-08,Completed
50524,10680,2025-12-20,Completed
50525,10725,2026-06-25,Completed
50526,10048,2026-04-05,Pending
50527,10654,2026-06-21,Cancelled
50528,10181,2026-01-11,Completed
50529,10507,2025-02-22,Completed
50530,10397,2026-01-18,Pending
50531,10359,2025-09-13,Completed
50532,10841,2025-05-01,Completed
50533,10484,2025-09-29,Completed
50534,10724,2026-08-06,Completed
50535,10921,2026-06-12,Completed
50536,10037,2026-04-20,Cancelled
50537,10839,2025-02-28,Completed
50538,10601,2025-12-03,Completed
50539,10117,2025-12-25,Cancelled
50540,10198,2025-12-30,Completed
50541,10438,2025-07-22,Completed
50542,10507,2025-06-07,Completed
50543,10908,2025-01-08,Completed
50544,10640,2025-08-20,Completed
50545,10392,2026-01-09,Completed
50546,10191,2025-10-03,Completed
50547,10446,2026-03-26,Completed
50548,10376,2026-03-21,Completed
50549,10879,2025-07-23,Completed
50550,10297,2025-05-17,Completed
50551,10734,2025-02-02,Completed
50552,10212,2026-05-06,Pending
50553,10981,2025-05-02,Completed
50554,10543,2025-05-11,Completed
50555,10757,2026-02-14,Completed
50556,10922,2026-02-03,Completed
50557,10957,2025-01-22,Completed
50558,10368,2025-01-14,Completed
50559,10249,2025-12-17,Completed
50560,10588,2025-01-09,Completed
50561,10302,2026-05-13,Completed
50562,10438,2026-09-25,Completed
50563,10506,2025-09-13,Completed
50564,10125,2025-09-27,Pending
50565,10263,2026-03-16,Completed
50566,10684,2025-04-16,Completed
50567,10500,2025-07-05,Completed
50568,10844,2025-06-02,Completed
50569,10145,2025-02-09,Completed
50570,10205,2025-05-30,Completed
50571,10601,2025-04-04,Completed
50572,10398,2026-06-22,Completed
50573,10617,2025-08-25,Completed
50574,10435,2025-03-04,Completed
50575,10629,2025-11-08,Completed
50576,10385,2025-12-26,Completed
50577,10262,2025-02-18,Completed
50578,10001,2025-11-26,Completed
50579,10473,2026-09-14,Completed
50580,10197,2026-05-19,Completed
50581,10322,2025-04-10,Completed
50582,10659,2025-05-14,Completed
50583,10729,2026-01-06,Completed
50584,10577,2026-09-12,Completed
50585,10634,2025-08-04,Completed
50586,10096,2025-04-19,Completed
50587,10731,2025-05-04,Completed
50588,10966,2025-07-15,Completed
50589,10450,2025-04-12,Completed
50590,10540,2025-12-18,Completed
50591,10476,2025-07-26,Completed
50592,10166,2025-05-11,Completed
50593,10544,2025-09-16,Cancelled
50594,10749,2026-07-28,Pending
50595,10889,2026-04-05,Completed
50596,10127,2026-03-23,Completed
50597,10430,2026-05-31,Completed
50598,10173,2025-10-08,Completed
50599,10143,2025-02-16,Pending
50600,10065,2025-07-14,Completed
50601,10414,2026-06-30,Completed
50602,10969,2025-06-19,Completed
50603,10505,2026-07-30,Completed
50604,10416,2025-10-06,Completed
50605,10003,2026-08-09,Completed
50606,10673,2026-06-10,Completed
50607,10686,2026-06-22,Completed
50608,10842,2025-10-31,Completed
50609,10545,2025-06-25,Completed
50610,10527,2025-10-26,Completed
50611,10159,2025-10-12,Cancelled
50612,10285,2025-02-22,Completed
50613,10263,2025-08-04,Completed
50614,10002,2025-12-22,Completed
50615,10970,2025-11-29,Completed
50616,10684,2026-07-17,Completed
50617,10146,2026-09-19,Completed
50618,10984,2025-01-11,Completed
50619,10234,2025-10-14,Completed
50620,10969,2026-07-05,Completed
50621,10859,2026-08-21,Completed
50622,10736,2026-01-27,Cancelled
50623,10274,2026-09-11,Completed
50624,10807,2025-08-14,Completed
50625,10215,2026-02-09,Completed
50626,10245,2026-03-21,Completed
50627,10895,2025-04-06,Completed
50628,10460,2025-06-30,Completed
50629,10491,2025-07-04,Completed
50630,10023,2025-06-16,Cancelled
50631,10808,2026-09-15,Completed
50632,10156,2026-03-13,Completed
50633,10904,2026-02-17,Completed
50634,10520,2025-01-13,Completed
50635,10395,2025-01-22,Completed
50636,10017,2025-02-14,Completed
50637,10760,2025-10-02,Completed
50638,10611,2025-01-14,Completed
50639,10010,2025-04-19,Completed
50640,10808,2025-03-29,Completed
50641,10482,2026-07-31,Cancelled
50642,10805,2025-11-11,Completed
50643,10167,2025-02-27,Completed
50644,10282,2026-07-11,Completed
50645,10816,2025-04-16,Completed
50646,10114,2026-03-02,Completed
50647,10908,2025-01-25,Completed
50648,10404,2025-12-28,Completed
50649,10240,2026-01-29,Completed
50650,10693,2025-04-26,Completed
50651,10989,2025-08-18,Completed
50652,10954,2026-01-01,Completed
50653,10354,2026-01-05,Cancelled
50654,10917,2025-02-14,Completed
50655,10185,2026-06-28,Completed
50656,10190,2026-03-12,Completed
50657,10649,2025-11-05,Completed
50658,10300,2025-04-17,Completed
50659,10499,2026-01-13,Cancelled
50660,10800,2025-03-20,Completed
50661,10853,2025-06-02,Completed
50662,10156,2025-06-01,Completed
50663,10701,2026-05-05,Completed
50664,10124,2026-03-14,Pending
50665,10293,2025-04-03,Completed
50666,10140,2026-01-30,Completed
50667,10494,2026-05-08,Completed
50668,10425,2025-12-08,Completed
50669,10942,2025-09-09,Completed
50670,10542,2026-07-06,Completed
50671,10526,2025-08-24,Completed
50672,10571,2026-03-08,Completed
50673,10765,2025-08-13,Completed
50674,10246,2025-01-03,Completed
50675,10841,2026-01-07,Completed
50676,10957,2025-04-23,Completed
50677,10372,2025-05-23,Completed
50678,10156,2026-07-19,Pending
50679,10908,2025-09-06,Completed
50680,10238,2025-05-22,Completed
50681,10673,2025-05-27,Completed
50682,10029,2026-03-11,Completed
50683,10678,2026-08-19,Completed
50684,10830,2025-06-11,Completed
50685,10386,2025-03-22,Completed
50686,10014,2026-03-03,Completed
50687,10192,2025-05-24,Completed
50688,10675,2025-11-03,Completed
50689,10703,2026-03-31,Completed
50690,10672,2025-10-21,Completed
50691,10064,2025-02-02,Completed
50692,10180,2025-06-14,Completed
50693,10823,2026-04-11,Completed
50694,10821,2026-08-09,Completed
50695,10687,2026-03-10,Cancelled
50696,10287,2025-04-05,Completed
50697,10976,2025-05-09,Completed
50698,10416,2025-02-27,Completed
50699,10194,2026-07-27,Completed
50700,10085,2026-04-25,Completed
50701,10636,2026-02-19,Completed
50702,10172,2026-01-16,Completed
50703,10206,2025-04-22,Completed
50704,10385,2025-12-10,Completed
50705,10297,2026-07-09,Completed
50706,10225,2025-01-12,Completed
50707,10326,2026-07-19,Completed
50708,10927,2025-09-04,Completed
50709,10976,2026-08-02,Completed
50710,10985,2026-05-11,Completed
50711,10329,2025-11-13,Completed
50712,10378,2025-10-17,Pending
50713,10499,2025-11-19,Completed
50714,10707,2025-05-13,Completed
50715,10105,2026-02-22,Cancelled
50716,10502,2026-05-30,Completed
50717,10162,2026-08-25,Completed
50718,10481,2025-02-08,Completed
50719,10164,2026-04-20,Completed
50720,10610,2025-08-26,Cancelled
50721,10799,2025-05-25,Completed
50722,10169,2026-05-29,Completed
50723,10710,2026-06-20,Cancelled
50724,10365,2025-05-15,Completed
50725,10381,2026-03-18,Completed
50726,10690,2026-02-01,Completed
50727,10996,2026-09-14,Completed
50728,10166,2026-05-25,Completed
50729,10018,2025-11-13,Completed
50730,10966,2025-03-31,Completed
50731,10458,2025-06-23,Cancelled
50732,10170,2025-10-14,Completed
50733,10375,2025-03-14,Completed
50734,10762,2025-09-22,Pending
50735,10976,2026-03-29,Completed
50736,10154,2025-05-07,Pending
50737,10488,2026-01-08,Completed
50738,10416,2026-09-27,Cancelled
50739,10143,2026-01-11,Completed
50740,10610,2025-11-18,Completed
50741,10658,2026-06-03,Completed
50742,10871,2025-02-13,Completed
50743,10629,2025-09-08,Completed
50744,10558,2025-06-08,Completed
50745,10306,2025-06-12,Completed
50746,10843,2025-08-17,Completed
50747,10462,2025-04-06,Completed
50748,10468,2026-07-02,Cancelled
50749,10465,2025-03-29,Completed
50750,10117,2026-02-11,Completed
50751,10213,2025-12-03,Completed
50752,10366,2026-09-11,Completed
50753,10680,2026-05-03,Completed
50754,10457,2026-07-13,Completed
50755,10471,2025-08-07,Completed
50756,10033,2026-09-08,Completed
50757,10066,2026-01-06,Completed
50758,10976,2025-08-07,Completed
50759,10859,2026-03-10,Completed
50760,10619,2025-03-27,Completed
50761,10290,2025-03-25,Completed
50762,10690,2026-03-06,Completed
50763,10650,2025-09-23,Completed
50764,10059,2026-03-15,Completed
50765,10743,2025-06-18,Completed
50766,10940,2026-05-09,Completed
50767,10667,2025-06-14,Pending
50768,10443,2026-08-08,Completed
50769,10012,2026-09-04,Completed
50770,10703,2026-08-16,Completed
50771,10340,2025-11-21,Completed
50772,10890,2025-06-01,Completed
50773,10331,2026-02-21,Completed
50774,10703,2026-04-07,Cancelled
50775,10847,2026-04-06,Completed
50776,10569,2025-02-07,Completed
50777,10976,2026-03-07,Completed
50778,10762,2026-09-08,Completed
50779,10370,2025-07-15,Pending
50780,10567,2025-01-15,Completed
50781,10385,2025-11-06,Cancelled
50782,10500,2025-05-08,Completed
50783,10632,2026-04-12,Completed
50784,10374,2026-07-10,Completed
50785,10973,2025-12-10,Completed
50786,10182,2026-03-15,Completed
50787,10548,2025-06-16,Completed
50788,10399,2026-03-24,Completed
50789,10680,2025-04-12,Pending
50790,10798,2025-04-17,Completed
50791,10019,2026-02-26,Completed
50792,10741,2026-07-12,Completed
50793,10449,2026-08-19,Completed
50794,10649,2026-03-07,Completed
50795,10765,2026-07-19,Completed
50796,10207,2026-04-26,Pending
50797,10372,2026-04-21,Completed
50798,10810,2026-02-10,Completed
50799,10392,2025-08-18,Completed
50800,10282,2025-09-28,Completed
50801,10895,2026-03-01,Completed
50802,10004,2026-03-01,Completed
50803,10029,2026-01-19,Completed
50804,10513,2026-09-07,Completed
50805,10176,2026-08-09,Pending
50806,10254,2026-02-05,Completed
50807,10629,2025-02-22,Completed
50808,10568,2025-05-12,Cancelled
50809,10410,2025-06-27,Completed
50810,10332,2025-06-12,Completed
50811,10108,2025-05-10,Completed
50812,10616,2026-02-06,Completed
50813,10611,2025-09-24,Completed
50814,10169,2025-11-27,Completed
50815,10101,2026-03-24,Completed
50816,10760,2025-06-06,Completed
50817,10686,2025-03-22,Completed
50818,10029,2025-05-14,Pending
50819,10618,2026-01-02,Completed
50820,10636,2025-08-16,Completed
50821,10531,2025-09-09,Completed
50822,10799,2026-01-23,Completed
50823,10642,2025-10-09,Completed
50824,10156,2025-01-24,Completed
50825,10571,2025-04-16,Completed
50826,10926,2025-05-06,Completed
50827,10297,2025-07-04,Completed
50828,10494,2026-01-06,Cancelled
50829,10219,2025-04-14,Completed
50830,10024,2025-03-17,Completed
50831,10610,2025-08-04,Completed
50832,10392,2025-11-18,Completed
50833,10455,2025-06-14,Completed
50834,10012,2025-07-02,Completed
50835,10616,2025-02-02,Completed
50836,10366,2025-12-22,Completed
50837,10600,2026-07-14,Completed
50838,10516,2025-09-18,Cancelled
50839,10205,2025-01-31,Completed
50840,10511,2025-06-06,Completed
50841,10386,2025-08-11,Completed
50842,10152,2025-03-27,Completed
50843,10938,2025-10-02,Completed
50844,10212,2025-04-05,Completed
50845,10544,2025-10-29,Completed
50846,10799,2026-03-23,Completed
50847,10416,2025-07-17,Completed
50848,10210,2025-10-15,Pending
50849,10114,2026-08-25,Completed
50850,10787,2026-05-15,Completed
50851,10450,2026-09-03,Completed
50852,10806,2026-09-30,Completed
50853,10402,2025-07-24,Completed
50854,10391,2025-03-07,Completed
50855,10884,2026-06-08,Completed
50856,10423,2026-09-11,Completed
50857,10629,2026-06-28,Completed
50858,10031,2025-07-04,Completed
50859,10438,2025-07-10,Completed
50860,10079,2026-01-16,Completed
50861,10771,2025-05-06,Completed
50862,10666,2025-12-03,Completed
50863,10560,2025-11-26,Cancelled
50864,10559,2026-01-30,Completed
50865,10225,2025-08-11,Completed
50866,10293,2026-09-15,Cancelled
50867,10799,2025-03-18,Completed
50868,10629,2026-03-22,Completed
50869,10335,2025-07-21,Completed
50870,10494,2025-02-17,Pending
50871,10431,2025-05-08,Completed
50872,10590,2026-08-29,Completed
50873,10566,2025-10-19,Completed
50874,10773,2026-08-13,Pending
50875,10907,2025-10-19,Completed
50876,10965,2025-02-07,Cancelled
50877,10915,2025-02-10,Completed
50878,10019,2026-04-27,Completed
50879,10794,2025-11-05,Completed
50880,10743,2026-02-14,Completed
50881,10762,2026-05-21,Completed
50882,10412,2026-04-11,Completed
50883,10626,2025-05-05,Completed
50884,10936,2025-04-16,Completed
50885,10052,2025-01-11,Completed
50886,10990,2026-03-23,Completed
50887,10096,2026-01-13,Completed
50888,10532,2025-01-06,Cancelled
50889,10859,2025-09-23,Cancelled
50890,10048,2025-02-19,Cancelled
50891,10082,2025-12-04,Completed
50892,10782,2026-01-24,Completed
50893,10176,2025-05-22,Completed
50894,10132,2025-11-23,Completed
50895,10743,2026-02-28,Completed
50896,10649,2026-06-19,Completed
50897,10568,2026-05-17,Pending
50898,10337,2026-05-10,Completed
50899,10278,2025-10-31,Completed
50900,10375,2025-09-06,Completed
50901,10716,2025-07-30,Completed
50902,10082,2026-05-22,Completed
50903,10016,2025-08-10,Completed
50904,10404,2026-05-15,Completed
50905,10220,2026-08-28,Completed
50906,10507,2025-11-17,Completed
50907,10327,2026-04-10,Completed
50908,10839,2025-04-19,Cancelled
50909,10233,2026-01-08,Completed
50910,10455,2026-09-28,Completed
50911,10772,2025-07-12,Completed
50912,10433,2025-11-11,Pending
50913,10567,2025-04-15,Completed
50914,10867,2025-04-23,Completed
50915,10889,2025-07-11,Completed
50916,10479,2026-06-28,Completed
50917,10280,2026-07-18,Completed
50918,10439,2025-06-04,Completed
50919,10438,2025-12-08,Completed
50920,10288,2025-04-11,Completed
50921,10401,2026-03-09,Completed
50922,10200,2025-06-30,Completed
50923,10524,2026-05-21,Completed
50924,10118,2025-02-21,Completed
50925,10958,2025-08-13,Completed
50926,10889,2026-08-13,Completed
50927,10070,2025-04-14,Completed
50928,10878,2026-02-19,Completed
50929,10110,2025-10-02,Completed
50930,10177,2025-07-28,Completed
50931,10302,2026-09-03,Completed
50932,10003,2025-07-09,Completed
50933,10677,2026-05-04,Completed
50934,10843,2025-09-02,Completed
50935,10658,2025-06-20,Completed
50936,10894,2025-05-26,Pending
50937,10649,2026-03-15,Completed
50938,10184,2025-09-28,Cancelled
50939,10177,2025-01-10,Completed
50940,10967,2026-08-21,Completed
50941,10863,2026-04-29,Completed
50942,10809,2026-08-04,Completed
50943,10306,2025-08-22,Completed
50944,10174,2025-05-31,Completed
50945,10108,2025-12-10,Completed
50946,10716,2026-07-13,Completed
50947,10487,2026-01-09,Completed
50948,10818,2025-11-05,Completed
50949,10887,2026-09-03,Completed
50950,10285,2026-06-16,Completed
50951,10023,2026-02-25,Completed
50952,10642,2025-05-26,Completed
50953,10033,2026-08-15,Completed
50954,10973,2026-01-04,Completed
50955,10099,2026-01-22,Completed
50956,10964,2026-07-12,Cancelled
50957,10454,2026-06-24,Completed
50958,10905,2025-12-24,Cancelled
50959,10410,2026-03-04,Cancelled
50960,10292,2025-07-15,Completed
50961,10516,2025-12-18,Completed
50962,10133,2026-04-11,Completed
50963,10784,2025-12-22,Completed
50964,10967,2026-05-26,Cancelled
50965,10157,2025-06-03,Completed
50966,10304,2026-07-26,Completed
50967,10322,2025-10-23,Completed
50968,10310,2026-04-10,Completed
50969,10297,2026-08-31,Completed
50970,10489,2025-01-06,Completed
50971,10642,2025-01-01,Completed
50972,10152,2025-10-18,Completed
50973,10500,2026-07-29,Completed
50974,10095,2025-10-05,Completed
50975,10715,2026-03-19,Completed
50976,10092,2025-08-13,Completed
50977,10933,2025-09-12,Completed
50978,10621,2026-03-09,Completed
50979,10897,2025-09-25,Cancelled
50980,10588,2025-06-27,Completed
50981,10657,2025-11-27,Completed
50982,10153,2025-07-24,Completed
50983,10427,2025-07-24,Completed
50984,10094,2026-08-04,Cancelled
50985,10461,2025-07-07,Completed
50986,10867,2026-03-24,Completed
50987,10520,2025-11-17,Completed
50988,10663,2026-01-02,Completed
50989,10436,2026-03-07,Pending
50990,10462,2026-07-27,Completed
50991,10758,2025-04-01,Completed
50992,10600,2025-11-06,Completed
50993,10571,2026-01-18,Completed
50994,10535,2026-08-03,Completed
50995,10059,2026-02-07,Completed
50996,10652,2026-04-19,Completed
50997,10866,2026-04-17,Completed
50998,10094,2025-10-04,Completed
50999,10634,2025-12-08,Completed
51000,10812,2026-08-03,Completed
51001,10350,2025-03-04,Completed
51002,10575,2026-06-08,Completed
51003,10059,2025-07-29,Completed
51004,10559,2026-05-23,Completed
51005,10889,2025-06-08,Completed
51006,10327,2025-01-07,Completed
51007,10610,2025-07-25,Completed
51008,10001,2026-09-11,Completed
51009,10515,2025-09-11,Completed
51010,10475,2026-06-02,Completed
51011,10060,2025-05-05,Completed
51012,10485,2025-07-08,Completed
51013,10834,2026-07-14,Completed
51014,10598,2026-03-26,Completed
51015,10602,2026-03-19,Completed
51016,10024,2025-05-26,Completed
51017,10641,2025-06-24,Completed
51018,10677,2025-07-25,Completed
51019,10304,2025-04-13,Pending
51020,10493,2025-10-09,Completed
51021,10675,2025-04-20,Completed
51022,10802,2025-06-01,Completed
51023,10459,2026-08-01,Completed
51024,10571,2025-02-04,Completed
51025,10888,2026-09-27,Completed
51026,10902,2025-12-30,Pending
51027,10468,2026-04-15,Completed
51028,10980,2026-01-02,Completed
51029,10851,2025-08-04,Completed
51030,10684,2026-02-04,Completed
51031,10180,2025-06-05,Completed
51032,10697,2025-12-14,Completed
51033,10848,2025-05-24,Completed
51034,10755,2025-11-07,Cancelled
51035,10072,2026-05-11,Completed
51036,10473,2025-07-04,Completed
51037,10926,2026-06-23,Completed
51038,10675,2026-08-26,Pending
51039,10370,2026-09-25,Completed
51040,10072,2025-01-31,Completed
51041,10169,2025-04-09,Completed
51042,10499,2026-05-03,Completed
51043,10245,2025-08-31,Completed
51044,10875,2026-01-29,Completed
51045,10431,2025-03-07,Completed
51046,10266,2025-02-08,Completed
51047,10080,2026-01-19,Completed
51048,10833,2025-06-28,Completed
51049,10675,2026-01-22,Completed
51050,10621,2026-07-24,Completed
51051,10270,2026-03-25,Completed
51052,10240,2025-06-15,Completed
51053,10522,2025-07-16,Completed
51054,10027,2025-04-09,Completed
51055,10800,2025-01-06,Completed
51056,10421,2026-07-14,Completed
51057,10365,2026-06-25,Completed
51058,10823,2026-08-08,Completed
51059,10499,2026-01-01,Completed
51060,10553,2025-05-22,Completed
51061,10446,2026-01-21,Completed
51062,10561,2025-05-11,Completed
51063,10313,2025-05-01,Completed
51064,10058,2026-07-08,Completed
51065,10238,2025-10-24,Cancelled
51066,10269,2026-01-02,Completed
51067,10862,2025-10-22,Completed
51068,10564,2026-06-15,Cancelled
51069,10499,2026-02-13,Completed
51070,10539,2025-04-24,Completed
51071,10936,2025-09-27,Completed
51072,10034,2026-03-08,Completed
51073,10356,2025-03-02,Completed
51074,10541,2025-12-04,Cancelled
51075,10646,2025-03-05,Completed
51076,10080,2026-08-01,Cancelled
51077,10681,2025-02-06,Completed
51078,10078,2026-03-03,Completed
51079,10598,2025-03-24,Cancelled
51080,10482,2025-05-13,Completed
51081,10048,2025-02-06,Completed
51082,10239,2025-12-25,Completed
51083,10320,2025-08-22,Completed
51084,10060,2025-07-20,Completed
51085,10851,2025-01-19,Completed
51086,10058,2026-01-22,Completed
51087,10438,2026-03-14,Completed
51088,10125,2025-05-01,Cancelled
51089,10981,2026-01-12,Completed
51090,10367,2025-03-01,Completed
51091,10101,2025-01-11,Completed
51092,10738,2026-07-04,Completed
51093,10989,2025-01-16,Completed
51094,10265,2025-02-28,Completed
51095,10138,2025-07-04,Completed
51096,10329,2026-09-09,Completed
51097,10259,2025-10-27,Completed
51098,10415,2025-05-06,Completed
51099,10085,2026-07-11,Completed
51100,10683,2026-01-01,Cancelled
51101,10848,2026-03-31,Completed
51102,10940,2026-07-19,Completed
51103,10636,2026-06-24,Cancelled
51104,10333,2026-07-09,Completed
51105,10059,2026-02-25,Completed
51106,10610,2025-10-14,Completed
51107,10907,2026-06-18,Completed
51108,10731,2025-08-04,Completed
51109,10706,2025-05-26,Completed
51110,10246,2026-03-27,Completed
51111,10456,2025-04-27,Completed
51112,10830,2025-10-04,Completed
51113,10404,2025-03-28,Completed
51114,10844,2026-01-29,Completed
51115,10854,2026-01-29,Completed
51116,10238,2026-01-24,Completed
51117,10439,2025-02-23,Completed
51118,10033,2025-12-23,Cancelled
51119,10905,2025-12-11,Cancelled
51120,10902,2026-08-29,Completed
51121,10030,2026-09-29,Completed
51122,10436,2025-02-28,Completed
51123,10549,2025-10-22,Completed
51124,10936,2026-04-20,Completed
51125,10697,2026-06-16,Completed
51126,10958,2026-04-24,Completed
51127,10922,2025-05-16,Cancelled
51128,10297,2025-10-08,Completed
51129,10265,2026-07-10,Completed
51130,10562,2025-02-09,Completed
51131,10382,2025-09-14,Completed
51132,10800,2026-09-15,Completed
51133,10324,2025-11-25,Completed
51134,10839,2026-03-31,Completed
51135,10446,2026-04-23,Completed
51136,10381,2026-07-24,Completed
51137,10063,2025-03-23,Completed
51138,10597,2025-11-18,Pending
51139,10447,2025-09-22,Completed
51140,10292,2026-05-22,Completed
51141,10614,2025-05-31,Completed
51142,10639,2025-08-27,Completed
51143,10043,2026-06-03,Completed
51144,10571,2025-02-12,Completed
51145,10242,2025-09-23,Pending
51146,10019,2025-12-28,Completed
51147,10049,2025-08-29,Completed
51148,10085,2026-03-31,Completed
51149,10085,2025-07-28,Completed
51150,10389,2026-03-02,Completed
51151,10436,2025-10-17,Completed
51152,10344,2026-01-04,Completed
51153,10421,2026-01-19,Completed
51154,10973,2026-09-29,Completed
51155,10388,2025-10-25,Cancelled
51156,10907,2025-01-27,Completed
51157,10225,2025-11-17,Completed
51158,10772,2026-06-05,Completed
51159,10690,2025-08-09,Completed
51160,10572,2025-06-03,Completed
51161,10998,2025-03-22,Pending
51162,10958,2025-08-18,Completed
51163,10998,2026-07-16,Completed
51164,10533,2025-05-05,Completed
51165,10522,2025-02-22,Completed
51166,10642,2026-06-17,Completed
51167,10284,2026-08-13,Completed
51168,10259,2025-09-06,Completed
51169,10976,2025-08-25,Completed
51170,10739,2025-04-29,Completed
51171,10449,2026-02-24,Completed
51172,10375,2026-06-02,Completed
51173,10383,2026-05-11,Completed
51174,10453,2026-03-05,Completed
51175,10819,2025-05-09,Cancelled
51176,10260,2026-02-22,Completed
51177,10648,2026-09-13,Completed
51178,10300,2025-11-18,Completed
51179,10421,2026-06-02,Pending
51180,10565,2025-07-22,Cancelled
51181,10868,2025-01-16,Completed
51182,10429,2026-07-22,Completed
51183,10470,2025-04-14,Completed
51184,10037,2026-03-18,Completed
51185,10173,2025-03-16,Completed
51186,10855,2026-02-02,Cancelled
51187,10376,2026-02-16,Completed
51188,10254,2025-10-28,Completed
51189,10890,2025-12-11,Completed
51190,10602,2025-02-16,Completed
51191,10918,2026-04-05,Cancelled
51192,10615,2026-03-23,Completed
51193,10481,2025-05-18,Completed
51194,10705,2026-08-27,Cancelled
51195,10936,2025-03-27,Completed
51196,10009,2026-08-31,Completed
51197,10634,2026-01-24,Completed
51198,10183,2026-08-26,Completed
51199,10762,2025-08-26,Completed
51200,10365,2026-08-01,Completed
51201,10520,2026-06-05,Completed
51202,10436,2025-11-27,Completed
51203,10747,2025-05-27,Completed
51204,10942,2025-08-04,Completed
51205,10293,2026-09-23,Completed
51206,10369,2025-06-19,Completed
51207,10290,2026-03-26,Completed
51208,10175,2025-09-23,Pending
51209,10743,2025-08-26,Completed
51210,10155,2025-07-31,Completed
51211,10504,2025-06-22,Completed
51212,10895,2026-07-07,Completed
51213,10207,2026-05-16,Completed
51214,10029,2025-07-28,Completed
51215,10945,2026-03-13,Completed
51216,10516,2026-04-10,Completed
51217,10119,2025-05-03,Completed
51218,10440,2025-09-27,Completed
51219,10149,2025-10-13,Completed
51220,10125,2025-12-29,Completed
51221,10736,2025-08-16,Completed
51222,10344,2026-06-04,Completed
51223,10456,2026-06-10,Completed
51224,10081,2025-11-19,Cancelled
51225,10043,2025-04-13,Cancelled
51226,10787,2025-11-22,Completed
51227,10553,2025-02-06,Cancelled
51228,10611,2025-09-09,Completed
51229,10392,2025-08-14,Completed
51230,10280,2025-06-05,Completed
51231,10198,2026-05-24,Completed
51232,10211,2025-04-01,Pending
51233,10847,2025-08-08,Completed
51234,10072,2026-07-26,Completed
51235,10688,2025-02-09,Completed
51236,10277,2026-01-25,Completed
51237,10245,2025-12-24,Completed
51238,10641,2025-07-04,Completed
51239,10833,2025-10-27,Completed
51240,10490,2026-02-06,Completed
51241,10535,2025-10-30,Completed
51242,10123,2025-10-22,Completed
51243,10451,2025-09-11,Completed
51244,10125,2026-04-21,Pending
51245,10643,2025-12-22,Completed
51246,10682,2026-05-11,Completed
51247,10854,2026-09-08,Completed
51248,10246,2025-10-25,Completed
51249,10228,2026-02-23,Completed
51250,10762,2025-09-25,Completed
51251,10423,2026-03-29,Completed
51252,10276,2025-02-25,Completed
51253,10710,2025-12-14,Completed
51254,10050,2026-04-04,Completed
51255,10562,2025-06-20,Completed
51256,10771,2025-04-23,Cancelled
51257,10598,2025-12-04,Completed
51258,10533,2025-01-22,Completed
51259,10100,2025-12-08,Cancelled
51260,10758,2026-07-21,Completed
51261,10054,2025-08-04,Completed
51262,10210,2025-06-10,Completed
51263,10414,2025-08-23,Completed
51264,10170,2026-01-18,Completed
51265,10229,2025-09-12,Cancelled
51266,10039,2025-01-21,Completed
51267,10520,2026-05-29,Completed
51268,10485,2025-06-10,Completed
51269,10027,2025-09-11,Completed
51270,10741,2026-01-22,Completed
51271,10145,2025-10-04,Completed
51272,10085,2026-06-01,Completed
51273,10755,2026-03-02,Completed
51274,10731,2026-07-09,Completed
51275,10165,2026-08-26,Completed
51276,10206,2026-09-13,Completed
51277,10774,2026-03-12,Completed
51278,10027,2025-10-08,Completed
51279,10108,2026-08-14,Completed
51280,10306,2025-04-06,Completed
51281,10421,2025-10-13,Completed
51282,10902,2026-07-01,Completed
51283,10401,2026-05-24,Completed
51284,10950,2026-07-14,Completed
51285,10455,2026-08-15,Pending
51286,10414,2025-08-26,Completed
51287,10481,2025-04-22,Completed
51288,10351,2025-03-27,Completed
51289,10175,2026-05-17,Completed
51290,10094,2026-02-17,Completed
51291,10474,2026-08-04,Completed
51292,10064,2026-05-21,Completed
51293,10327,2025-12-12,Completed
51294,10040,2026-08-02,Completed
51295,10862,2025-10-02,Completed
51296,10744,2026-05-16,Completed
51297,10329,2025-08-30,Completed
51298,10687,2026-06-11,Completed
51299,10726,2025-03-25,Cancelled
51300,10435,2025-03-21,Completed
51301,10747,2025-06-15,Completed
51302,10132,2025-07-22,Completed
51303,10970,2025-02-09,Cancelled
51304,10495,2026-06-22,Completed
51305,10740,2026-07-15,Completed
51306,10009,2025-05-01,Completed
51307,10309,2025-10-05,Completed
51308,10600,2026-01-16,Completed
51309,10172,2025-10-25,Completed
51310,10215,2026-09-21,Pending
51311,10389,2026-09-12,Completed
51312,10463,2025-12-05,Cancelled
51313,10698,2025-05-19,Completed
51314,10693,2026-05-01,Completed
51315,10427,2025-06-03,Completed
51316,10989,2025-01-06,Completed
51317,10198,2025-04-07,Completed
51318,10349,2025-03-04,Completed
51319,10586,2025-03-10,Completed
51320,10553,2025-08-20,Completed
51321,10018,2025-07-17,Completed
51322,10810,2026-03-13,Completed
51323,10323,2026-02-17,Cancelled
51324,10559,2025-07-27,Completed
51325,10166,2025-08-10,Completed
51326,10276,2025-04-15,Completed
51327,10516,2026-01-28,Completed
51328,10762,2026-08-30,Completed
51329,10965,2026-09-23,Completed
51330,10474,2025-06-22,Completed
51331,10245,2025-08-10,Completed
51332,10794,2025-05-31,Completed
51333,10477,2025-01-01,Completed
51334,10889,2025-02-23,Completed
51335,10799,2026-03-12,Completed
51336,10344,2026-05-28,Completed
51337,10253,2026-02-07,Completed
51338,10404,2026-05-01,Completed
51339,10832,2025-11-21,Completed
51340,10879,2025-08-08,Pending
51341,10942,2025-10-12,Completed
51342,10833,2026-07-28,Completed
51343,10672,2025-09-14,Completed
51344,10552,2026-03-22,Completed
51345,10185,2026-01-10,Completed
51346,10761,2025-12-21,Completed
51347,10227,2026-07-28,Completed
51348,10918,2025-07-15,Completed
51349,10186,2025-01-11,Completed
51350,10382,2025-07-19,Completed
51351,10326,2025-04-07,Cancelled
51352,10911,2026-05-30,Cancelled
51353,10595,2025-02-04,Completed
51354,10626,2026-02-12,Completed
51355,10673,2025-09-17,Completed
51356,10063,2026-08-09,Completed
51357,10854,2026-04-28,Pending
51358,10617,2026-05-18,Completed
51359,10741,2026-07-13,Completed
51360,10042,2025-01-30,Completed
51361,10691,2025-07-01,Completed
51362,10145,2026-03-06,Completed
51363,10132,2026-03-31,Completed
51364,10066,2025-04-10,Completed
51365,10293,2025-07-18,Completed
51366,10723,2025-12-07,Completed
51367,10839,2025-11-21,Cancelled
51368,10175,2026-08-24,Completed
51369,10386,2025-01-15,Cancelled
51370,10418,2025-03-04,Completed
51371,10816,2026-05-29,Completed
51372,10281,2025-06-26,Completed
51373,10291,2025-07-23,Completed
51374,10422,2025-01-04,Completed
51375,10557,2025-05-01,Completed
51376,10561,2025-03-30,Completed
51377,10463,2025-04-30,Cancelled
51378,10192,2025-03-30,Completed
51379,10581,2025-01-21,Completed
51380,10779,2025-08-11,Completed
51381,10461,2025-09-10,Completed
51382,10658,2025-07-15,Completed
51383,10724,2025-11-14,Completed
51384,10684,2025-07-02,Completed
51385,10560,2026-02-28,Completed
51386,10198,2025-07-24,Completed
51387,10310,2026-03-27,Completed
51388,10490,2026-08-16,Completed
51389,10762,2026-06-20,Completed
51390,10615,2025-06-24,Completed
51391,10827,2026-01-30,Completed
51392,10561,2026-03-21,Completed
51393,10800,2025-10-23,Completed
51394,10677,2026-05-31,Completed
51395,10733,2025-10-03,Completed
51396,10762,2025-09-22,Completed
51397,10276,2025-04-29,Completed
51398,10615,2026-05-02,Completed
51399,10576,2026-01-17,Completed
51400,10642,2025-02-04,Completed
51401,10115,2026-01-03,Completed
51402,10009,2026-03-08,Completed
51403,10358,2025-04-13,Completed
51404,10379,2025-06-16,Completed
51405,10198,2025-01-23,Completed
51406,10602,2026-08-31,Completed
51407,10441,2026-02-13,Completed
51408,10258,2026-01-18,Completed
51409,10484,2026-02-15,Completed
51410,10967,2025-08-28,Completed
51411,10894,2026-06-04,Completed
51412,10435,2025-10-03,Pending
51413,10416,2025-01-30,Completed
51414,10172,2025-11-04,Cancelled
51415,10964,2026-06-21,Completed
51416,10972,2025-05-23,Completed
51417,10352,2025-02-25,Pending
51418,10326,2025-05-25,Completed
51419,10460,2025-06-19,Completed
51420,10642,2025-07-25,Cancelled
51421,10318,2025-03-24,Completed
51422,10847,2026-03-24,Completed
51423,10259,2026-07-23,Completed
51424,10391,2026-05-04,Completed
51425,10108,2026-07-18,Completed
51426,10675,2026-04-29,Completed
51427,10821,2025-09-06,Completed
51428,10102,2025-05-12,Completed
51429,10933,2026-02-14,Completed
51430,10890,2026-03-11,Completed
51431,10528,2025-12-22,Completed
51432,10728,2026-08-24,Completed
51433,10881,2025-07-02,Completed
51434,10389,2025-12-15,Completed
51435,10002,2026-09-06,Completed
51436,10910,2025-08-24,Completed
51437,10198,2025-08-05,Completed
51438,10101,2026-01-29,Completed
51439,10435,2025-10-19,Completed
51440,10654,2026-05-08,Completed
51441,10958,2026-03-08,Completed
51442,10415,2026-06-14,Completed
51443,10465,2025-03-26,Completed
51444,10714,2026-02-19,Completed
51445,10013,2025-11-23,Completed
51446,10503,2026-04-11,Completed
51447,10637,2026-02-16,Completed
51448,10059,2026-03-12,Completed
51449,10618,2026-09-11,Completed
51450,10902,2026-05-30,Completed
51451,10474,2025-12-10,Completed
51452,10970,2025-04-25,Completed
51453,10979,2026-06-29,Completed
51454,10861,2025-03-23,Completed
51455,10358,2026-08-28,Completed
51456,10507,2026-09-22,Completed
51457,10458,2025-02-19,Completed
51458,10043,2026-05-17,Completed
51459,10054,2026-09-06,Completed
51460,10270,2025-12-12,Completed
51461,10758,2025-01-25,Completed
51462,10186,2026-01-01,Completed
51463,10451,2025-11-01,Completed
51464,10587,2026-01-01,Completed
51465,10526,2026-02-10,Completed
51466,10094,2025-04-07,Completed
51467,10156,2026-05-21,Completed
51468,10291,2026-04-15,Completed
51469,10259,2026-06-21,Completed
51470,10044,2025-12-01,Completed
51471,10156,2025-04-14,Completed
51472,10977,2025-03-22,Completed
51473,10621,2025-11-06,Completed
51474,10024,2025-09-21,Completed
51475,10731,2025-03-23,Completed
51476,10440,2025-04-30,Completed
51477,10562,2025-11-07,Completed
51478,10533,2025-09-07,Completed
51479,10053,2026-08-11,Completed
51480,10750,2026-03-24,Completed
51481,10667,2025-07-10,Completed
51482,10652,2026-09-12,Completed
51483,10190,2025-10-19,Completed
51484,10421,2025-01-20,Completed
51485,10641,2025-10-09,Completed
51486,10588,2025-11-22,Completed
51487,10239,2025-11-29,Completed
51488,10597,2026-09-16,Completed
51489,10577,2026-09-02,Completed
51490,10408,2026-07-26,Completed
51491,10365,2025-12-21,Completed
51492,10164,2026-05-26,Completed
51493,10675,2026-02-04,Completed
51494,10034,2026-08-09,Pending
51495,10616,2026-07-29,Pending
51496,10093,2026-06-27,Completed
51497,10306,2025-11-19,Completed
51498,10467,2025-06-09,Completed
51499,10172,2025-12-27,Completed
51500,10426,2025-01-24,Completed
51501,10297,2026-05-18,Pending
51502,10392,2026-07-05,Completed
51503,10596,2025-05-07,Completed
51504,10233,2025-04-24,Completed
51505,10186,2025-06-12,Completed
51506,10984,2026-02-15,Completed
51507,10375,2025-08-11,Completed
51508,10588,2025-11-24,Completed
51509,10614,2025-11-22,Completed
51510,10527,2025-08-19,Completed
51511,10494,2026-04-21,Completed
51512,10922,2025-06-10,Cancelled
51513,10184,2025-10-23,Completed
51514,10821,2026-04-21,Completed
51515,10659,2025-04-11,Completed
51516,10636,2026-03-05,Completed
51517,10621,2026-09-26,Completed
51518,10597,2026-05-31,Pending
51519,10589,2026-02-23,Cancelled
51520,10342,2025-09-13,Completed
51521,10610,2025-04-04,Pending
51522,10025,2026-09-08,Cancelled
51523,10638,2026-07-20,Completed
51524,10205,2025-06-15,Completed
51525,10703,2025-09-03,Completed
51526,10936,2025-07-24,Completed
51527,10308,2025-02-01,Completed
51528,10461,2025-09-08,Completed
51529,10449,2025-09-05,Completed
51530,10972,2026-05-28,Completed
51531,10795,2025-12-06,Completed
51532,10904,2025-09-08,Completed
51533,10960,2025-01-08,Completed
51534,10658,2026-02-21,Completed
51535,10994,2026-01-30,Completed
51536,10427,2025-09-24,Cancelled
51537,10532,2026-09-14,Completed
51538,10528,2025-01-25,Completed
51539,10818,2025-03-03,Completed
51540,10415,2025-02-10,Completed
51541,10695,2026-06-08,Completed
51542,10447,2025-05-08,Completed
51543,10839,2026-08-17,Completed
51544,10122,2025-06-23,Completed
51545,10640,2025-05-26,Cancelled
51546,10788,2025-08-04,Completed
51547,10348,2025-03-17,Completed
51548,10687,2025-09-08,Completed
51549,10366,2026-04-01,Completed
51550,10454,2025-09-22,Completed
51551,10586,2025-05-24,Completed
51552,10302,2025-08-15,Cancelled
51553,10560,2025-10-26,Completed
51554,10694,2026-08-05,Completed
51555,10477,2026-03-27,Completed
51556,10167,2025-05-12,Completed
51557,10307,2026-01-29,Completed
51558,10242,2025-08-05,Completed
51559,10159,2025-01-13,Completed
51560,10701,2026-06-14,Completed
51561,10604,2025-06-24,Pending
51562,10629,2026-08-25,Completed
51563,10329,2026-01-19,Completed
51564,10925,2025-06-23,Completed
51565,10483,2026-05-11,Cancelled
51566,10018,2025-03-08,Completed
51567,10326,2025-08-18,Completed
51568,10597,2025-05-03,Completed
51569,10378,2026-04-16,Completed
51570,10624,2025-01-13,Completed
51571,10838,2026-06-21,Cancelled
51572,10729,2026-01-08,Completed
51573,10415,2025-04-12,Pending
51574,10503,2025-10-05,Completed
51575,10529,2026-07-05,Completed
51576,10967,2025-02-27,Completed
51577,10518,2025-09-08,Completed
51578,10725,2025-09-08,Completed
51579,10695,2025-07-01,Completed
51580,10597,2026-07-20,Completed
51581,10733,2025-03-07,Cancelled
51582,10145,2025-11-07,Completed
51583,10242,2026-08-23,Completed
51584,10481,2025-04-11,Completed
51585,10772,2025-11-23,Completed
51586,10081,2026-05-05,Completed
51587,10093,2025-07-22,Completed
51588,10577,2026-09-05,Completed
51589,10561,2026-08-19,Completed
51590,10898,2026-03-30,Completed
51591,10206,2026-09-22,Completed
51592,10989,2025-09-15,Completed
51593,10590,2026-05-20,Completed
51594,10348,2026-05-10,Completed
51595,10950,2025-11-03,Completed
51596,10526,2025-12-16,Completed
51597,10559,2025-11-13,Completed
51598,10121,2025-07-06,Completed
51599,10334,2026-06-06,Completed
51600,10172,2025-03-09,Completed
51601,10652,2025-04-07,Cancelled
51602,10448,2026-07-06,Completed
51603,10206,2025-04-22,Completed
51604,10226,2026-05-29,Completed
51605,10758,2026-04-29,Completed
51606,10316,2026-09-17,Completed
51607,10652,2025-11-28,Completed
51608,10758,2025-06-25,Completed
51609,10597,2025-06-10,Completed
51610,10509,2026-05-01,Completed
51611,10779,2025-10-03,Completed
51612,10276,2025-11-07,Completed
51613,10323,2025-12-29,Completed
51614,10330,2025-11-12,Completed
51615,10412,2026-03-04,Completed
51616,10938,2025-02-26,Pending
51617,10375,2025-05-24,Pending
51618,10758,2025-01-20,Completed
51619,10215,2025-09-20,Completed
51620,10390,2025-11-26,Completed
51621,10401,2026-07-26,Completed
51622,10213,2025-08-09,Completed
51623,10447,2025-10-08,Completed
51624,10257,2025-11-30,Completed
51625,10940,2026-08-31,Completed
51626,10968,2025-02-17,Completed
51627,10410,2026-05-14,Completed
51628,10986,2026-08-24,Completed
51629,10110,2025-12-17,Completed
51630,10389,2025-10-19,Completed
51631,10147,2025-03-17,Completed
51632,10763,2026-02-28,Completed
51633,10863,2026-08-27,Completed
51634,10213,2025-04-01,Completed
51635,10346,2026-07-14,Completed
51636,10276,2026-06-28,Completed
51637,10668,2025-05-24,Completed
51638,10072,2025-11-18,Pending
51639,10382,2026-04-02,Completed
51640,10228,2025-11-25,Completed
51641,10461,2025-12-08,Completed
51642,10969,2025-09-23,Completed
51643,10739,2025-01-24,Completed
51644,10627,2026-03-14,Completed
51645,10486,2025-02-19,Completed
51646,10064,2026-06-09,Completed
51647,10560,2025-02-02,Pending
51648,10863,2025-12-01,Completed
51649,10493,2026-08-12,Completed
51650,10072,2025-03-19,Completed
51651,10974,2025-04-26,Completed
51652,10790,2025-03-31,Completed
51653,10468,2025-07-15,Completed
51654,10758,2026-03-18,Completed
51655,10466,2025-06-05,Completed
51656,10081,2026-08-13,Completed
51657,10522,2026-03-19,Cancelled
51658,10416,2025-10-28,Completed
51659,10819,2025-01-20,Completed
51660,10338,2025-06-04,Completed
51661,10238,2025-12-01,Completed
51662,10636,2025-07-25,Completed
51663,10563,2025-12-30,Cancelled
51664,10693,2026-08-14,Completed
51665,10762,2025-07-31,Completed
51666,10110,2026-07-01,Completed
51667,10838,2025-05-11,Completed
51668,10953,2025-12-02,Completed
51669,10927,2025-08-02,Completed
51670,10172,2025-10-05,Completed
51671,10917,2025-12-30,Completed
51672,10871,2026-03-27,Completed
51673,10945,2025-01-27,Completed
51674,10734,2025-08-02,Completed
51675,10451,2026-02-13,Completed
51676,10761,2026-08-28,Completed
51677,10101,2025-06-29,Completed
51678,10569,2026-06-13,Completed
51679,10747,2025-05-04,Cancelled
51680,10729,2026-01-02,Completed
51681,10331,2025-07-15,Completed
51682,10100,2026-06-04,Completed
51683,10272,2025-04-25,Cancelled
51684,10019,2026-01-25,Completed
51685,10416,2025-04-13,Completed
51686,10943,2025-03-08,Completed
51687,10839,2025-11-04,Completed
51688,10678,2026-02-04,Completed
51689,10018,2025-10-09,Completed
51690,10890,2025-02-16,Completed
51691,10263,2026-08-02,Completed
51692,10512,2025-05-24,Completed
51693,10754,2025-03-04,Completed
51694,10222,2025-10-28,Completed
51695,10425,2025-06-11,Completed
51696,10181,2026-06-16,Pending
51697,10731,2025-07-05,Completed
51698,10923,2025-06-16,Completed
51699,10215,2026-02-18,Completed
51700,10904,2025-09-29,Completed
51701,10030,2025-01-27,Completed
51702,10883,2025-02-05,Completed
51703,10156,2026-02-22,Completed
51704,10395,2026-09-05,Completed
51705,10175,2025-04-13,Completed
51706,10890,2025-04-05,Completed
51707,10070,2026-05-03,Completed
51708,10426,2026-07-04,Completed
51709,10846,2025-01-01,Completed
51710,10469,2025-09-21,Completed
51711,10640,2026-01-10,Pending
51712,10649,2025-04-09,Completed
51713,10740,2026-08-08,Completed
51714,10234,2025-05-13,Completed
51715,10156,2025-03-26,Completed
51716,10695,2025-10-17,Cancelled
51717,10116,2025-08-20,Completed
51718,10711,2025-11-05,Completed
51719,10973,2026-08-28,Completed
51720,10567,2025-10-01,Completed
51721,10145,2026-03-09,Completed
51722,10156,2025-02-05,Completed
51723,10790,2025-02-19,Completed
51724,10976,2025-01-15,Completed
51725,10037,2025-09-01,Completed
51726,10338,2026-08-09,Completed
51727,10847,2025-07-12,Completed
51728,10807,2026-08-15,Completed
51729,10989,2026-04-10,Completed
51730,10539,2025-05-01,Completed
51731,10639,2026-06-11,Cancelled
51732,10358,2025-07-10,Completed
51733,10799,2026-05-15,Completed
51734,10458,2025-04-09,Completed
51735,10366,2026-06-16,Completed
51736,10772,2026-03-13,Completed
51737,10963,2025-05-10,Completed
51738,10974,2025-04-24,Completed
51739,10690,2025-05-10,Completed
51740,10324,2026-03-23,Completed
51741,10937,2026-06-01,Completed
51742,10810,2026-06-08,Completed
51743,10833,2025-08-16,Completed
51744,10211,2025-12-29,Completed
51745,10772,2026-07-31,Completed
51746,10520,2026-06-30,Completed
51747,10243,2026-06-28,Completed
51748,10169,2025-06-19,Completed
51749,10848,2025-08-20,Completed
51750,10743,2025-06-05,Completed
51751,10954,2026-03-11,Completed
51752,10293,2026-02-15,Completed
51753,10894,2026-03-08,Cancelled
51754,10468,2025-05-20,Completed
51755,10316,2025-03-18,Completed
51756,10551,2025-11-16,Completed
51757,10715,2026-09-01,Pending
51758,10064,2026-02-25,Completed
51759,10483,2025-06-14,Completed
51760,10799,2025-09-06,Completed
51761,10169,2026-03-06,Completed
51762,10205,2025-12-25,Completed
51763,10962,2025-10-10,Completed
51764,10416,2026-08-23,Cancelled
51765,10165,2026-03-31,Completed
51766,10291,2025-12-02,Completed
51767,10127,2025-11-15,Completed
51768,10761,2026-09-05,Completed
51769,10643,2025-11-02,Completed
51770,10533,2026-09-17,Completed
51771,10078,2025-12-16,Completed
51772,10947,2025-02-11,Completed
51773,10886,2025-04-26,Completed
51774,10435,2025-06-22,Completed
51775,10670,2026-05-14,Completed
51776,10238,2025-04-16,Completed
51777,10714,2026-09-06,Completed
51778,10253,2026-05-22,Completed
51779,10962,2026-03-08,Completed
51780,10116,2025-10-14,Completed
51781,10714,2025-09-15,Completed
51782,10348,2025-09-15,Pending
51783,10093,2025-04-14,Completed
51784,10486,2026-08-23,Completed
51785,10581,2025-09-30,Completed
51786,10772,2026-05-15,Completed
51787,10830,2026-01-20,Completed
51788,10861,2026-01-27,Completed
51789,10117,2025-04-11,Completed
51790,10128,2025-09-02,Completed
51791,10652,2026-09-11,Completed
51792,10413,2025-02-10,Completed
51793,10778,2026-04-17,Completed
51794,10517,2026-02-13,Completed
51795,10611,2026-03-19,Completed
51796,10029,2026-08-04,Completed
51797,10615,2025-12-03,Completed
51798,10918,2025-01-30,Completed
51799,10840,2025-09-17,Completed
51800,10659,2025-12-27,Pending
51801,10263,2026-04-02,Completed
51802,10341,2025-09-27,Completed
51803,10169,2026-07-26,Completed
51804,10541,2025-11-26,Completed
51805,10743,2025-06-26,Completed
51806,10845,2025-12-08,Completed
51807,10533,2025-08-22,Completed
51808,10323,2025-04-03,Completed
51809,10329,2026-05-25,Completed
51810,10747,2025-07-27,Completed
51811,10686,2025-12-26,Completed
51812,10445,2026-01-06,Completed
51813,10958,2025-11-27,Completed
51814,10200,2025-11-14,Cancelled
51815,10677,2026-07-28,Completed
51816,10556,2025-07-02,Completed
51817,10673,2025-07-23,Completed
51818,10690,2026-02-19,Completed
51819,10156,2025-12-15,Completed
51820,10414,2026-01-30,Completed
51821,10954,2025-10-28,Completed
51822,10967,2025-11-28,Pending
51823,10448,2025-02-11,Completed
51824,10167,2025-10-08,Completed
51825,10238,2025-08-13,Completed
51826,10240,2025-08-10,Completed
51827,10312,2025-01-22,Completed
51828,10484,2026-03-26,Completed
51829,10544,2026-08-05,Completed
51830,10198,2026-06-16,Completed
51831,10611,2026-02-01,Completed
51832,10685,2026-01-08,Completed
51833,10277,2026-01-15,Completed
51834,10924,2025-08-29,Completed
51835,10379,2025-05-18,Completed
51836,10818,2025-09-10,Completed
51837,10570,2025-04-09,Pending
51838,10773,2026-06-04,Completed
51839,10530,2025-04-18,Completed
51840,10593,2025-12-23,Completed
51841,10629,2026-07-22,Completed
51842,10238,2025-10-03,Completed
51843,10059,2026-09-26,Completed
51844,10580,2025-03-08,Pending
51845,10177,2026-07-28,Completed
51846,10634,2025-12-22,Completed
51847,10684,2025-03-07,Completed
51848,10070,2025-10-10,Completed
51849,10945,2025-01-29,Completed
51850,10492,2025-05-17,Pending
51851,10228,2026-04-08,Completed
51852,10674,2025-11-08,Completed
51853,10561,2026-06-05,Cancelled
51854,10156,2026-07-07,Pending
51855,10576,2025-01-07,Pending
51856,10058,2026-01-02,Completed
51857,10762,2025-03-14,Completed
51858,10524,2025-06-15,Completed
51859,10263,2026-09-08,Completed
51860,10988,2025-07-05,Completed
51861,10927,2025-05-03,Completed
51862,10102,2026-02-18,Completed
51863,10946,2026-02-01,Completed
51864,10399,2026-05-01,Completed
51865,10368,2025-04-09,Completed
51866,10184,2026-03-17,Completed
51867,10499,2025-07-08,Completed
51868,10213,2025-12-26,Pending
51869,10617,2025-12-14,Completed
51870,10102,2025-09-21,Completed
51871,10595,2026-07-25,Completed
51872,10390,2025-06-22,Completed
51873,10984,2025-01-13,Completed
51874,10404,2025-01-29,Completed
51875,10560,2026-01-19,Completed
51876,10954,2025-07-13,Completed
51877,10498,2026-07-03,Completed
51878,10369,2025-06-08,Completed
51879,10563,2026-03-28,Completed
51880,10874,2025-07-01,Completed
51881,10803,2026-04-01,Completed
51882,10043,2026-07-05,Cancelled
51883,10787,2025-05-04,Completed
51884,10327,2025-10-26,Completed
51885,10659,2026-08-28,Completed
51886,10894,2026-05-25,Completed
51887,10167,2026-09-20,Cancelled
51888,10936,2026-07-16,Completed
51889,10773,2025-04-30,Completed
51890,10070,2025-09-10,Completed
51891,10253,2026-05-18,Completed
51892,10419,2026-01-02,Completed
51893,10981,2026-05-07,Completed
51894,10905,2026-08-29,Completed
51895,10515,2025-11-25,Cancelled
51896,10559,2026-06-29,Completed
51897,10747,2025-07-25,Completed
51898,10149,2025-07-22,Completed
51899,10611,2026-02-18,Completed
51900,10093,2025-01-25,Completed
51901,10336,2026-05-11,Completed
51902,10323,2025-10-22,Completed
51903,10676,2026-06-25,Completed
51904,10198,2025-04-02,Completed
51905,10576,2026-08-08,Completed
51906,10626,2025-02-19,Completed
51907,10051,2025-11-07,Completed
51908,10374,2026-07-05,Completed
51909,10817,2026-03-21,Completed
51910,10518,2025-07-02,Completed
51911,10658,2025-02-15,Cancelled
51912,10106,2025-07-10,Cancelled
51913,10690,2025-03-16,Completed
51914,10495,2026-08-08,Completed
51915,10018,2026-01-26,Completed
51916,10668,2025-10-25,Completed
51917,10253,2025-12-05,Pending
51918,10987,2025-08-22,Completed
51919,10830,2025-02-15,Completed
51920,10588,2026-09-29,Completed
51921,10877,2026-03-09,Completed
51922,10688,2025-11-14,Completed
51923,10874,2025-10-07,Completed
51924,10012,2026-02-28,Completed
51925,10836,2025-07-14,Completed
51926,10488,2026-09-07,Completed
51927,10670,2025-02-12,Completed
51928,10453,2025-08-17,Completed
51929,10125,2025-06-12,Cancelled
51930,10489,2025-07-07,Completed
51931,10174,2025-09-20,Pending
51932,10693,2026-02-12,Completed
51933,10300,2026-08-07,Completed
51934,10751,2026-02-09,Completed
51935,10879,2025-03-30,Completed
51936,10498,2025-05-11,Completed
51937,10039,2026-05-06,Completed
51938,10242,2026-02-02,Completed
51939,10755,2025-03-11,Completed
51940,10600,2026-03-25,Completed
51941,10447,2025-02-12,Completed
51942,10502,2025-07-13,Completed
51943,10706,2025-02-14,Completed
51944,10946,2025-12-16,Completed
51945,10268,2025-06-29,Completed
51946,10213,2025-02-27,Completed
51947,10166,2025-10-26,Completed
51948,10239,2025-07-19,Completed
51949,10701,2025-01-26,Completed
51950,10075,2025-09-09,Completed
51951,10302,2025-06-14,Completed
51952,10963,2025-02-28,Completed
51953,10070,2026-06-15,Completed
51954,10604,2025-06-23,Completed
51955,10336,2025-02-09,Completed
51956,10115,2025-08-28,Completed
51957,10003,2025-03-01,Completed
51958,10758,2025-05-03,Completed
51959,10754,2025-02-06,Completed
51960,10081,2026-05-03,Cancelled
51961,10629,2025-10-17,Completed
51962,10405,2025-09-01,Completed
51963,10598,2025-12-20,Pending
51964,10621,2026-05-06,Cancelled
51965,10166,2026-07-04,Completed
51966,10238,2025-10-21,Completed
51967,10180,2026-02-02,Pending
51968,10877,2026-01-12,Completed
51969,10440,2025-11-04,Completed
51970,10461,2026-07-09,Completed
51971,10987,2025-05-09,Completed
51972,10375,2026-02-20,Completed
51973,10428,2026-04-09,Completed
51974,10407,2026-01-08,Completed
51975,10648,2025-05-17,Completed
51976,10218,2025-08-11,Completed
51977,10561,2026-09-26,Completed
51978,10463,2026-02-23,Completed
51979,10324,2026-02-07,Completed
51980,10117,2026-04-09,Completed
51981,10823,2026-02-27,Completed
51982,10231,2026-07-19,Cancelled
51983,10642,2026-06-14,Completed
51984,10941,2025-01-25,Completed
51985,10404,2025-06-26,Completed
51986,10736,2026-07-31,Completed
51987,10626,2026-08-12,Completed
51988,10210,2026-02-26,Completed
51989,10261,2025-05-14,Completed
51990,10487,2026-09-18,Cancelled
51991,10598,2025-02-06,Completed
51992,10776,2025-03-29,Completed
51993,10917,2025-02-24,Completed
51994,10100,2026-01-01,Completed
51995,10163,2025-08-07,Completed
51996,10070,2025-11-20,Completed
51997,10819,2026-05-02,Completed
51998,10181,2025-11-07,Completed
51999,10559,2025-06-05,Completed
52000,10130,2026-09-26,Completed
52001,10559,2026-04-26,Completed
52002,10297,2025-09-13,Pending
52003,10646,2025-05-31,Cancelled
52004,10104,2025-02-10,Completed
52005,10399,2026-01-24,Completed
52006,10758,2026-08-24,Completed
52007,10808,2026-03-28,Completed
52008,10191,2025-01-21,Pending
52009,10944,2026-08-04,Completed
52010,10363,2025-03-29,Cancelled
52011,10073,2025-05-19,Completed
52012,10656,2025-06-03,Completed
52013,10933,2025-07-21,Pending
52014,10335,2025-03-27,Completed
52015,10981,2026-05-22,Completed
52016,10885,2026-03-04,Pending
52017,10386,2025-09-16,Completed
52018,10296,2026-06-17,Cancelled
52019,10027,2025-11-23,Cancelled
52020,10058,2025-09-02,Completed
52021,10277,2026-03-20,Completed
52022,10289,2026-04-15,Completed
52023,10352,2025-02-02,Completed
52024,10976,2025-01-11,Completed
52025,10022,2026-01-25,Completed
52026,10471,2026-02-02,Completed
52027,10652,2026-01-20,Completed
52028,10794,2026-03-11,Completed
52029,10366,2025-12-21,Completed
52030,10546,2026-05-16,Completed
52031,10093,2026-04-06,Cancelled
52032,10094,2025-11-23,Completed
52033,10889,2025-01-24,Completed
52034,10798,2025-04-20,Completed
52035,10184,2025-03-08,Completed
52036,10793,2025-03-31,Completed
52037,10011,2025-01-14,Completed
52038,10365,2026-09-25,Completed
52039,10572,2026-04-17,Completed
52040,10349,2025-04-19,Completed
52041,10061,2025-05-23,Completed
52042,10736,2025-03-25,Completed
52043,10696,2025-04-04,Completed
52044,10782,2025-08-27,Completed
52045,10695,2026-02-01,Completed
52046,10524,2026-05-03,Completed
52047,10687,2026-05-23,Completed
52048,10198,2025-10-22,Completed
52049,10583,2025-03-04,Completed
52050,10503,2025-03-23,Completed
52051,10209,2025-05-28,Completed
52052,10564,2025-07-13,Completed
52053,10681,2025-03-19,Completed
52054,10840,2025-08-22,Completed
52055,10618,2026-08-30,Completed
52056,10424,2025-10-20,Completed
52057,10268,2025-12-20,Completed
52058,10525,2025-09-15,Completed
52059,10169,2025-03-05,Completed
52060,10368,2025-03-03,Completed
52061,10808,2025-03-23,Completed
52062,10893,2026-04-02,Completed
52063,10736,2025-04-01,Completed
52064,10761,2026-01-06,Completed
52065,10595,2025-03-09,Completed
52066,10709,2025-11-23,Completed
52067,10731,2026-05-07,Completed
52068,10317,2026-05-16,Completed
52069,10999,2025-07-14,Completed
52070,10177,2025-12-28,Completed
52071,10874,2025-11-29,Cancelled
52072,10838,2026-02-17,Completed
52073,10893,2026-04-09,Completed
52074,10724,2026-01-30,Completed
52075,10028,2025-05-23,Completed
52076,10399,2025-06-02,Completed
52077,10018,2025-06-26,Completed
52078,10944,2025-08-11,Completed
52079,10410,2025-06-03,Completed
52080,10209,2026-05-25,Completed
52081,10321,2026-07-17,Completed
52082,10200,2026-09-14,Completed
52083,10440,2025-06-13,Completed
52084,10648,2025-12-28,Pending
52085,10072,2025-11-28,Completed
52086,10597,2025-05-25,Completed
52087,10941,2025-08-10,Completed
52088,10016,2025-11-12,Completed
52089,10360,2025-11-15,Completed
52090,10438,2025-05-05,Completed
52091,10524,2025-12-16,Completed
52092,10799,2025-05-12,Completed
52093,10967,2025-03-06,Completed
52094,10389,2025-09-10,Completed
52095,10344,2025-08-28,Cancelled
52096,10895,2026-05-03,Completed
52097,10550,2026-08-15,Completed
52098,10675,2025-05-11,Pending
52099,10772,2026-08-10,Pending
52100,10242,2026-08-31,Completed
52101,10802,2025-09-13,Completed
52102,10469,2025-01-20,Completed
52103,10875,2026-01-29,Completed
52104,10610,2025-03-25,Completed
52105,10462,2025-09-30,Completed
52106,10409,2025-07-17,Completed
52107,10292,2025-05-27,Completed
52108,10766,2026-05-01,Completed
52109,10617,2025-12-02,Completed
52110,10608,2026-07-30,Completed
52111,10289,2025-11-24,Completed
52112,10329,2026-07-04,Completed
52113,10800,2025-07-12,Pending
52114,10588,2025-05-04,Completed
52115,10064,2025-07-19,Completed
52116,10502,2025-09-12,Completed
52117,10433,2025-01-12,Completed
52118,10215,2025-10-31,Completed
52119,10635,2026-03-08,Completed
52120,10465,2025-06-01,Completed
52121,10400,2025-06-10,Completed
52122,10748,2025-04-21,Cancelled
52123,10458,2025-07-22,Completed
52124,10455,2025-06-16,Completed
52125,10339,2025-01-18,Completed
52126,10859,2026-07-20,Completed
52127,10156,2026-01-20,Completed
52128,10613,2025-11-28,Completed
52129,10344,2025-02-05,Completed
52130,10340,2026-08-06,Completed
52131,10506,2025-05-16,Completed
52132,10926,2025-05-24,Completed
52133,10517,2025-08-29,Completed
52134,10381,2026-01-01,Completed
52135,10425,2025-03-13,Completed
52136,10537,2026-06-22,Completed
52137,10779,2025-06-08,Completed
52138,10100,2025-08-01,Completed
52139,10125,2025-09-25,Completed
52140,10062,2026-07-26,Completed
52141,10628,2025-08-19,Completed
52142,10048,2025-08-27,Cancelled
52143,10953,2025-05-21,Completed
52144,10340,2026-02-10,Completed
52145,10757,2026-05-20,Completed
52146,10693,2026-03-01,Completed
52147,10043,2026-08-27,Completed
52148,10242,2026-05-19,Completed
52149,10679,2026-08-19,Cancelled
52150,10504,2025-06-18,Completed
52151,10166,2025-01-08,Cancelled
52152,10736,2025-10-16,Completed
52153,10391,2026-02-02,Completed
52154,10214,2026-09-15,Completed
52155,10207,2025-09-24,Completed
52156,10634,2026-04-08,Completed
52157,10592,2026-06-09,Completed
52158,10215,2025-04-26,Completed
52159,10797,2025-07-30,Completed
52160,10561,2025-11-02,Completed
52161,10654,2026-08-31,Completed
52162,10382,2025-02-25,Completed
52163,10242,2025-09-16,Completed
52164,10027,2025-01-13,Completed
52165,10188,2025-12-08,Completed
52166,10944,2026-02-02,Completed
52167,10460,2026-02-05,Completed
52168,10172,2026-05-19,Completed
52169,10587,2025-09-12,Completed
52170,10117,2025-01-01,Completed
52171,10607,2025-01-12,Cancelled
52172,10928,2025-11-07,Completed
52173,10710,2025-06-13,Completed
52174,10388,2025-07-15,Pending
52175,10731,2026-01-17,Completed
52176,10427,2025-01-23,Completed
52177,10037,2025-05-03,Completed
52178,10276,2025-07-29,Completed
52179,10621,2025-02-01,Cancelled
52180,10932,2025-06-28,Completed
52181,10095,2025-08-29,Completed
52182,10881,2026-07-25,Completed
52183,10025,2026-07-31,Completed
52184,10714,2025-06-06,Completed
52185,10414,2026-01-22,Completed
52186,10498,2026-04-22,Completed
52187,10972,2026-08-14,Cancelled
52188,10640,2025-10-15,Completed
52189,10696,2025-07-27,Completed
52190,10027,2025-10-06,Pending
52191,10198,2026-04-04,Completed
52192,10994,2025-02-15,Completed
52193,10829,2026-03-22,Completed
52194,10681,2025-08-26,Completed
52195,10731,2025-10-21,Completed
52196,10588,2026-04-13,Completed
52197,10536,2026-01-18,Completed
52198,10389,2026-07-19,Completed
52199,10335,2025-12-22,Completed
52200,10571,2026-01-17,Completed
52201,10369,2025-10-27,Completed
52202,10652,2026-05-22,Completed
52203,10421,2026-03-19,Completed
52204,10270,2025-05-21,Completed
52205,10381,2026-04-23,Completed
52206,10533,2025-06-18,Cancelled
52207,10368,2025-05-29,Completed
52208,10533,2025-06-13,Completed
52209,10562,2025-07-30,Completed
52210,10414,2026-03-06,Cancelled
52211,10989,2026-07-12,Completed
52212,10115,2025-01-05,Completed
52213,10544,2025-06-18,Completed
52214,10661,2025-12-09,Completed
52215,10343,2026-01-18,Completed
52216,10414,2026-02-07,Completed
52217,10374,2026-02-22,Completed
52218,10987,2025-08-20,Completed
52219,10456,2025-07-12,Completed
52220,10888,2026-06-01,Completed
52221,10495,2025-03-15,Completed
52222,10323,2026-02-20,Completed
52223,10221,2025-04-09,Pending
52224,10202,2025-01-17,Completed
52225,10132,2025-07-10,Completed
52226,10658,2025-03-10,Completed
52227,10950,2026-03-09,Cancelled
52228,10643,2025-01-11,Completed
52229,10317,2026-02-02,Completed
52230,10322,2026-09-27,Completed
52231,10482,2026-09-22,Completed
52232,10657,2025-02-02,Completed
52233,10374,2025-09-19,Completed
52234,10852,2026-01-28,Completed
52235,10759,2026-03-09,Completed
52236,10608,2025-12-26,Cancelled
52237,10662,2025-01-28,Completed
52238,10961,2025-03-30,Completed
52239,10535,2025-03-26,Completed
52240,10821,2025-04-07,Completed
52241,10740,2025-09-05,Completed
52242,10469,2025-11-27,Completed
52243,10765,2026-04-08,Completed
52244,10423,2025-01-11,Completed
52245,10585,2025-01-29,Cancelled
52246,10449,2026-05-30,Completed
52247,10291,2026-08-02,Completed
52248,10923,2025-02-19,Completed
52249,10128,2026-06-14,Completed
52250,10895,2025-10-28,Completed
52251,10043,2026-09-08,Completed
52252,10119,2025-06-08,Pending
52253,10085,2026-05-09,Completed
52254,10006,2025-06-30,Completed
52255,10049,2025-07-07,Completed
52256,10854,2026-08-21,Completed
52257,10242,2026-04-01,Completed
52258,10945,2025-04-29,Completed
52259,10153,2026-09-12,Completed
52260,10446,2026-01-11,Completed
52261,10438,2026-06-22,Cancelled
52262,10388,2026-07-11,Completed
52263,10474,2025-10-13,Completed
52264,10680,2025-03-10,Completed
52265,10276,2026-01-02,Completed
52266,10503,2025-09-07,Cancelled
52267,10867,2025-05-04,Completed
52268,10096,2025-07-11,Completed
52269,10450,2026-07-14,Completed
52270,10276,2025-03-10,Pending
52271,10640,2026-08-20,Completed
52272,10555,2025-08-26,Completed
52273,10317,2026-02-05,Completed
52274,10064,2025-01-13,Completed
52275,10648,2026-08-23,Completed
52276,10320,2025-05-21,Completed
52277,10258,2026-05-07,Completed
52278,10199,2026-05-02,Completed
52279,10227,2025-06-26,Completed
52280,10617,2026-07-09,Completed
52281,10078,2025-05-11,Completed
52282,10156,2025-03-11,Completed
52283,10989,2025-03-16,Completed
52284,10262,2026-02-28,Completed
52285,10382,2025-08-19,Completed
52286,10421,2026-03-19,Completed
52287,10335,2026-02-09,Completed
52288,10652,2026-01-18,Completed
52289,10595,2025-08-19,Completed
52290,10140,2026-09-22,Cancelled
52291,10505,2026-02-21,Completed
52292,10744,2025-06-11,Completed
52293,10516,2026-05-25,Completed
52294,10440,2025-02-01,Completed
52295,10559,2025-05-30,Completed
52296,10043,2025-10-12,Completed
52297,10464,2025-12-16,Completed
52298,10530,2025-12-01,Cancelled
52299,10844,2026-04-27,Completed
52300,10404,2026-08-27,Completed
52301,10922,2026-09-12,Completed
52302,10775,2025-05-21,Completed
52303,10100,2026-05-17,Pending
52304,10527,2026-09-24,Completed
52305,10269,2025-10-02,Cancelled
52306,10866,2026-09-01,Completed
52307,10329,2025-11-28,Cancelled
52308,10560,2025-12-23,Pending
52309,10203,2025-12-10,Completed
52310,10424,2025-09-28,Completed
52311,10650,2025-07-12,Completed
52312,10884,2025-05-23,Completed
52313,10666,2025-07-14,Completed
52314,10382,2026-07-10,Completed
52315,10215,2026-04-19,Completed
52316,10180,2025-10-26,Completed
52317,10218,2025-12-12,Completed
52318,10630,2026-05-24,Completed
52319,10410,2025-10-05,Cancelled
52320,10460,2025-12-16,Completed
52321,10595,2025-09-16,Completed
52322,10393,2026-07-18,Pending
52323,10003,2025-07-13,Completed
52324,10272,2026-05-22,Completed
52325,10989,2026-08-21,Completed
52326,10506,2026-03-07,Completed
52327,10056,2026-03-14,Completed
52328,10490,2025-04-21,Completed
52329,10405,2025-05-03,Completed
52330,10133,2025-02-25,Completed
52331,10078,2025-04-21,Completed
52332,10283,2025-04-09,Cancelled
52333,10666,2025-07-29,Completed
52334,10642,2025-03-03,Completed
52335,10359,2025-10-11,Completed
52336,10253,2025-08-14,Completed
52337,10561,2025-10-01,Cancelled
52338,10375,2025-08-31,Completed
52339,10549,2025-11-21,Completed
52340,10178,2026-01-28,Completed
52341,10601,2025-06-14,Completed
52342,10728,2025-10-04,Completed
52343,10136,2025-09-10,Completed
52344,10235,2026-04-16,Completed
52345,10887,2025-08-14,Completed
52346,10003,2025-11-12,Completed
52347,10851,2026-01-31,Completed
52348,10245,2025-03-25,Completed
52349,10449,2025-06-03,Completed
52350,10404,2026-09-22,Completed
52351,10026,2025-10-06,Completed
52352,10653,2026-03-24,Completed
52353,10518,2025-11-26,Completed
52354,10503,2026-02-02,Completed
52355,10595,2026-01-17,Completed
52356,10085,2026-01-22,Completed
52357,10419,2025-08-12,Completed
52358,10419,2025-09-12,Completed
52359,10892,2026-01-24,Completed
52360,10469,2025-01-25,Completed
52361,10560,2025-03-08,Completed
52362,10791,2026-02-03,Completed
52363,10381,2025-01-21,Completed
52364,10705,2026-03-11,Completed
52365,10272,2025-08-23,Completed
52366,10907,2025-09-24,Completed
52367,10174,2026-08-23,Completed
52368,10588,2025-07-20,Completed
52369,10976,2026-01-09,Completed
52370,10242,2025-06-12,Completed
52371,10672,2025-02-21,Completed
52372,10520,2025-09-19,Completed
52373,10309,2026-03-23,Completed
52374,10911,2025-08-23,Completed
52375,10172,2025-03-10,Completed
52376,10101,2025-02-23,Completed
52377,10773,2025-06-30,Completed
52378,10472,2026-03-10,Cancelled
52379,10249,2025-07-20,Completed
52380,10085,2025-04-14,Completed
52381,10773,2026-07-01,Completed
52382,10462,2026-01-13,Completed
52383,10166,2025-07-11,Completed
52384,10009,2025-06-25,Completed
52385,10507,2025-01-22,Completed
52386,10889,2026-02-08,Completed
52387,10053,2025-06-09,Completed
52388,10255,2026-09-16,Completed
52389,10563,2025-10-13,Completed
52390,10458,2025-04-23,Completed
52391,10171,2026-09-13,Completed
52392,10072,2026-01-22,Completed
52393,10300,2026-06-26,Completed
52394,10656,2026-02-09,Completed
52395,10708,2026-06-22,Completed
52396,10630,2026-06-17,Completed
52397,10595,2026-02-19,Completed
52398,10518,2026-02-22,Completed
52399,10847,2025-05-10,Completed
52400,10218,2026-09-07,Pending
52401,10834,2025-04-29,Completed
52402,10424,2026-01-20,Completed
52403,10027,2026-05-14,Completed
52404,10018,2026-03-22,Completed
52405,10742,2026-04-06,Completed
52406,10780,2025-05-24,Completed
52407,10319,2025-09-08,Completed
52408,10894,2026-03-26,Completed
52409,10415,2026-04-22,Completed
52410,10215,2025-05-14,Completed
52411,10057,2025-05-30,Cancelled
52412,10920,2025-10-30,Completed
52413,10372,2026-01-31,Cancelled
52414,10862,2025-03-21,Completed
52415,10376,2026-06-09,Completed
52416,10044,2026-05-06,Completed
52417,10350,2025-11-14,Cancelled
52418,10172,2025-04-14,Completed
52419,10690,2025-10-04,Completed
52420,10505,2026-06-18,Completed
52421,10453,2025-12-09,Completed
52422,10461,2026-09-29,Completed
52423,10388,2026-06-14,Completed
52424,10879,2026-05-15,Completed
52425,10507,2026-07-16,Completed
52426,10560,2025-03-10,Pending
52427,10166,2026-01-22,Completed
52428,10692,2025-10-01,Completed
52429,10754,2025-07-21,Completed
52430,10404,2026-02-08,Completed
52431,10049,2025-01-13,Pending
52432,10206,2026-08-06,Completed
52433,10790,2025-06-05,Completed
52434,10561,2025-08-04,Completed
52435,10070,2025-02-08,Completed
52436,10484,2025-03-09,Completed
52437,10910,2025-06-19,Cancelled
52438,10493,2025-03-23,Completed
52439,10801,2025-12-17,Completed
52440,10976,2026-04-26,Pending
52441,10274,2026-07-26,Completed
52442,10894,2025-12-05,Completed
52443,10344,2025-06-09,Completed
52444,10829,2026-08-27,Completed
52445,10294,2026-09-01,Completed
52446,10261,2025-01-23,Completed
52447,10288,2026-06-06,Completed
52448,10972,2026-02-19,Completed
52449,10583,2025-09-21,Completed
52450,10158,2025-08-17,Completed
52451,10233,2025-09-12,Completed
52452,10166,2025-04-11,Completed
52453,10502,2026-02-27,Completed
52454,10430,2025-12-06,Completed
52455,10256,2026-05-08,Cancelled
52456,10646,2025-11-18,Cancelled
52457,10062,2026-02-20,Completed
52458,10166,2026-04-30,Pending
52459,10355,2026-01-15,Completed
52460,10249,2026-05-19,Cancelled
52461,10414,2025-08-08,Completed
52462,10840,2025-10-21,Completed
52463,10797,2025-12-11,Completed
52464,10344,2026-01-21,Completed
52465,10109,2025-03-26,Completed
52466,10009,2026-07-08,Completed
52467,10890,2025-06-05,Pending
52468,10002,2025-07-01,Completed
52469,10306,2026-01-11,Completed
52470,10915,2026-01-01,Completed
52471,10096,2025-06-19,Cancelled
52472,10348,2025-02-09,Pending
52473,10093,2025-02-10,Completed
52474,10811,2025-07-16,Completed
52475,10890,2026-05-18,Completed
52476,10585,2026-09-23,Completed
52477,10079,2026-09-20,Completed
52478,10070,2026-09-13,Completed
52479,10167,2026-06-12,Completed
52480,10595,2025-10-18,Completed
52481,10842,2025-06-16,Completed
52482,10800,2026-01-03,Pending
52483,10323,2026-02-15,Completed
52484,10929,2025-11-13,Completed
52485,10224,2026-04-18,Completed
52486,10167,2025-03-23,Completed
52487,10866,2025-06-01,Completed
52488,10453,2025-06-02,Completed
52489,10297,2025-12-07,Completed
52490,10571,2026-05-09,Completed
52491,10132,2026-07-20,Completed
52492,10319,2025-08-03,Cancelled
52493,10640,2026-01-08,Completed
52494,10202,2025-03-09,Completed
52495,10834,2025-09-16,Completed
52496,10801,2026-04-20,Completed
52497,10414,2025-11-28,Completed
52498,10806,2026-03-09,Completed
52499,10957,2026-08-04,Completed
52500,10195,2025-06-18,Pending
52501,10426,2026-05-14,Completed
52502,10356,2025-02-13,Cancelled
52503,10253,2026-09-11,Completed
52504,10293,2025-07-27,Completed
52505,10428,2025-01-10,Completed
52506,10690,2026-09-22,Completed
52507,10003,2026-05-10,Completed
52508,10966,2025-07-26,Completed
52509,10351,2026-06-02,Completed
52510,10410,2026-06-26,Pending
52511,10598,2026-09-19,Completed
52512,10759,2025-02-10,Completed
52513,10696,2026-07-15,Completed
52514,10996,2026-04-13,Completed
52515,10352,2026-02-22,Completed
52516,10963,2025-03-06,Completed
52517,10872,2026-04-20,Cancelled
52518,10597,2025-08-25,Cancelled
52519,10827,2025-08-17,Completed
52520,10317,2025-02-09,Completed
52521,10649,2026-08-17,Completed
52522,10280,2026-06-28,Completed
52523,10236,2026-04-06,Completed
52524,10002,2025-02-18,Pending
52525,10794,2025-10-08,Completed
52526,10893,2026-03-03,Completed
52527,10859,2025-11-10,Completed
52528,10646,2026-05-24,Pending
52529,10226,2026-07-20,Completed
52530,10125,2025-08-29,Cancelled
52531,10408,2025-12-03,Completed
52532,10639,2025-01-15,Completed
52533,10091,2025-09-09,Cancelled
52534,10023,2025-05-13,Cancelled
52535,10714,2025-06-23,Completed
52536,10652,2026-03-02,Completed
52537,10436,2025-06-17,Completed
52538,10757,2025-10-23,Completed
52539,10533,2026-07-16,Completed
52540,10085,2025-06-09,Completed
52541,10843,2025-01-04,Pending
52542,10070,2025-10-04,Pending
52543,10124,2026-04-08,Completed
52544,10499,2026-07-02,Completed
52545,10132,2026-09-22,Completed
52546,10093,2025-04-05,Completed
52547,10407,2025-07-13,Completed
52548,10266,2025-01-19,Cancelled
52549,10608,2025-03-30,Pending
52550,10171,2025-12-17,Completed
52551,10805,2026-07-02,Completed
52552,10989,2025-12-26,Completed
52553,10843,2026-03-19,Completed
52554,10507,2026-02-17,Completed
52555,10200,2026-05-11,Completed
52556,10739,2025-03-10,Pending
52557,10736,2026-05-22,Completed
52558,10460,2025-11-26,Completed
52559,10212,2025-02-12,Completed
52560,10198,2026-08-08,Completed
52561,10987,2026-01-17,Completed
52562,10426,2025-01-08,Pending
52563,10853,2025-03-29,Completed
52564,10102,2026-06-18,Completed
52565,10125,2025-05-20,Completed
52566,10549,2026-07-19,Completed
52567,10365,2025-02-03,Completed
52568,10622,2025-09-09,Completed
52569,10812,2025-10-28,Completed
52570,10117,2025-11-04,Completed
52571,10999,2025-09-22,Completed
52572,10999,2025-10-15,Completed
52573,10424,2025-03-18,Pending
52574,10385,2026-05-26,Completed
52575,10316,2025-01-24,Completed
52576,10297,2025-07-09,Completed
52577,10859,2026-06-22,Completed
52578,10842,2026-01-07,Completed
52579,10974,2025-12-08,Completed
52580,10136,2026-08-14,Completed
52581,10791,2025-08-26,Completed
52582,10327,2026-07-18,Completed
52583,10908,2025-03-23,Completed
52584,10542,2026-08-15,Completed
52585,10539,2026-07-20,Completed
52586,10108,2026-02-18,Completed
52587,10045,2026-03-07,Completed
52588,10353,2025-02-23,Completed
52589,10102,2026-08-26,Completed
52590,10887,2025-02-13,Completed
52591,10382,2026-07-09,Completed
52592,10169,2026-07-29,Cancelled
52593,10263,2025-12-09,Completed
52594,10632,2026-08-06,Completed
52595,10115,2025-01-18,Completed
52596,10710,2025-05-10,Completed
52597,10956,2026-06-06,Completed
52598,10421,2026-06-20,Completed
52599,10567,2025-07-12,Completed
52600,10251,2026-03-17,Completed
52601,10649,2025-07-17,Completed
52602,10307,2025-05-20,Completed
52603,10580,2026-08-16,Completed
52604,10263,2025-05-08,Completed
52605,10272,2026-09-12,Completed
52606,10976,2026-02-20,Completed
52607,10738,2025-05-12,Completed
52608,10803,2026-08-18,Completed
52609,10652,2025-05-16,Completed
52610,10244,2025-09-13,Completed
52611,10714,2026-02-09,Completed
52612,10233,2025-04-26,Completed
52613,10636,2025-04-24,Completed
52614,10017,2025-04-20,Completed
52615,10451,2025-05-31,Completed
52616,10775,2026-01-13,Completed
52617,10423,2026-06-16,Completed
52618,10449,2025-07-26,Completed
52619,10156,2026-02-03,Completed
52620,10860,2025-09-06,Completed
52621,10946,2026-03-24,Completed
52622,10003,2026-04-20,Completed
52623,10772,2025-03-03,Completed
52624,10519,2025-07-28,Completed
52625,10877,2025-05-25,Completed
52626,10184,2025-01-15,Completed
52627,10755,2025-03-08,Completed
52628,10369,2025-08-18,Completed
52629,10666,2025-10-10,Completed
52630,10962,2025-10-04,Completed
52631,10235,2025-05-17,Completed
52632,10245,2026-05-13,Completed
52633,10985,2026-07-19,Completed
52634,10933,2025-04-23,Completed
52635,10389,2025-09-18,Completed
52636,10287,2026-06-13,Completed
52637,10737,2025-01-21,Completed
52638,10956,2025-04-20,Completed
52639,10297,2025-09-08,Completed
52640,10649,2026-07-24,Completed
52641,10563,2026-06-27,Cancelled
52642,10611,2026-06-26,Completed
52643,10958,2025-12-02,Completed
52644,10759,2026-03-06,Completed
52645,10002,2025-07-18,Completed
52646,10714,2026-03-12,Completed
52647,10797,2026-08-24,Completed
52648,10416,2026-09-09,Completed
52649,10378,2026-01-25,Completed
52650,10207,2025-09-08,Completed
52651,10847,2026-01-01,Completed
52652,10253,2025-12-08,Completed
52653,10438,2026-07-30,Completed
52654,10085,2026-08-02,Cancelled
52655,10244,2025-02-14,Completed
52656,10424,2025-03-16,Completed
52657,10989,2026-07-16,Completed
52658,10149,2025-08-08,Completed
52659,10104,2025-09-20,Completed
52660,10576,2025-05-04,Pending
52661,10628,2026-04-06,Cancelled
52662,10101,2025-08-31,Completed
52663,10101,2025-09-14,Completed
52664,10531,2025-09-04,Completed
52665,10667,2026-07-09,Completed
52666,10747,2025-01-07,Cancelled
52667,10490,2025-08-10,Completed
52668,10881,2025-04-13,Completed
52669,10572,2026-08-13,Completed
52670,10436,2025-12-24,Cancelled
52671,10743,2026-07-24,Completed
52672,10029,2025-04-10,Pending
52673,10562,2025-10-09,Completed
52674,10812,2025-08-28,Completed
52675,10714,2025-07-20,Completed
52676,10209,2025-10-30,Completed
52677,10643,2025-08-20,Completed
52678,10033,2025-07-29,Completed
52679,10747,2025-11-03,Completed
52680,10440,2025-03-06,Completed
52681,10169,2026-01-23,Completed
52682,10392,2026-06-30,Completed
52683,10837,2026-03-07,Completed
52684,10757,2025-08-05,Completed
52685,10426,2026-03-22,Completed
52686,10801,2025-09-30,Completed
52687,10691,2026-06-28,Cancelled
52688,10932,2026-08-23,Pending
52689,10881,2025-06-11,Completed
52690,10586,2026-08-04,Completed
52691,10453,2025-06-26,Completed
52692,10788,2025-10-13,Completed
52693,10595,2025-01-21,Completed
52694,10310,2026-07-03,Completed
52695,10100,2026-08-19,Completed
52696,10671,2025-02-25,Completed
52697,10677,2025-04-26,Completed
52698,10413,2026-08-18,Completed
52699,10807,2025-02-24,Completed
52700,10533,2025-08-26,Completed
52701,10253,2025-02-21,Completed
52702,10595,2025-03-17,Completed
52703,10546,2025-12-14,Completed
52704,10101,2025-09-25,Completed
52705,10149,2025-07-02,Completed
52706,10491,2025-07-30,Completed
52707,10779,2025-04-02,Completed
52708,10610,2025-03-15,Completed
52709,10618,2025-03-24,Completed
52710,10337,2025-06-18,Completed
52711,10989,2025-12-12,Completed
52712,10757,2025-01-28,Completed
52713,10670,2025-02-01,Completed
52714,10172,2026-08-23,Completed
52715,10666,2026-05-08,Pending
52716,10106,2026-07-06,Completed
52717,10063,2026-09-12,Completed
52718,10160,2025-12-28,Completed
52719,10652,2026-06-01,Completed
52720,10743,2025-09-25,Completed
52721,10538,2025-06-01,Completed
52722,10566,2026-05-04,Completed
52723,10516,2025-03-20,Completed
52724,10814,2025-10-23,Completed
52725,10778,2025-11-18,Completed
52726,10043,2026-03-22,Completed
52727,10049,2025-02-20,Completed
52728,10276,2025-09-09,Completed
52729,10621,2025-04-01,Completed
52730,10508,2026-06-27,Completed
52731,10395,2025-05-06,Completed
52732,10160,2025-10-03,Completed
52733,10989,2026-01-14,Completed
52734,10386,2025-06-24,Completed
52735,10392,2025-02-12,Completed
52736,10043,2026-04-27,Completed
52737,10219,2026-02-25,Completed
52738,10600,2026-04-17,Completed
52739,10776,2025-01-18,Completed
52740,10767,2026-06-23,Completed
52741,10068,2025-10-02,Completed
52742,10926,2026-02-06,Completed
52743,10522,2026-07-24,Cancelled
52744,10724,2025-09-25,Completed
52745,10275,2025-07-01,Completed
52746,10474,2025-09-12,Completed
52747,10395,2025-07-12,Completed
52748,10068,2025-10-02,Completed
52749,10653,2025-05-25,Completed
52750,10606,2025-10-30,Completed
52751,10516,2025-11-11,Completed
52752,10169,2025-09-06,Completed
52753,10747,2025-05-14,Completed
52754,10706,2026-06-26,Completed
52755,10115,2025-09-15,Completed
52756,10863,2026-02-04,Completed
52757,10980,2026-02-04,Completed
52758,10944,2026-01-18,Completed
52759,10854,2025-02-13,Completed
52760,10778,2026-01-13,Completed
52761,10659,2025-10-28,Completed
52762,10854,2025-01-24,Completed
52763,10470,2025-11-12,Completed
52764,10295,2025-10-25,Completed
52765,10958,2026-06-28,Completed
52766,10915,2025-08-20,Completed
52767,10388,2026-07-24,Completed
52768,10513,2025-10-10,Completed
52769,10972,2026-04-22,Completed
52770,10674,2025-12-15,Completed
52771,10666,2025-02-28,Pending
52772,10306,2025-07-29,Cancelled
52773,10220,2025-12-30,Completed
52774,10520,2026-08-25,Completed
52775,10687,2026-02-09,Completed
52776,10799,2025-04-15,Completed
52777,10690,2026-04-11,Completed
52778,10701,2025-05-07,Completed
52779,10595,2025-07-23,Completed
52780,10101,2025-07-22,Completed
52781,10148,2025-11-27,Pending
52782,10043,2026-02-21,Completed
52783,10704,2025-03-27,Cancelled
52784,10597,2026-06-02,Completed
52785,10959,2026-02-03,Completed
52786,10959,2026-02-21,Completed
52787,10698,2026-06-22,Cancelled
52788,10013,2025-07-09,Completed
52789,10029,2025-01-31,Completed
52790,10356,2026-03-01,Completed
52791,10141,2026-09-04,Completed
52792,10016,2026-01-22,Completed
52793,10621,2026-05-25,Completed
52794,10297,2026-09-03,Completed
52795,10706,2026-03-02,Cancelled
52796,10877,2025-08-07,Completed
52797,10597,2025-12-21,Completed
52798,10063,2025-11-15,Completed
52799,10799,2026-06-23,Completed
52800,10564,2025-04-22,Completed
52801,10240,2026-02-11,Completed
52802,10367,2025-01-28,Completed
52803,10747,2026-02-22,Completed
52804,10804,2025-06-11,Cancelled
52805,10595,2026-06-02,Completed
52806,10253,2025-10-09,Completed
52807,10429,2025-04-05,Completed
52808,10040,2025-10-29,Completed
52809,10531,2025-02-13,Completed
52810,10615,2025-12-12,Completed
52811,10935,2026-03-15,Completed
52812,10781,2025-02-17,Completed
52813,10102,2025-05-12,Completed
52814,10838,2025-02-13,Cancelled
52815,10866,2025-02-26,Completed
52816,10215,2026-02-04,Completed
52817,10596,2025-01-28,Completed
52818,10662,2025-03-16,Completed
52819,10736,2025-04-13,Pending
52820,10758,2025-09-18,Cancelled
52821,10376,2026-03-17,Completed
52822,10193,2026-08-09,Completed
52823,10611,2026-05-12,Completed
52824,10559,2025-05-27,Completed
52825,10982,2025-09-28,Completed
52826,10962,2025-04-29,Completed
52827,10889,2025-01-06,Completed
52828,10984,2025-07-18,Completed
52829,10250,2026-07-18,Completed
52830,10522,2026-02-22,Completed
52831,10245,2026-01-19,Completed
52832,10136,2025-04-15,Completed
52833,10455,2025-01-19,Completed
52834,10052,2026-01-13,Pending
52835,10571,2025-03-08,Completed
52836,10298,2025-07-06,Cancelled
52837,10693,2026-04-09,Pending
52838,10572,2025-06-19,Completed
52839,10588,2026-08-10,Completed
52840,10610,2026-08-10,Completed
52841,10859,2025-10-31,Completed
52842,10627,2026-09-07,Completed
52843,10654,2026-04-13,Completed
52844,10516,2025-05-29,Completed
52845,10386,2026-01-29,Completed
52846,10561,2025-05-31,Completed
52847,10115,2025-01-22,Completed
52848,10881,2026-08-07,Completed
52849,10974,2025-07-19,Pending
52850,10884,2025-04-21,Completed
52851,10772,2025-08-17,Completed
52852,10155,2026-03-17,Completed
52853,10555,2025-02-26,Completed
52854,10677,2026-07-26,Completed
52855,10415,2025-05-01,Completed
52856,10428,2025-02-01,Completed
52857,10180,2025-08-10,Completed
52858,10941,2025-08-22,Completed
52859,10235,2026-09-09,Cancelled
52860,10634,2026-06-17,Completed
52861,10890,2025-01-18,Completed
52862,10979,2025-01-04,Cancelled
52863,10958,2025-05-01,Pending
52864,10895,2026-08-03,Completed
52865,10365,2026-07-17,Completed
52866,10773,2026-02-20,Completed
52867,10381,2025-05-31,Completed
52868,10280,2026-07-18,Completed
52869,10395,2026-02-21,Completed
52870,10922,2025-08-10,Completed
52871,10483,2026-03-13,Completed
52872,10821,2025-05-30,Completed
52873,10799,2025-11-18,Completed
52874,10978,2025-05-04,Completed
52875,10204,2025-10-01,Completed
52876,10160,2026-08-25,Completed
52877,10326,2026-06-06,Completed
52878,10893,2025-01-31,Completed
52879,10172,2025-08-18,Completed
52880,10649,2026-06-11,Completed
52881,10410,2026-02-03,Completed
52882,10059,2026-02-01,Completed
52883,10082,2025-07-17,Completed
52884,10356,2025-01-27,Completed
52885,10070,2026-06-25,Completed
52886,10631,2025-03-24,Completed
52887,10595,2025-11-26,Completed
52888,10421,2025-07-01,Completed
52889,10516,2026-08-20,Cancelled
52890,10627,2025-05-28,Completed
52891,10388,2025-10-14,Completed
52892,10889,2026-03-28,Completed
52893,10297,2025-06-16,Completed
52894,10941,2025-05-24,Completed
52895,10755,2026-02-26,Completed
52896,10587,2025-12-19,Completed
52897,10790,2026-05-19,Completed
52898,10817,2026-01-29,Cancelled
52899,10980,2026-08-02,Completed
52900,10591,2025-09-27,Completed
52901,10936,2026-07-01,Completed
52902,10967,2025-07-23,Completed
52903,10245,2025-05-16,Pending
52904,10329,2025-06-25,Completed
52905,10911,2026-02-15,Completed
52906,10536,2025-03-23,Completed
52907,10216,2025-06-18,Completed
52908,10087,2025-06-17,Completed
52909,10123,2026-03-09,Completed
52910,10507,2025-11-22,Completed
52911,10496,2026-08-11,Pending
52912,10392,2025-07-14,Completed
52913,10081,2026-07-13,Completed
52914,10279,2025-02-20,Completed
52915,10174,2026-08-16,Completed
52916,10154,2026-02-10,Completed
52917,10048,2025-04-07,Completed
52918,10297,2025-02-24,Completed
52919,10216,2025-09-14,Completed
52920,10415,2026-07-02,Completed
52921,10156,2026-04-20,Completed
52922,10499,2026-06-10,Completed
52923,10198,2025-01-15,Completed
52924,10624,2026-05-19,Cancelled
52925,10577,2025-07-06,Completed
52926,10205,2026-06-16,Cancelled
52927,10431,2026-08-10,Completed
52928,10715,2026-05-19,Completed
52929,10666,2026-03-25,Completed
52930,10435,2025-08-26,Completed
52931,10533,2025-04-28,Completed
52932,10184,2025-11-23,Completed
52933,10360,2026-08-10,Completed
52934,10958,2025-01-24,Completed
52935,10681,2026-07-12,Completed
52936,10437,2025-05-02,Completed
52937,10677,2026-02-17,Completed
52938,10498,2026-02-19,Completed
52939,10799,2025-01-16,Completed
52940,10002,2026-07-08,Completed
52941,10642,2025-06-25,Completed
52942,10613,2025-12-02,Completed
52943,10096,2026-02-07,Completed
52944,10642,2025-01-16,Completed
52945,10533,2026-04-04,Cancelled
52946,10666,2026-02-19,Completed
52947,10714,2026-06-20,Completed
52948,10936,2025-03-16,Pending
52949,10152,2026-08-05,Completed
52950,10459,2026-09-01,Pending
52951,10552,2026-07-02,Completed
52952,10284,2026-03-17,Completed
52953,10533,2026-07-14,Completed
52954,10952,2025-05-10,Cancelled
52955,10042,2025-12-05,Completed
52956,10950,2025-08-24,Completed
52957,10533,2026-09-05,Completed
52958,10268,2025-10-26,Completed
52959,10313,2026-09-13,Completed
52960,10717,2026-06-09,Completed
52961,10070,2025-03-28,Completed
52962,10455,2026-07-13,Completed
52963,10960,2025-02-06,Completed
52964,10447,2026-01-01,Cancelled
52965,10247,2026-07-12,Completed
52966,10410,2025-07-20,Completed
52967,10970,2025-07-11,Completed
52968,10601,2025-10-09,Completed
52969,10086,2026-09-21,Completed
52970,10611,2026-04-18,Completed
52971,10526,2026-01-29,Completed
52972,10846,2026-08-12,Cancelled
52973,10502,2025-06-07,Completed
52974,10144,2026-06-13,Completed
52975,10494,2025-02-09,Completed
52976,10526,2026-06-21,Completed
52977,10629,2025-09-01,Completed
52978,10673,2025-01-31,Completed
52979,10859,2026-02-04,Completed
52980,10607,2026-04-13,Completed
52981,10033,2025-05-08,Completed
52982,10894,2025-06-30,Completed
52983,10366,2026-01-19,Completed
52984,10192,2026-06-21,Completed
52985,10585,2025-07-20,Completed
52986,10817,2026-09-19,Completed
52987,10623,2025-05-17,Completed
52988,10725,2025-10-03,Completed
52989,10821,2025-08-16,Completed
52990,10206,2026-08-10,Cancelled
52991,10364,2025-06-18,Completed
52992,10662,2025-12-02,Completed
52993,10751,2026-05-10,Completed
52994,10942,2026-02-03,Completed
52995,10564,2026-02-18,Cancelled
52996,10236,2025-08-16,Completed
52997,10597,2026-01-14,Completed
52998,10851,2026-06-01,Completed
52999,10689,2026-01-14,Completed
53000,10950,2026-05-17,Completed
53001,10954,2026-07-27,Completed
53002,10597,2026-05-15,Completed
53003,10300,2025-09-25,Completed
53004,10206,2025-05-03,Completed
53005,10889,2026-08-14,Completed
53006,10823,2026-05-08,Completed
53007,10172,2025-07-23,Completed
53008,10682,2026-08-19,Completed
53009,10787,2025-03-30,Completed
53010,10222,2025-11-11,Completed
53011,10309,2025-04-21,Completed
53012,10346,2025-04-20,Completed
53013,10180,2026-09-27,Cancelled
53014,10808,2026-05-03,Completed
53015,10949,2025-04-10,Completed
53016,10435,2025-11-21,Completed
53017,10958,2025-09-30,Pending
53018,10160,2025-04-22,Completed
53019,10759,2025-03-31,Completed
53020,10376,2026-04-13,Completed
53021,10524,2025-05-05,Completed
53022,10518,2026-07-29,Completed
53023,10714,2025-05-15,Completed
53024,10008,2026-01-05,Completed
53025,10838,2026-06-24,Completed
53026,10758,2026-02-16,Completed
53027,10149,2025-12-05,Completed
53028,10908,2026-03-15,Completed
53029,10954,2026-08-21,Completed
53030,10783,2026-04-06,Completed
53031,10294,2025-06-21,Completed
53032,10684,2026-06-07,Completed
53033,10729,2025-10-14,Completed
53034,10362,2026-08-26,Completed
53035,10385,2025-11-21,Completed
53036,10834,2025-10-22,Completed
53037,10143,2026-09-22,Cancelled
53038,10966,2026-03-15,Pending
53039,10029,2025-01-07,Cancelled
53040,10048,2025-11-11,Completed
53041,10242,2025-08-26,Completed
53042,10249,2025-04-29,Completed
53043,10859,2025-03-12,Completed
53044,10340,2026-05-08,Completed
53045,10215,2026-03-12,Completed
53046,10191,2025-04-13,Completed
53047,10297,2026-06-17,Completed
53048,10402,2026-08-24,Completed
53049,10695,2025-05-28,Completed
53050,10841,2025-08-16,Completed
53051,10893,2026-03-28,Completed
53052,10307,2026-02-28,Completed
53053,10007,2026-01-11,Completed
53054,10984,2025-06-21,Cancelled
53055,10302,2025-03-13,Completed
53056,10798,2025-06-27,Completed
53057,10799,2025-04-19,Completed
53058,10201,2025-03-06,Completed
53059,10595,2025-01-08,Completed
53060,10610,2025-03-02,Completed
53061,10009,2025-04-03,Completed
53062,10426,2026-05-17,Completed
53063,10695,2026-04-20,Completed
53064,10527,2026-04-28,Completed
53065,10684,2026-04-12,Completed
53066,10188,2025-12-25,Completed
53067,10335,2026-01-07,Completed
53068,10280,2025-05-19,Completed
53069,10854,2025-02-03,Completed
53070,10605,2026-06-08,Completed
53071,10844,2026-04-10,Completed
53072,10641,2025-09-04,Completed
53073,10410,2026-07-17,Completed
53074,10696,2025-05-04,Completed
53075,10182,2026-04-14,Completed
53076,10210,2025-08-11,Cancelled
53077,10639,2025-07-10,Pending
53078,10925,2025-11-30,Completed
53079,10167,2026-08-04,Cancelled
53080,10227,2026-02-26,Cancelled
53081,10954,2026-03-14,Completed
53082,10641,2026-08-23,Completed
53083,10320,2026-07-21,Completed
53084,10249,2025-06-20,Completed
53085,10385,2025-09-08,Completed
53086,10844,2026-07-08,Completed
53087,10551,2025-11-12,Completed
53088,10132,2026-04-20,Completed
53089,10878,2025-08-13,Completed
53090,10412,2025-09-11,Cancelled
53091,10562,2025-09-25,Completed
53092,10568,2026-05-26,Completed
53093,10706,2025-07-04,Cancelled
53094,10592,2026-08-20,Completed
53095,10198,2025-06-28,Completed
53096,10171,2025-12-06,Completed
53097,10894,2026-04-25,Completed
53098,10905,2025-04-26,Completed
53099,10687,2025-12-01,Completed
53100,10950,2026-06-16,Completed
53101,10160,2025-04-11,Completed
53102,10386,2025-02-25,Completed
53103,10180,2025-02-15,Completed
53104,10549,2026-09-14,Completed
53105,10665,2026-04-22,Completed
53106,10503,2026-08-06,Completed
53107,10660,2026-01-17,Completed
53108,10379,2025-08-31,Completed
53109,10413,2025-03-04,Completed
53110,10920,2025-02-11,Completed
53111,10293,2025-11-06,Completed
53112,10407,2025-03-25,Completed
53113,10844,2026-08-11,Completed
53114,10461,2025-12-22,Completed
53115,10172,2025-08-04,Completed
53116,10561,2025-04-06,Completed
53117,10160,2026-08-15,Completed
53118,10926,2026-08-24,Completed
53119,10646,2025-04-05,Completed
53120,10482,2026-06-08,Completed
53121,10598,2025-07-21,Cancelled
53122,10566,2026-04-27,Completed
53123,10666,2026-05-27,Completed
53124,10966,2025-05-29,Completed
53125,10617,2025-06-05,Completed
53126,10167,2026-04-17,Completed
53127,10743,2025-05-23,Completed
53128,10595,2025-04-02,Completed
53129,10401,2025-04-18,Completed
53130,10188,2025-05-04,Completed
53131,10034,2025-05-20,Completed
53132,10643,2026-06-26,Completed
53133,10932,2025-07-22,Cancelled
53134,10738,2025-08-08,Completed
53135,10562,2026-03-18,Completed
53136,10219,2025-01-14,Completed
53137,10458,2025-11-05,Completed
53138,10115,2025-10-16,Completed
53139,10100,2025-01-24,Completed
53140,10659,2026-06-22,Completed
53141,10358,2025-01-09,Completed
53142,10344,2025-05-18,Completed
53143,10300,2025-05-12,Completed
53144,10813,2025-07-18,Completed
53145,10387,2025-12-25,Completed
53146,10833,2025-03-09,Completed
53147,10718,2025-01-02,Completed
53148,10227,2026-08-06,Completed
53149,10142,2026-08-21,Completed
53150,10020,2025-04-10,Completed
53151,10456,2025-05-26,Completed
53152,10433,2026-01-03,Completed
53153,10533,2026-02-01,Completed
53154,10922,2025-08-06,Completed
53155,10276,2025-03-18,Cancelled
53156,10767,2025-01-27,Completed
53157,10483,2025-02-25,Completed
53158,10382,2025-06-15,Completed
53159,10552,2025-10-12,Completed
53160,10588,2025-03-04,Completed
53161,10701,2025-03-29,Completed
53162,10853,2025-01-23,Completed
53163,10145,2025-10-16,Completed
53164,10942,2025-04-20,Completed
53165,10276,2025-06-12,Completed
53166,10662,2025-01-08,Completed
53167,10689,2025-10-20,Completed
53168,10063,2025-01-18,Completed
53169,10902,2026-02-20,Pending
53170,10560,2026-04-08,Completed
53171,10888,2025-11-12,Completed
53172,10389,2026-08-28,Completed
53173,10999,2026-01-16,Completed
53174,10837,2025-09-10,Completed
53175,10834,2025-05-21,Completed
53176,10268,2026-03-21,Completed
53177,10049,2025-03-02,Completed
53178,10788,2026-06-11,Completed
53179,10218,2026-02-27,Completed
53180,10108,2026-02-13,Completed
53181,10941,2026-05-16,Completed
53182,10509,2026-07-12,Completed
53183,10105,2026-01-11,Completed
53184,10159,2025-02-01,Completed
53185,10117,2025-12-17,Completed
53186,10463,2025-07-20,Completed
53187,10421,2025-04-15,Completed
53188,10462,2025-08-23,Completed
53189,10966,2025-10-22,Completed
53190,10526,2025-10-10,Completed
53191,10213,2026-02-15,Completed
53192,10682,2025-01-26,Completed
53193,10441,2025-12-24,Completed
53194,10522,2025-12-30,Completed
53195,10682,2026-09-03,Completed
53196,10031,2025-05-04,Completed
53197,10354,2025-07-25,Completed
53198,10167,2026-03-27,Cancelled
53199,10831,2026-02-08,Completed
53200,10160,2025-12-28,Completed
53201,10519,2025-05-22,Completed
53202,10477,2025-02-02,Completed
53203,10280,2026-03-01,Completed
53204,10326,2025-12-05,Completed
53205,10028,2025-03-11,Completed
53206,10056,2026-08-26,Completed
53207,10467,2025-09-16,Completed
53208,10740,2025-09-26,Completed
53209,10535,2026-07-20,Completed
53210,10693,2025-10-04,Completed
53211,10329,2025-03-09,Completed
53212,10178,2025-09-19,Completed
53213,10500,2026-08-27,Completed
53214,10821,2026-05-24,Cancelled
53215,10414,2026-09-13,Completed
53216,10493,2025-08-18,Completed
53217,10211,2026-08-28,Completed
53218,10132,2026-03-01,Completed
53219,10551,2025-10-27,Completed
53220,10902,2025-04-12,Completed
53221,10485,2025-02-20,Completed
53222,10562,2025-09-12,Completed
53223,10180,2025-11-27,Completed
53224,10224,2026-06-12,Completed
53225,10586,2026-08-20,Completed
53226,10125,2026-09-18,Completed
53227,10018,2025-09-28,Completed
53228,10438,2025-05-23,Completed
53229,10467,2026-06-12,Completed
53230,10897,2025-06-25,Completed
53231,10423,2025-06-12,Completed
53232,10642,2025-09-23,Completed
53233,10930,2026-07-13,Cancelled
53234,10790,2025-08-29,Completed
53235,10679,2026-09-22,Completed
53236,10586,2026-08-22,Completed
53237,10156,2025-04-25,Completed
53238,10449,2025-01-23,Completed
53239,10532,2026-08-25,Pending
53240,10926,2026-06-05,Completed
53241,10810,2025-03-14,Pending
53242,10926,2025-09-24,Completed
53243,10152,2025-05-04,Completed
53244,10874,2025-12-31,Completed
53245,10723,2025-08-27,Completed
53246,10447,2026-06-04,Completed
53247,10932,2026-07-07,Completed
53248,10801,2025-09-23,Completed
53249,10429,2025-11-24,Completed
53250,10102,2025-07-04,Completed
53251,10398,2025-03-29,Completed
53252,10418,2025-03-28,Cancelled
53253,10506,2026-05-27,Completed
53254,10580,2025-06-19,Completed
53255,10433,2026-06-01,Completed
53256,10708,2026-02-06,Completed
53257,10999,2026-05-04,Completed
53258,10054,2025-02-14,Completed
53259,10242,2025-05-01,Completed
53260,10780,2026-08-18,Completed
53261,10376,2025-02-15,Completed
53262,10545,2025-09-12,Completed
53263,10297,2026-07-21,Completed
53264,10353,2026-01-22,Completed
53265,10768,2026-04-17,Completed
53266,10848,2026-02-12,Completed
53267,10626,2026-09-12,Cancelled
53268,10680,2025-10-17,Completed
53269,10393,2026-07-14,Completed
53270,10279,2026-09-19,Completed
53271,10280,2026-06-08,Completed
53272,10069,2025-01-12,Completed
53273,10360,2026-01-31,Completed
53274,10979,2025-12-31,Completed
53275,10257,2026-02-21,Completed
53276,10540,2025-01-01,Completed
53277,10563,2025-08-16,Completed
53278,10416,2026-05-29,Completed
53279,10046,2026-03-23,Completed
53280,10275,2026-05-07,Completed
53281,10987,2026-06-24,Completed
53282,10564,2026-03-12,Completed
53283,10823,2025-04-02,Completed
53284,10227,2025-04-26,Completed
53285,10747,2025-09-12,Completed
53286,10744,2026-09-07,Completed
53287,10172,2025-07-29,Completed
53288,10117,2025-08-07,Completed
53289,10421,2025-01-01,Completed
53290,10979,2025-02-14,Cancelled
53291,10336,2026-06-08,Completed
53292,10351,2025-01-23,Cancelled
53293,10381,2025-10-13,Completed
53294,10496,2025-09-26,Completed
53295,10105,2025-11-22,Completed
53296,10863,2025-10-24,Completed
53297,10777,2026-03-03,Completed
53298,10067,2026-05-11,Cancelled
53299,10932,2025-03-08,Completed
53300,10138,2025-09-22,Completed
53301,10562,2026-07-14,Completed
53302,10540,2025-01-03,Completed
53303,10462,2026-07-19,Completed
53304,10287,2026-03-30,Completed
53305,10509,2025-04-18,Completed
53306,10833,2026-09-30,Completed
53307,10413,2026-01-21,Cancelled
53308,10539,2026-09-24,Completed
53309,10602,2025-09-12,Completed
53310,10571,2026-09-26,Completed
53311,10327,2026-06-03,Completed
53312,10328,2025-04-03,Completed
53313,10577,2025-11-18,Completed
53314,10054,2025-05-08,Completed
53315,10703,2025-07-04,Completed
53316,10666,2026-05-05,Pending
53317,10262,2026-01-26,Cancelled
53318,10049,2025-04-27,Completed
53319,10087,2025-03-05,Completed
53320,10587,2026-07-23,Completed
53321,10218,2025-11-18,Completed
53322,10976,2025-05-09,Completed
53323,10571,2025-12-02,Completed
53324,10060,2026-05-13,Completed
53325,10028,2026-08-10,Completed
53326,10149,2026-06-28,Pending
53327,10266,2025-02-18,Completed
53328,10393,2026-01-20,Completed
53329,10290,2026-07-25,Completed
53330,10439,2026-02-25,Completed
53331,10779,2025-09-26,Completed
53332,10810,2025-11-15,Completed
53333,10854,2026-05-17,Completed
53334,10364,2025-01-30,Completed
53335,10772,2025-11-12,Completed
53336,10963,2025-07-16,Completed
53337,10798,2025-01-30,Completed
53338,10256,2026-01-14,Completed
53339,10419,2026-01-26,Completed
53340,10844,2025-07-08,Completed
53341,10357,2025-10-24,Completed
53342,10414,2025-12-09,Completed
53343,10369,2025-02-24,Completed
53344,10932,2026-03-12,Completed
53345,10198,2025-06-29,Completed
53346,10189,2026-04-08,Completed
53347,10877,2026-05-01,Completed
53348,10147,2025-11-20,Completed
53349,10410,2025-04-17,Completed
53350,10297,2025-04-13,Completed
53351,10905,2026-05-31,Completed
53352,10268,2026-06-14,Completed
53353,10989,2025-01-07,Completed
53354,10976,2025-01-16,Completed
53355,10577,2026-02-10,Completed
53356,10494,2026-07-27,Completed
53357,10866,2025-06-27,Completed
53358,10878,2026-01-02,Completed
53359,10775,2025-01-14,Cancelled
53360,10289,2025-05-19,Pending
53361,10421,2025-09-27,Completed
53362,10624,2026-03-12,Completed
53363,10712,2025-06-18,Completed
53364,10522,2025-08-23,Completed
53365,10880,2025-12-17,Completed
53366,10369,2026-08-26,Completed
53367,10854,2026-06-30,Completed
53368,10549,2025-06-22,Completed
53369,10279,2026-06-11,Completed
53370,10141,2026-07-25,Completed
53371,10245,2025-11-29,Completed
53372,10382,2025-10-02,Completed
53373,10654,2026-03-16,Completed
53374,10636,2025-10-20,Completed
53375,10360,2025-05-30,Completed
53376,10838,2025-03-20,Completed
53377,10942,2025-06-07,Cancelled
53378,10984,2025-10-20,Completed
53379,10600,2026-05-19,Completed
53380,10608,2025-03-28,Completed
53381,10894,2026-02-12,Completed
53382,10257,2025-10-28,Completed
53383,10656,2025-06-20,Completed
53384,10033,2026-07-23,Completed
53385,10662,2025-03-16,Cancelled
53386,10375,2025-01-13,Completed
53387,10065,2025-03-10,Completed
53388,10405,2025-09-10,Completed
53389,10272,2025-07-19,Completed
53390,10597,2025-08-24,Completed
53391,10537,2025-05-29,Completed
53392,10889,2025-12-05,Completed
53393,10876,2025-01-13,Completed
53394,10918,2025-04-17,Completed
53395,10693,2026-02-10,Completed
53396,10502,2026-06-11,Cancelled
53397,10836,2025-12-20,Pending
53398,10293,2025-09-18,Cancelled
53399,10954,2025-09-25,Completed
53400,10059,2026-06-29,Completed
53401,10529,2026-01-06,Completed
53402,10477,2026-09-27,Completed
53403,10682,2026-07-20,Completed
53404,10627,2025-11-25,Completed
53405,10587,2025-05-31,Completed
53406,10958,2026-06-09,Completed
53407,10863,2026-01-31,Completed
53408,10560,2026-03-12,Pending
53409,10521,2025-06-08,Cancelled
53410,10757,2026-09-06,Completed
53411,10989,2025-11-19,Completed
53412,10681,2026-05-06,Completed
53413,10833,2025-05-21,Completed
53414,10245,2025-04-02,Completed
53415,10985,2026-07-08,Completed
53416,10399,2025-09-16,Completed
53417,10145,2025-07-28,Completed
53418,10632,2026-08-30,Completed
53419,10516,2025-09-01,Completed
53420,10115,2025-04-26,Pending
53421,10642,2026-05-27,Completed
53422,10917,2025-06-10,Cancelled
53423,10560,2025-06-26,Completed
53424,10507,2025-02-20,Completed
53425,10552,2025-08-06,Completed
53426,10132,2025-04-30,Completed
53427,10243,2025-01-03,Completed
53428,10670,2026-01-31,Completed
53429,10397,2025-02-16,Cancelled
53430,10503,2026-09-04,Completed
53431,10553,2026-05-08,Completed
53432,10132,2026-07-15,Completed
53433,10310,2026-01-17,Completed
53434,10101,2025-03-05,Cancelled
53435,10247,2026-07-21,Completed
53436,10334,2025-09-07,Completed
53437,10094,2026-06-07,Completed
53438,10776,2025-10-10,Completed
53439,10743,2026-07-18,Completed
53440,10207,2025-11-13,Completed
53441,10981,2025-11-20,Completed
53442,10779,2025-02-05,Completed
53443,10715,2025-01-18,Completed
53444,10743,2025-07-06,Completed
53445,10808,2025-10-13,Cancelled
53446,10951,2026-08-26,Completed
53447,10826,2025-12-06,Completed
53448,10667,2026-03-23,Completed
53449,10890,2026-02-04,Completed
53450,10101,2025-01-14,Cancelled
53451,10411,2026-01-15,Completed
53452,10096,2025-04-03,Completed
53453,10887,2025-08-19,Pending
53454,10002,2026-04-03,Completed
53455,10109,2026-09-21,Completed
53456,10912,2025-10-03,Completed
53457,10469,2026-06-20,Completed
53458,10388,2026-07-30,Completed
53459,10438,2026-07-16,Completed
53460,10549,2026-01-22,Completed
53461,10560,2026-09-29,Completed
53462,10407,2026-04-16,Completed
53463,10522,2026-07-07,Completed
53464,10550,2026-08-03,Completed
53465,10524,2026-05-12,Completed
53466,10079,2025-02-01,Completed
53467,10582,2025-07-04,Completed
53468,10837,2026-08-07,Completed
53469,10395,2026-09-01,Completed
53470,10024,2025-03-31,Completed
53471,10876,2026-01-03,Completed
53472,10962,2026-06-19,Completed
53473,10821,2025-07-11,Completed
53474,10319,2025-03-22,Completed
53475,10006,2026-08-09,Completed
53476,10153,2025-03-16,Completed
53477,10382,2026-06-07,Completed
53478,10956,2026-04-17,Completed
53479,10306,2025-04-03,Completed
53480,10152,2025-10-31,Completed
53481,10197,2025-03-18,Completed
53482,10652,2026-07-19,Completed
53483,10101,2026-08-30,Completed
53484,10152,2025-09-30,Completed
53485,10154,2026-05-04,Completed
53486,10577,2026-04-06,Completed
53487,10686,2025-09-28,Completed
53488,10387,2025-05-16,Completed
53489,10549,2025-10-28,Completed
53490,10824,2025-02-16,Completed
53491,10771,2025-05-10,Completed
53492,10568,2025-05-10,Completed
53493,10388,2025-01-01,Completed
53494,10022,2025-02-20,Completed
53495,10415,2025-12-17,Completed
53496,10949,2026-04-16,Completed
53497,10818,2025-10-13,Completed
53498,10471,2025-07-01,Completed
53499,10917,2026-09-18,Completed
53500,10701,2025-10-14,Completed
53501,10098,2026-06-17,Completed
53502,10908,2026-06-14,Completed
53503,10667,2026-04-09,Completed
53504,10149,2026-03-06,Completed
53505,10940,2026-07-10,Cancelled
53506,10788,2026-01-18,Completed
53507,10070,2025-12-26,Cancelled
53508,10626,2025-03-02,Completed
53509,10563,2025-01-02,Completed
53510,10837,2025-04-22,Pending
53511,10641,2025-11-19,Completed
53512,10092,2025-02-14,Completed
53513,10242,2026-03-28,Completed
53514,10561,2025-07-24,Completed
53515,10462,2026-03-17,Completed
53516,10658,2025-01-05,Pending
53517,10272,2025-03-30,Completed
53518,10563,2025-11-16,Completed
53519,10344,2025-10-28,Completed
53520,10629,2026-08-05,Completed
53521,10425,2026-07-23,Completed
53522,10854,2026-02-27,Completed
53523,10586,2025-10-13,Pending
53524,10757,2026-02-28,Completed
53525,10096,2026-06-12,Cancelled
53526,10976,2025-07-27,Completed
53527,10800,2025-03-26,Completed
53528,10760,2025-03-14,Completed
53529,10351,2025-06-07,Completed
53530,10559,2026-09-18,Completed
53531,10662,2025-03-12,Completed
53532,10312,2026-01-04,Completed
53533,10518,2025-09-05,Completed
53534,10915,2026-03-07,Completed
53535,10420,2025-10-07,Pending
53536,10442,2026-03-16,Completed
53537,10577,2025-08-13,Pending
53538,10996,2025-11-03,Cancelled
53539,10502,2026-07-15,Completed
53540,10184,2025-08-22,Completed
53541,10979,2025-11-02,Completed
53542,10152,2025-02-18,Completed
53543,10059,2026-03-31,Cancelled
53544,10682,2026-02-07,Completed
53545,10608,2025-12-27,Completed
53546,10959,2025-06-13,Completed
53547,10192,2025-01-10,Completed
53548,10533,2025-12-08,Cancelled
53549,10342,2025-02-13,Completed
53550,10677,2025-01-29,Completed
53551,10590,2025-08-28,Completed
53552,10093,2025-04-13,Completed
53553,10503,2026-02-02,Completed
53554,10985,2025-01-20,Completed
53555,10798,2026-04-01,Completed
53556,10059,2025-07-01,Completed
53557,10027,2026-09-28,Completed
53558,10245,2025-10-02,Completed
53559,10093,2025-07-01,Pending
53560,10888,2025-05-19,Completed
53561,10894,2026-08-03,Completed
53562,10960,2025-01-11,Completed
53563,10428,2025-02-21,Completed
53564,10121,2025-08-08,Completed
53565,10929,2025-12-22,Pending
53566,10638,2026-08-26,Completed
53567,10618,2026-09-25,Completed
53568,10446,2025-02-14,Pending
53569,10493,2026-03-30,Completed
53570,10838,2026-04-20,Completed
53571,10054,2025-12-29,Completed
53572,10579,2026-01-10,Completed
53573,10908,2025-03-09,Completed
53574,10981,2025-10-22,Pending
53575,10610,2025-11-08,Completed
53576,10013,2026-08-16,Completed
53577,10293,2025-05-10,Cancelled
53578,10872,2026-03-15,Completed
53579,10597,2025-10-19,Completed
53580,10533,2026-09-21,Cancelled
53581,10954,2025-12-11,Cancelled
53582,10602,2025-06-28,Pending
53583,10381,2025-09-07,Cancelled
53584,10665,2025-12-15,Completed
53585,10382,2025-03-14,Completed
53586,10421,2026-05-14,Completed
53587,10568,2025-01-20,Completed
53588,10437,2026-07-15,Completed
53589,10540,2026-03-26,Completed
53590,10049,2025-09-05,Pending
53591,10500,2025-05-09,Completed
53592,10954,2025-07-18,Completed
53593,10302,2026-08-18,Completed
53594,10985,2025-08-19,Completed
53595,10411,2026-04-15,Completed
53596,10839,2025-06-10,Completed
53597,10009,2025-06-14,Completed
53598,10819,2025-03-16,Completed
53599,10984,2025-11-17,Completed
53600,10893,2025-07-08,Completed
53601,10460,2025-09-18,Completed
53602,10065,2025-07-11,Completed
53603,10562,2025-06-03,Completed
53604,10236,2025-12-05,Completed
53605,10076,2025-02-02,Completed
53606,10628,2026-03-08,Completed
53607,10050,2025-09-08,Completed
53608,10757,2026-07-08,Completed
53609,10425,2025-09-17,Completed
53610,10164,2025-04-30,Completed
53611,10411,2025-08-14,Completed
53612,10601,2025-01-07,Completed
53613,10656,2026-04-13,Completed
53614,10868,2026-07-31,Completed
53615,10980,2026-04-07,Completed
53616,10560,2025-07-10,Completed
53617,10585,2026-08-31,Completed
53618,10327,2026-02-09,Completed
53619,10952,2025-09-04,Completed
53620,10797,2025-07-03,Completed
53621,10880,2025-05-25,Completed
53622,10376,2025-07-11,Completed
53623,10462,2026-04-20,Cancelled
53624,10671,2025-05-10,Completed
53625,10449,2025-04-04,Completed
53626,10834,2025-08-20,Completed
53627,10544,2025-07-05,Completed
53628,10677,2025-06-22,Completed
53629,10788,2025-06-25,Completed
53630,10900,2026-06-22,Completed
53631,10516,2026-05-16,Completed
53632,10666,2026-08-03,Completed
53633,10117,2025-04-25,Completed
53634,10225,2026-01-16,Completed
53635,10544,2026-08-26,Cancelled
53636,10561,2026-04-20,Completed
53637,10472,2025-04-07,Completed
53638,10509,2025-02-21,Completed
53639,10762,2025-08-31,Completed
53640,10757,2026-09-11,Completed
53641,10072,2026-01-20,Completed
53642,10167,2026-08-19,Completed
53643,10178,2026-06-06,Completed
53644,10959,2025-11-15,Completed
53645,10641,2026-06-11,Completed
53646,10703,2026-05-04,Completed
53647,10059,2026-07-19,Completed
53648,10309,2025-05-11,Completed
53649,10832,2025-08-23,Completed
53650,10942,2025-03-02,Completed
53651,10293,2026-05-14,Pending
53652,10638,2025-05-15,Cancelled
53653,10851,2025-04-23,Completed
53654,10973,2026-01-04,Completed
53655,10689,2025-01-11,Completed
53656,10717,2025-01-14,Completed
53657,10618,2025-02-21,Completed
53658,10692,2025-06-02,Completed
53659,10145,2026-03-26,Completed
53660,10841,2025-05-11,Completed
53661,10115,2026-01-17,Completed
53662,10047,2025-05-14,Completed
53663,10428,2025-02-18,Completed
53664,10414,2025-01-03,Completed
53665,10816,2025-12-19,Completed
53666,10586,2026-03-27,Completed
53667,10377,2026-08-22,Completed
53668,10532,2025-05-16,Completed
53669,10660,2025-06-15,Pending
53670,10100,2025-03-17,Completed
53671,10395,2026-09-15,Completed
53672,10942,2026-08-20,Completed
53673,10526,2025-05-03,Cancelled
53674,10031,2025-09-11,Completed
53675,10731,2025-10-10,Completed
53676,10405,2025-06-16,Completed
53677,10092,2025-07-27,Cancelled
53678,10431,2025-01-15,Completed
53679,10387,2026-07-25,Cancelled
53680,10966,2026-03-04,Completed
53681,10902,2026-04-17,Pending
53682,10870,2025-02-11,Completed
53683,10677,2025-06-06,Completed
53684,10506,2026-02-08,Completed
53685,10064,2026-08-19,Completed
53686,10756,2025-09-18,Completed
53687,10039,2026-03-18,Completed
53688,10208,2025-11-10,Completed
53689,10198,2025-08-19,Completed
53690,10368,2025-11-06,Completed
53691,10394,2026-04-10,Completed
53692,10838,2026-01-30,Completed
53693,10877,2025-05-01,Completed
53694,10966,2025-09-19,Completed
53695,10423,2025-05-21,Cancelled
53696,10725,2026-07-23,Completed
53697,10280,2025-06-04,Completed
53698,10507,2026-06-10,Completed
53699,10954,2026-07-01,Completed
53700,10946,2026-09-01,Pending
53701,10602,2026-09-30,Cancelled
53702,10157,2025-09-03,Completed
53703,10902,2025-03-28,Completed
53704,10562,2026-01-25,Completed
53705,10213,2025-12-13,Completed
53706,10881,2025-10-16,Cancelled
53707,10973,2025-07-11,Cancelled
53708,10649,2026-01-09,Completed
53709,10239,2025-09-24,Cancelled
53710,10947,2025-02-05,Completed
53711,10253,2025-03-22,Completed
53712,10386,2026-06-26,Completed
53713,10030,2025-10-01,Completed
53714,10467,2026-02-04,Cancelled
53715,10560,2025-10-03,Completed
53716,10788,2026-02-16,Completed
53717,10889,2025-10-02,Completed
53718,10941,2025-12-10,Cancelled
53719,10381,2025-09-03,Completed
53720,10560,2025-10-05,Completed
53721,10932,2026-09-01,Completed
53722,10401,2025-03-07,Completed
53723,10900,2025-05-10,Completed
53724,10368,2026-01-14,Completed
53725,10675,2025-01-09,Completed
53726,10923,2026-09-26,Cancelled
53727,10323,2025-03-31,Completed
53728,10197,2026-02-13,Completed
53729,10340,2026-01-16,Completed
53730,10414,2026-04-03,Completed
53731,10843,2025-09-03,Completed
53732,10860,2025-10-10,Completed
53733,10388,2026-08-26,Pending
53734,10280,2026-01-30,Completed
53735,10802,2025-02-23,Pending
53736,10953,2026-07-12,Completed
53737,10263,2025-06-11,Cancelled
53738,10807,2025-11-05,Completed
53739,10881,2025-08-07,Completed
53740,10060,2026-08-04,Completed
53741,10642,2026-04-14,Completed
53742,10959,2025-01-19,Completed
53743,10629,2025-05-05,Completed
53744,10526,2025-12-31,Cancelled
53745,10156,2025-05-04,Completed
53746,10711,2026-04-03,Completed
53747,10932,2025-10-15,Completed
53748,10221,2025-10-14,Completed
53749,10183,2026-06-02,Completed
53750,10276,2026-05-26,Completed
53751,10498,2025-06-17,Completed
53752,10933,2025-01-26,Completed
53753,10423,2025-12-16,Completed
53754,10810,2025-08-16,Cancelled
53755,10462,2025-05-16,Completed
53756,10416,2025-11-28,Completed
53757,10207,2025-01-04,Completed
53758,10906,2025-02-17,Cancelled
53759,10614,2026-01-01,Completed
53760,10803,2026-07-04,Completed
53761,10926,2026-01-12,Completed
53762,10513,2025-02-16,Completed
53763,10918,2026-05-11,Completed
53764,10185,2025-05-12,Completed
53765,10198,2026-04-20,Completed
53766,10942,2025-05-03,Completed
53767,10593,2025-08-21,Pending
53768,10670,2025-05-07,Completed
53769,10231,2026-02-12,Completed
53770,10611,2025-03-30,Completed
53771,10172,2025-02-05,Completed
53772,10210,2026-09-30,Completed
53773,10687,2026-06-15,Completed
53774,10182,2025-01-28,Completed
53775,10198,2026-05-12,Completed
53776,10368,2026-01-18,Pending
53777,10375,2025-08-07,Cancelled
53778,10159,2025-06-04,Completed
53779,10761,2026-03-30,Completed
53780,10601,2026-06-19,Completed
53781,10180,2025-10-22,Completed
53782,10475,2025-08-16,Completed
53783,10240,2025-08-21,Completed
53784,10096,2025-12-25,Pending
53785,10469,2025-04-04,Cancelled
53786,10544,2026-04-16,Completed
53787,10198,2026-09-14,Completed
53788,10958,2026-06-02,Completed
53789,10821,2025-07-24,Completed
53790,10106,2026-05-19,Completed
53791,10414,2025-12-29,Completed
53792,10951,2026-07-21,Completed
53793,10961,2026-07-28,Completed
53794,10192,2025-04-02,Pending
53795,10493,2026-03-22,Cancelled
53796,10754,2026-07-01,Completed
53797,10770,2026-05-05,Completed
53798,10448,2025-09-26,Completed
53799,10222,2025-08-10,Pending
53800,10981,2025-05-26,Pending
53801,10917,2026-06-05,Completed
53802,10117,2026-09-15,Completed
53803,10996,2025-12-21,Completed
53804,10652,2026-08-03,Completed
53805,10805,2025-07-08,Completed
53806,10958,2026-02-19,Completed
53807,10192,2026-09-25,Pending
53808,10359,2026-01-16,Completed
53809,10894,2025-09-06,Completed
53810,10618,2026-05-06,Completed
53811,10259,2025-04-28,Completed
53812,10287,2026-05-19,Completed
53813,10818,2025-01-07,Completed
53814,10329,2026-07-27,Cancelled
53815,10762,2026-07-30,Completed
53816,10017,2025-03-15,Completed
53817,10404,2026-02-15,Completed
53818,10504,2025-10-21,Completed
53819,10242,2026-04-30,Completed
53820,10404,2025-11-18,Completed
53821,10781,2025-02-16,Completed
53822,10269,2025-03-16,Completed
53823,10936,2025-03-10,Completed
53824,10436,2025-10-02,Completed
53825,10560,2025-12-17,Completed
53826,10287,2026-08-07,Cancelled
53827,10101,2026-01-20,Completed
53828,10225,2025-11-25,Completed
53829,10498,2025-07-09,Completed
53830,10794,2025-05-21,Completed
53831,10174,2025-06-12,Completed
53832,10078,2026-05-24,Completed
53833,10710,2025-04-02,Completed
53834,10081,2025-07-26,Completed
53835,10743,2026-03-17,Cancelled
53836,10608,2026-04-19,Completed
53837,10630,2026-02-20,Completed
53838,10954,2026-05-01,Completed
53839,10172,2026-05-18,Cancelled
53840,10244,2026-09-09,Pending
53841,10197,2026-03-25,Completed
53842,10654,2025-01-29,Completed
53843,10361,2026-08-14,Pending
53844,10529,2026-05-02,Completed
53845,10431,2025-08-31,Completed
53846,10935,2026-08-09,Cancelled
53847,10675,2025-11-13,Completed
53848,10591,2026-01-27,Completed
53849,10198,2026-06-09,Completed
53850,10775,2025-12-09,Completed
53851,10136,2025-02-16,Completed
53852,10576,2025-12-27,Completed
53853,10762,2026-05-13,Completed
53854,10288,2025-10-17,Completed
53855,10458,2025-10-18,Completed
53856,10689,2025-01-02,Completed
53857,10966,2026-04-21,Completed
53858,10326,2026-03-22,Completed
53859,10313,2026-04-04,Completed
53860,10922,2025-04-02,Completed
53861,10214,2025-12-22,Completed
53862,10989,2025-09-21,Completed
53863,10036,2026-02-21,Completed
53864,10329,2025-08-14,Completed
53865,10041,2026-01-31,Pending
53866,10560,2026-09-24,Completed
53867,10464,2025-03-22,Completed
53868,10618,2026-01-02,Completed
53869,10673,2025-08-17,Completed
53870,10054,2026-01-15,Completed
53871,10696,2025-07-03,Completed
53872,10120,2026-06-26,Completed
53873,10425,2025-07-31,Completed
53874,10246,2025-03-22,Completed
53875,10600,2026-06-22,Completed
53876,10554,2026-08-07,Completed
53877,10597,2025-12-24,Cancelled
53878,10425,2026-03-22,Completed
53879,10971,2025-09-26,Completed
53880,10940,2025-10-27,Completed
53881,10324,2025-09-21,Completed
53882,10783,2025-11-09,Completed
53883,10414,2026-09-10,Completed
53884,10743,2025-09-06,Completed
53885,10942,2025-09-22,Completed
53886,10455,2025-08-20,Completed
53887,10285,2026-02-24,Completed
53888,10520,2026-07-29,Completed
53889,10238,2026-08-31,Completed
53890,10431,2026-09-12,Completed
53891,10704,2025-08-12,Pending
53892,10650,2026-06-30,Completed
53893,10877,2026-08-20,Completed
53894,10285,2025-09-13,Completed
53895,10965,2026-08-08,Completed
53896,10065,2025-06-27,Completed
53897,10482,2025-02-14,Completed
53898,10318,2026-06-16,Completed
53899,10300,2026-02-27,Completed
53900,10474,2026-08-23,Completed
53901,10766,2025-02-08,Completed
53902,10048,2025-10-12,Completed
53903,10839,2026-01-26,Cancelled
53904,10159,2026-09-18,Completed
53905,10059,2025-01-29,Completed
53906,10722,2025-12-31,Completed
53907,10768,2025-07-28,Completed
53908,10462,2026-02-07,Completed
53909,10522,2026-09-02,Completed
53910,10349,2025-12-12,Completed
53911,10833,2025-01-03,Completed
53912,10438,2025-03-22,Cancelled
53913,10597,2025-03-12,Completed
53914,10381,2025-11-02,Completed
53915,10673,2026-02-11,Completed
53916,10094,2025-08-17,Cancelled
53917,10544,2025-02-19,Cancelled
53918,10312,2025-07-07,Completed
53919,10421,2025-05-19,Completed
53920,10263,2025-11-14,Completed
53921,10192,2026-02-21,Completed
53922,10117,2025-11-05,Completed
53923,10454,2026-08-17,Completed
53924,10730,2026-02-10,Completed
53925,10533,2025-01-29,Completed
53926,10782,2025-11-18,Completed
53927,10890,2026-08-06,Completed
53928,10399,2026-08-20,Pending
53929,10166,2025-04-02,Completed
53930,10971,2026-03-25,Cancelled
53931,10068,2025-09-27,Completed
53932,10041,2025-08-01,Completed
53933,10063,2025-08-22,Completed
53934,10782,2026-01-11,Cancelled
53935,10172,2026-07-27,Completed
53936,10296,2026-02-05,Completed
53937,10453,2025-12-11,Completed
53938,10744,2025-06-13,Completed
53939,10146,2025-06-06,Completed
53940,10245,2025-05-20,Completed
53941,10349,2026-08-11,Pending
53942,10229,2025-01-11,Completed
53943,10234,2025-09-17,Completed
53944,10447,2025-05-06,Completed
53945,10436,2026-04-13,Completed
53946,10806,2026-03-25,Completed
53947,10156,2026-05-05,Completed
53948,10369,2025-11-19,Completed
53949,10740,2025-06-27,Completed
53950,10389,2025-02-27,Completed
53951,10895,2025-08-25,Completed
53952,10551,2025-09-22,Completed
53953,10177,2025-01-30,Completed
53954,10695,2025-05-15,Completed
53955,10533,2026-04-15,Completed
53956,10970,2026-08-19,Completed
53957,10788,2025-01-17,Completed
53958,10695,2025-06-17,Completed
53959,10145,2025-02-23,Cancelled
53960,10063,2026-02-28,Cancelled
53961,10275,2026-07-14,Completed
53962,10764,2025-04-15,Completed
53963,10480,2026-05-23,Completed
53964,10276,2025-04-19,Completed
53965,10823,2025-07-07,Cancelled
53966,10054,2026-01-04,Completed
53967,10242,2026-03-28,Completed
53968,10656,2025-06-01,Completed
53969,10863,2025-03-07,Completed
53970,10331,2025-02-11,Completed
53971,10575,2025-12-18,Completed
53972,10748,2025-10-16,Completed
53973,10910,2025-05-31,Cancelled
53974,10486,2025-07-12,Completed
53975,10759,2025-03-20,Completed
53976,10108,2025-03-28,Completed
53977,10051,2026-06-28,Completed
53978,10507,2025-08-30,Completed
53979,10981,2026-07-21,Completed
53980,10915,2026-09-21,Completed
53981,10912,2025-03-17,Completed
53982,10054,2026-05-12,Completed
53983,10039,2025-08-19,Completed
53984,10375,2026-08-25,Pending
53985,10602,2025-12-30,Completed
53986,10332,2025-04-23,Completed
53987,10179,2025-05-26,Cancelled
53988,10942,2025-09-18,Completed
53989,10552,2025-07-06,Completed
53990,10381,2025-10-24,Completed
53991,10123,2025-06-30,Completed
53992,10335,2025-09-24,Completed
53993,10629,2025-07-16,Cancelled
53994,10727,2025-01-02,Completed
53995,10807,2025-07-27,Pending
53996,10309,2026-03-30,Completed
53997,10824,2025-11-09,Completed
53998,10512,2026-06-05,Completed
53999,10920,2025-01-13,Completed
54000,10023,2025-06-20,Completed
54001,10391,2026-01-22,Completed
54002,10662,2025-03-15,Completed
54003,10866,2025-07-14,Completed
54004,10453,2025-09-21,Completed
54005,10896,2026-02-11,Completed
54006,10642,2025-06-13,Cancelled
54007,10588,2025-11-21,Completed
54008,10283,2026-04-09,Cancelled
54009,10476,2025-06-24,Completed
54010,10381,2025-06-07,Completed
54011,10091,2026-02-13,Completed
54012,10094,2026-09-12,Completed
54013,10638,2026-08-10,Completed
54014,10167,2026-08-30,Completed
54015,10079,2026-02-25,Completed
54016,10164,2025-11-22,Completed
54017,10647,2026-08-19,Completed
54018,10443,2026-04-20,Completed
54019,10801,2026-02-23,Completed
54020,10610,2025-10-31,Completed
54021,10953,2025-02-13,Completed
54022,10084,2025-09-23,Completed
54023,10029,2026-07-19,Completed
54024,10206,2025-04-20,Completed
54025,10533,2025-02-11,Completed
54026,10563,2025-08-18,Completed
54027,10167,2025-03-27,Completed
54028,10165,2025-06-27,Completed
54029,10390,2025-10-31,Completed
54030,10907,2025-04-26,Completed
54031,10533,2026-03-22,Completed
54032,10531,2026-02-16,Completed
54033,10009,2026-08-20,Completed
54034,10344,2026-07-24,Completed
54035,10409,2025-11-09,Completed
54036,10830,2025-01-01,Completed
54037,10407,2026-08-07,Cancelled
54038,10911,2026-05-25,Completed
54039,10519,2025-09-08,Completed
54040,10516,2026-02-02,Completed
54041,10297,2026-02-13,Completed
54042,10763,2025-05-02,Completed
54043,10705,2025-08-11,Completed
54044,10188,2026-09-18,Completed
54045,10928,2025-05-29,Completed
54046,10205,2025-01-18,Completed
54047,10068,2025-10-19,Completed
54048,10270,2025-08-11,Completed
54049,10123,2026-05-13,Cancelled
54050,10914,2026-08-05,Completed
54051,10677,2025-04-25,Completed
54052,10854,2026-04-03,Completed
54053,10749,2026-08-26,Completed
54054,10976,2025-10-12,Completed
54055,10520,2025-06-14,Completed
54056,10212,2026-07-17,Completed
54057,10234,2026-03-19,Completed
54058,10023,2025-06-22,Completed
54059,10066,2025-12-23,Cancelled
54060,10739,2026-07-07,Completed
54061,10535,2025-07-13,Completed
54062,10004,2025-02-17,Completed
54063,10187,2025-09-08,Cancelled
54064,10893,2026-07-18,Completed
54065,10934,2026-07-21,Completed
54066,10923,2026-09-23,Completed
54067,10767,2026-09-19,Completed
54068,10455,2026-07-01,Completed
54069,10172,2026-04-14,Completed
54070,10933,2025-08-21,Completed
54071,10551,2025-07-31,Cancelled
54072,10500,2026-01-30,Completed
54073,10878,2025-07-28,Completed
54074,10485,2025-03-27,Completed
54075,10618,2026-07-10,Cancelled
54076,10741,2026-02-17,Completed
54077,10458,2025-09-11,Completed
54078,10322,2025-04-22,Completed
54079,10081,2025-06-08,Completed
54080,10782,2025-07-25,Cancelled
54081,10695,2025-06-06,Completed
54082,10533,2026-06-05,Completed
54083,10238,2025-07-11,Completed
54084,10590,2025-03-06,Completed
54085,10343,2025-01-21,Completed
54086,10889,2026-05-20,Completed
54087,10635,2026-03-09,Completed
54088,10704,2026-08-19,Completed
54089,10618,2026-07-06,Completed
54090,10845,2025-09-30,Completed
54091,10082,2025-05-11,Completed
54092,10449,2026-02-24,Completed
54093,10915,2025-04-24,Completed
54094,10585,2026-08-17,Completed
54095,10628,2026-07-09,Completed
54096,10372,2026-05-25,Completed
54097,10654,2025-06-04,Completed
54098,10394,2026-02-13,Completed
54099,10756,2026-09-19,Completed
54100,10564,2025-04-07,Completed
54101,10453,2025-11-12,Completed
54102,10585,2025-06-16,Completed
54103,10238,2025-10-07,Completed
54104,10611,2025-01-10,Completed
54105,10724,2025-05-20,Completed
54106,10597,2026-04-01,Completed
54107,10477,2026-09-25,Completed
54108,10580,2025-11-08,Completed
54109,10445,2026-09-26,Completed
54110,10024,2025-01-04,Completed
54111,10586,2025-11-11,Completed
54112,10498,2026-07-27,Completed
54113,10602,2026-08-08,Completed
54114,10292,2026-06-06,Completed
54115,10597,2026-06-01,Completed
54116,10123,2026-04-19,Completed
54117,10832,2026-06-16,Cancelled
54118,10368,2026-02-13,Completed
54119,10531,2026-07-01,Completed
54120,10399,2026-08-22,Completed
54121,10280,2025-11-20,Completed
54122,10594,2026-06-12,Completed
54123,10867,2025-12-01,Pending
54124,10129,2025-02-02,Completed
54125,10153,2026-04-15,Completed
54126,10416,2026-07-21,Completed
54127,10065,2026-07-12,Completed
54128,10529,2025-09-16,Completed
54129,10115,2025-08-15,Completed
54130,10870,2026-08-10,Completed
54131,10866,2025-02-12,Completed
54132,10323,2026-07-08,Completed
54133,10605,2026-05-01,Completed
54134,10844,2025-04-19,Completed
54135,10426,2025-08-31,Completed
54136,10924,2026-04-03,Completed
54137,10910,2025-02-18,Completed
54138,10050,2025-12-20,Completed
54139,10749,2026-02-17,Completed
54140,10883,2026-09-03,Completed
54141,10215,2026-01-02,Completed
54142,10104,2025-09-25,Completed
54143,10202,2026-03-25,Pending
54144,10647,2025-10-29,Completed
54145,10561,2026-05-30,Completed
54146,10910,2025-01-20,Completed
54147,10526,2025-06-15,Completed
54148,10628,2025-02-05,Completed
54149,10615,2025-07-28,Completed
54150,10883,2025-05-06,Completed
54151,10287,2025-10-30,Completed
54152,10966,2025-05-15,Completed
54153,10936,2026-02-07,Completed
54154,10647,2026-03-09,Completed
54155,10927,2026-01-19,Completed
54156,10938,2026-01-22,Completed
54157,10766,2025-04-30,Completed
54158,10368,2026-09-04,Completed
54159,10482,2025-11-19,Cancelled
54160,10758,2025-07-08,Cancelled
54161,10188,2026-09-16,Completed
54162,10249,2025-10-29,Completed
54163,10031,2026-05-26,Completed
54164,10894,2025-11-07,Completed
54165,10662,2025-11-30,Completed
54166,10237,2026-03-24,Completed
54167,10103,2025-08-26,Completed
54168,10328,2026-05-16,Completed
54169,10967,2025-10-22,Completed
54170,10369,2025-04-15,Completed
54171,10820,2026-09-03,Completed
54172,10729,2026-02-08,Completed
54173,10197,2025-04-04,Cancelled
54174,10072,2026-04-29,Completed
54175,10768,2025-05-27,Completed
54176,10463,2025-06-10,Completed
54177,10286,2026-07-13,Completed
54178,10602,2026-07-24,Completed
54179,10654,2026-07-22,Completed
54180,10188,2025-11-09,Completed
54181,10834,2025-05-24,Completed
54182,10328,2026-02-20,Completed
54183,10500,2026-05-16,Completed
54184,10094,2025-03-10,Completed
54185,10912,2026-06-26,Completed
54186,10051,2025-11-12,Completed
54187,10274,2026-04-11,Completed
54188,10473,2026-01-10,Completed
54189,10378,2025-05-25,Completed
54190,10863,2025-10-30,Completed
54191,10779,2026-04-18,Completed
54192,10571,2026-08-08,Completed
54193,10276,2026-09-10,Completed
54194,10353,2026-05-16,Completed
54195,10032,2025-07-19,Completed
54196,10232,2025-03-27,Completed
54197,10072,2025-07-25,Completed
54198,10629,2026-09-08,Pending
54199,10436,2025-02-08,Completed
54200,10503,2025-06-29,Completed
54201,10552,2025-12-28,Completed
54202,10482,2026-05-02,Completed
54203,10297,2026-07-23,Completed
54204,10330,2025-03-06,Completed
54205,10132,2025-11-10,Completed
54206,10822,2025-08-06,Cancelled
54207,10710,2026-05-10,Completed
54208,10773,2025-02-21,Completed
54209,10560,2025-04-20,Completed
54210,10663,2025-07-12,Completed
54211,10859,2026-05-24,Completed
54212,10482,2026-01-23,Cancelled
54213,10585,2026-02-12,Completed
54214,10070,2025-11-14,Completed
54215,10802,2025-05-20,Completed
54216,10564,2026-01-21,Completed
54217,10438,2025-12-16,Completed
54218,10576,2026-08-23,Completed
54219,10668,2025-04-25,Completed
54220,10586,2025-12-15,Completed
54221,10567,2026-06-29,Cancelled
54222,10823,2025-12-15,Completed
54223,10682,2026-07-08,Completed
54224,10646,2025-10-25,Cancelled
54225,10176,2025-10-29,Completed
54226,10719,2026-06-11,Completed
54227,10312,2026-09-22,Completed
54228,10572,2026-03-25,Completed
54229,10905,2026-01-15,Completed
54230,10884,2025-12-03,Completed
54231,10562,2026-06-17,Completed
54232,10512,2025-04-24,Completed
54233,10057,2025-05-27,Completed
54234,10736,2026-04-19,Completed
54235,10597,2025-03-17,Completed
54236,10315,2026-07-08,Completed
54237,10597,2026-04-08,Cancelled
54238,10462,2025-12-03,Completed
54239,10524,2025-09-26,Cancelled
54240,10800,2025-09-30,Completed
54241,10218,2026-05-24,Completed
54242,10169,2026-02-05,Pending
54243,10115,2025-07-06,Completed
54244,10623,2025-08-03,Completed
54245,10365,2026-03-21,Completed
54246,10125,2025-03-25,Completed
54247,10597,2026-05-19,Completed
54248,10091,2025-12-11,Completed
54249,10881,2025-01-24,Completed
54250,10602,2026-08-10,Completed
54251,10173,2025-04-18,Completed
54252,10567,2026-01-15,Completed
54253,10557,2026-03-12,Cancelled
54254,10576,2025-08-15,Completed
54255,10390,2025-11-17,Completed
54256,10533,2025-01-22,Completed
54257,10464,2025-01-13,Completed
54258,10650,2025-07-19,Completed
54259,10413,2025-05-05,Completed
54260,10253,2026-08-22,Completed
54261,10263,2026-06-30,Completed
54262,10562,2026-05-01,Completed
54263,10629,2025-11-19,Completed
54264,10258,2026-03-13,Completed
54265,10064,2026-06-28,Completed
54266,10529,2025-04-14,Completed
54267,10695,2025-02-13,Completed
54268,10065,2025-05-19,Completed
54269,10693,2025-07-31,Completed
54270,10900,2026-06-28,Completed
54271,10397,2026-02-16,Completed
54272,10446,2025-08-11,Completed
54273,10505,2026-09-06,Completed
54274,10261,2025-12-28,Completed
54275,10605,2025-01-08,Completed
54276,10536,2026-03-17,Completed
54277,10617,2025-10-26,Completed
54278,10262,2025-12-09,Completed
54279,10810,2025-09-03,Completed
54280,10560,2026-01-01,Completed
54281,10870,2025-04-14,Completed
54282,10261,2026-09-21,Completed
54283,10147,2026-06-05,Cancelled
54284,10473,2025-07-06,Completed
54285,10844,2026-07-12,Completed
54286,10996,2026-01-23,Completed
54287,10367,2025-09-13,Completed
54288,10516,2026-01-22,Completed
54289,10272,2026-02-27,Completed
54290,10888,2026-04-18,Pending
54291,10340,2025-07-29,Completed
54292,10863,2025-11-03,Completed
54293,10280,2026-01-18,Pending
54294,10041,2026-07-28,Completed
54295,10149,2025-08-08,Completed
54296,10156,2026-03-06,Completed
54297,10147,2026-06-06,Completed
54298,10277,2025-09-23,Completed
54299,10455,2026-06-26,Completed
54300,10243,2025-11-21,Completed
54301,10925,2026-08-13,Completed
54302,10788,2026-03-05,Completed
54303,10276,2026-09-14,Completed
54304,10670,2025-01-04,Completed
54305,10180,2026-07-04,Completed
54306,10293,2026-09-21,Completed
54307,10757,2025-11-24,Completed
54308,10372,2025-08-31,Completed
54309,10758,2026-07-05,Completed
54310,10456,2026-05-18,Completed
54311,10280,2025-07-21,Completed
54312,10966,2026-07-21,Pending
54313,10984,2025-04-19,Completed
54314,10832,2025-10-05,Completed
54315,10757,2025-02-05,Completed
54316,10945,2026-08-28,Completed
54317,10517,2025-03-08,Completed
54318,10217,2026-04-27,Completed
54319,10738,2026-06-09,Completed
54320,10245,2026-02-19,Completed
54321,10477,2025-01-15,Completed
54322,10102,2025-01-09,Completed
54323,10610,2025-04-26,Cancelled
54324,10372,2026-06-09,Completed
54325,10863,2025-01-24,Completed
54326,10141,2025-05-17,Completed
54327,10777,2025-02-10,Cancelled
54328,10072,2025-06-24,Completed
54329,10245,2025-03-29,Completed
54330,10705,2025-12-31,Completed
54331,10147,2025-10-02,Completed
54332,10070,2025-02-27,Completed
54333,10494,2026-08-29,Completed
54334,10288,2026-08-02,Completed
54335,10286,2025-09-03,Completed
54336,10628,2025-03-02,Completed
54337,10692,2025-11-13,Completed
54338,10618,2025-05-28,Completed
54339,10292,2026-04-22,Completed
54340,10712,2026-07-26,Completed
54341,10736,2025-09-19,Completed
54342,10563,2025-07-29,Completed
54343,10390,2026-05-23,Completed
54344,10787,2025-07-09,Completed
54345,10279,2025-08-08,Completed
54346,10108,2026-07-01,Completed
54347,10058,2025-07-17,Completed
54348,10520,2025-04-12,Completed
54349,10228,2026-05-02,Completed
54350,10539,2026-04-05,Completed
54351,10175,2025-06-05,Completed
54352,10034,2025-12-10,Completed
54353,10249,2026-03-01,Completed
54354,10077,2026-01-05,Completed
54355,10958,2026-08-21,Completed
54356,10360,2026-05-03,Completed
54357,10032,2025-04-09,Completed
54358,10149,2026-07-31,Pending
54359,10029,2026-04-18,Completed
54360,10462,2025-07-14,Completed
54361,10037,2026-04-08,Completed
54362,10101,2025-07-29,Completed
54363,10399,2025-02-12,Completed
54364,10474,2025-03-19,Completed
54365,10496,2025-07-10,Completed
54366,10797,2025-09-17,Completed
54367,10919,2025-10-14,Completed
54368,10783,2026-05-23,Completed
54369,10174,2025-03-12,Completed
54370,10007,2025-09-20,Completed
54371,10421,2025-05-29,Completed
54372,10749,2025-10-28,Completed
54373,10930,2025-05-15,Completed
54374,10156,2026-02-11,Completed
54375,10366,2025-08-08,Cancelled
54376,10285,2025-03-26,Completed
54377,10714,2025-01-18,Completed
54378,10323,2026-04-02,Completed
54379,10476,2025-07-04,Completed
54380,10025,2025-07-07,Completed
54381,10610,2025-11-20,Completed
54382,10921,2026-04-27,Completed
54383,10635,2026-09-10,Completed
54384,10698,2025-01-25,Pending
54385,10655,2025-10-04,Cancelled
54386,10818,2026-01-03,Completed
54387,10373,2026-01-27,Completed
54388,10116,2026-08-12,Completed
54389,10334,2026-07-04,Completed
54390,10834,2025-06-24,Completed
54391,10533,2026-02-19,Pending
54392,10681,2026-09-14,Completed
54393,10880,2025-09-19,Completed
54394,10436,2026-06-11,Completed
54395,10138,2026-04-20,Completed
54396,10064,2025-01-10,Completed
54397,10285,2026-04-13,Completed
54398,10506,2025-08-25,Completed
54399,10641,2025-04-01,Pending
54400,10119,2025-02-03,Completed
54401,10608,2026-08-04,Completed
54402,10443,2025-02-14,Completed
54403,10562,2026-06-26,Cancelled
54404,10758,2025-07-26,Completed
54405,10960,2025-05-11,Completed
54406,10775,2025-08-24,Completed
54407,10284,2026-03-24,Completed
54408,10942,2025-02-10,Completed
54409,10127,2026-08-11,Pending
54410,10423,2025-10-08,Completed
54411,10158,2025-01-10,Completed
54412,10998,2025-07-24,Completed
54413,10492,2025-06-01,Completed
54414,10381,2025-12-03,Completed
54415,10219,2025-08-12,Completed
54416,10023,2026-07-16,Completed
54417,10263,2025-10-26,Completed
54418,10992,2026-04-10,Completed
54419,10121,2025-01-05,Completed
54420,10516,2026-08-05,Pending
54421,10132,2025-05-02,Completed
54422,10002,2026-08-17,Pending
54423,10841,2026-01-29,Completed
54424,10729,2025-06-05,Completed
54425,10152,2026-05-22,Completed
54426,10459,2026-08-19,Completed
54427,10942,2026-08-15,Completed
54428,10727,2026-09-25,Completed
54429,10009,2025-12-11,Completed
54430,10988,2025-03-26,Cancelled
54431,10855,2026-07-15,Completed
54432,11000,2026-02-02,Completed
54433,10056,2026-09-04,Completed
54434,10972,2026-06-12,Completed
54435,10234,2026-03-21,Completed
54436,10103,2025-09-08,Pending
54437,10093,2025-04-09,Completed
54438,10094,2025-04-05,Completed
54439,10550,2026-01-14,Completed
54440,10348,2025-05-25,Completed
54441,10962,2025-11-13,Completed
54442,10022,2025-09-24,Completed
54443,10647,2025-03-12,Completed
54444,10340,2025-09-02,Completed
54445,10423,2026-04-03,Completed
54446,10941,2026-09-14,Completed
54447,10297,2025-10-07,Completed
54448,10440,2025-06-01,Completed
54449,10102,2026-07-18,Completed
54450,10877,2025-01-17,Completed
54451,10684,2026-07-07,Cancelled
54452,10666,2025-06-05,Cancelled
54453,10636,2026-06-10,Completed
54454,10920,2025-10-23,Pending
54455,10160,2026-02-05,Completed
54456,10526,2026-05-28,Cancelled
54457,10498,2025-11-29,Cancelled
54458,10467,2026-01-03,Completed
54459,10205,2025-11-16,Completed
54460,10929,2025-12-19,Pending
54461,10021,2025-10-29,Completed
54462,10608,2026-07-28,Pending
54463,10545,2025-12-06,Completed
54464,10125,2026-03-05,Cancelled
54465,10611,2025-12-02,Completed
54466,10022,2026-02-12,Completed
54467,10034,2026-04-21,Completed
54468,10233,2025-09-28,Completed
54469,10027,2025-03-29,Completed
54470,10256,2025-05-27,Completed
54471,10031,2025-06-29,Completed
54472,10897,2026-08-05,Completed
54473,10923,2026-03-14,Completed
54474,10100,2025-01-31,Completed
54475,10279,2026-06-30,Completed
54476,10013,2026-03-16,Completed
54477,10342,2025-09-22,Completed
54478,10707,2025-11-09,Completed
54479,10889,2026-03-27,Completed
54480,10233,2025-11-04,Completed
54481,10965,2025-04-20,Completed
54482,10352,2025-01-08,Completed
54483,10697,2025-07-29,Pending
54484,10326,2025-06-02,Completed
54485,10372,2026-03-08,Completed
54486,10999,2026-07-02,Completed
54487,10939,2025-04-14,Completed
54488,10138,2026-04-15,Completed
54489,10192,2026-04-09,Pending
54490,10505,2026-03-05,Completed
54491,10406,2025-12-26,Cancelled
54492,10773,2025-06-06,Completed
54493,10292,2025-03-20,Pending
54494,10609,2026-03-29,Cancelled
54495,10422,2026-07-13,Completed
54496,10845,2025-10-04,Completed
54497,10309,2026-04-24,Completed
54498,10645,2026-08-16,Completed
54499,10218,2025-01-16,Completed
54500,10974,2025-04-22,Completed
54501,10320,2026-08-03,Completed
54502,10318,2025-05-30,Completed
54503,10329,2025-10-06,Completed
54504,10325,2025-11-11,Completed
54505,10874,2026-01-23,Completed
54506,10945,2025-06-04,Completed
54507,10781,2026-03-20,Completed
54508,10594,2025-12-31,Completed
54509,10273,2025-06-26,Completed
54510,10416,2025-10-11,Completed
54511,10628,2025-04-01,Completed
54512,10110,2026-09-20,Completed
54513,10207,2026-07-18,Completed
54514,10156,2025-09-13,Completed
54515,10649,2025-08-28,Completed
54516,10358,2026-08-24,Completed
54517,10499,2026-05-30,Completed
54518,10705,2026-06-25,Completed
54519,10576,2026-03-06,Completed
54520,10989,2026-02-19,Completed
54521,10762,2025-12-22,Completed
54522,10807,2025-02-14,Completed
54523,10169,2026-01-15,Completed
54524,10640,2025-10-13,Completed
54525,10708,2025-09-11,Completed
54526,10130,2026-02-16,Completed
54527,10597,2026-06-25,Completed
54528,10814,2025-09-03,Completed
54529,10109,2026-06-02,Completed
54530,10987,2025-07-27,Completed
54531,11000,2025-07-26,Completed
54532,10451,2026-08-30,Completed
54533,10908,2025-02-20,Completed
54534,10799,2025-02-03,Cancelled
54535,10222,2026-05-02,Completed
54536,10253,2026-05-24,Completed
54537,10578,2026-04-23,Completed
54538,10550,2025-02-16,Completed
54539,10115,2026-02-02,Cancelled
54540,10167,2025-12-30,Completed
54541,10602,2025-02-22,Completed
54542,10275,2026-08-19,Completed
54543,10838,2026-04-23,Completed
54544,10348,2026-01-09,Cancelled
54545,10613,2025-03-20,Completed
54546,10444,2025-08-17,Completed
54547,10172,2025-05-03,Completed
54548,10920,2026-07-26,Completed
54549,10856,2026-03-31,Completed
54550,10003,2025-05-21,Completed
54551,10588,2025-02-27,Completed
54552,10468,2026-03-02,Completed
54553,10030,2026-06-09,Completed
54554,10601,2025-06-08,Completed
54555,10215,2026-09-03,Completed
54556,10577,2026-01-29,Completed
54557,10491,2025-05-04,Completed
54558,10485,2025-08-21,Completed
54559,10872,2026-07-28,Completed
54560,10894,2025-01-08,Completed
54561,10300,2025-01-16,Completed
54562,10694,2026-01-11,Completed
54563,10466,2026-05-28,Completed
54564,10175,2025-09-21,Completed
54565,10309,2025-05-19,Completed
54566,10414,2025-07-10,Completed
54567,10814,2026-02-05,Completed
54568,10779,2026-01-29,Completed
54569,10756,2026-07-19,Completed
54570,10458,2026-02-12,Completed
54571,10022,2026-03-30,Completed
54572,10378,2026-03-24,Completed
54573,10129,2026-08-15,Completed
54574,10910,2026-01-09,Completed
54575,10937,2025-05-26,Completed
54576,10059,2025-04-29,Completed
54577,10889,2025-05-29,Completed
54578,10004,2025-01-10,Completed
54579,10386,2026-06-20,Completed
54580,10888,2025-06-10,Completed
54581,10225,2025-04-26,Completed
54582,10854,2026-08-15,Completed
54583,10533,2025-10-27,Completed
54584,10235,2025-01-11,Completed
54585,10117,2026-03-12,Completed
54586,10799,2025-01-16,Completed
54587,10242,2025-05-31,Completed
54588,10907,2026-01-22,Completed
54589,10386,2026-07-18,Pending
54590,10675,2026-02-18,Completed
54591,10260,2026-09-22,Completed
54592,10245,2026-07-18,Completed
54593,10003,2025-01-18,Completed
54594,10874,2025-10-10,Cancelled
54595,10431,2025-06-09,Completed
54596,10810,2026-08-23,Completed
54597,10844,2025-05-06,Completed
54598,10262,2025-12-12,Completed
54599,10757,2025-04-24,Completed
54600,10760,2026-04-05,Cancelled
54601,10348,2025-04-11,Completed
54602,10585,2026-07-31,Completed
54603,10106,2026-01-06,Completed
54604,10393,2025-02-16,Completed
54605,10801,2026-04-18,Completed
54606,10715,2025-01-20,Completed
54607,10776,2026-03-22,Completed
54608,10836,2026-01-14,Completed
54609,10433,2026-04-19,Completed
54610,10040,2025-03-08,Completed
54611,10030,2025-07-28,Completed
54612,10499,2025-05-06,Completed
54613,10798,2026-05-08,Completed
54614,10626,2025-08-24,Completed
54615,10703,2025-08-10,Completed
54616,10332,2025-08-22,Completed
54617,10764,2026-03-29,Completed
54618,10080,2025-11-05,Completed
54619,10341,2026-04-16,Completed
54620,10403,2025-06-15,Completed
54621,10351,2026-02-08,Completed
54622,10418,2025-06-01,Cancelled
54623,10198,2026-06-13,Completed
54624,10996,2026-04-05,Completed
54625,10267,2025-01-11,Completed
54626,10888,2025-07-31,Completed
54627,10942,2025-07-31,Cancelled
54628,10219,2026-07-16,Pending
54629,10416,2026-03-04,Completed
54630,10380,2025-05-09,Completed
54631,10523,2026-06-01,Completed
54632,10596,2026-02-21,Cancelled
54633,10671,2025-09-27,Completed
54634,10936,2026-02-07,Completed
54635,10245,2025-02-28,Completed
54636,10772,2025-08-29,Completed
54637,10369,2025-01-27,Completed
54638,10942,2026-09-11,Completed
54639,10476,2026-08-15,Completed
54640,10094,2025-12-02,Completed
54641,10454,2025-09-21,Completed
54642,10329,2025-11-26,Completed
54643,10063,2026-05-01,Completed
54644,10877,2026-05-27,Completed
54645,10368,2025-06-12,Completed
54646,10085,2025-01-29,Completed
54647,10772,2025-09-23,Completed
54648,10188,2025-08-04,Completed
54649,10741,2025-05-14,Completed
54650,10218,2025-03-03,Completed
54651,10181,2025-05-31,Completed
54652,10117,2025-03-18,Completed
54653,10821,2026-05-17,Completed
54654,10132,2026-05-19,Completed
54655,10172,2025-10-29,Completed
54656,10878,2026-01-16,Completed
54657,10283,2026-07-20,Completed
54658,10549,2025-02-03,Completed
54659,10938,2026-03-12,Pending
54660,10009,2026-08-22,Completed
54661,10187,2025-01-31,Cancelled
54662,10738,2026-08-06,Completed
54663,10018,2025-09-30,Completed
54664,10414,2026-05-23,Completed
54665,10064,2026-07-14,Completed
54666,10079,2026-04-21,Cancelled
54667,10749,2025-08-10,Completed
54668,10091,2025-07-18,Completed
54669,10767,2025-12-17,Completed
54670,10939,2025-10-26,Completed
54671,10220,2026-02-28,Completed
54672,10193,2025-10-14,Completed
54673,10238,2025-04-26,Completed
54674,10447,2026-07-31,Completed
54675,10449,2025-09-05,Cancelled
54676,10005,2025-08-16,Pending
54677,10034,2026-02-12,Completed
54678,10342,2025-03-04,Completed
54679,10372,2026-09-20,Completed
54680,10543,2025-04-22,Completed
54681,10233,2026-09-12,Completed
54682,10462,2025-06-11,Pending
54683,10493,2026-07-08,Completed
54684,10169,2026-08-10,Completed
54685,10406,2025-12-23,Completed
54686,10314,2026-07-31,Completed
54687,10064,2026-03-17,Completed
54688,10455,2025-12-06,Completed
54689,10456,2025-06-20,Completed
54690,10322,2025-07-30,Completed
54691,10279,2026-08-24,Completed
54692,10455,2025-01-01,Completed
54693,10539,2025-11-05,Completed
54694,10429,2026-05-23,Pending
54695,10743,2025-01-23,Completed
54696,10538,2025-04-16,Completed
54697,10836,2025-06-25,Completed
54698,10172,2025-03-21,Cancelled
54699,10765,2025-11-03,Cancelled
54700,10251,2025-02-03,Completed
54701,10533,2025-02-05,Completed
54702,10180,2025-06-10,Completed
54703,10205,2025-07-31,Completed
54704,10956,2025-09-08,Completed
54705,10045,2026-01-19,Cancelled
54706,10798,2025-12-19,Completed
54707,10064,2026-09-26,Cancelled
54708,10241,2025-12-12,Completed
54709,10788,2025-02-04,Completed
54710,10419,2026-06-01,Completed
54711,10799,2025-10-19,Completed
54712,10219,2025-07-18,Completed
54713,10261,2025-06-16,Completed
54714,10262,2025-06-17,Completed
54715,10145,2026-07-05,Completed
54716,10560,2026-07-06,Pending
54717,10243,2025-05-10,Completed
54718,10778,2025-10-04,Completed
54719,10874,2025-02-28,Completed
54720,10353,2026-09-05,Completed
54721,10902,2026-09-19,Completed
54722,10147,2025-02-27,Completed
54723,10257,2026-05-24,Completed
54724,10082,2026-04-16,Completed
54725,10390,2025-06-13,Completed
54726,10018,2025-07-06,Completed
54727,10856,2025-04-06,Completed
54728,10895,2025-12-17,Completed
54729,10788,2026-08-24,Completed
54730,10414,2025-03-19,Completed
54731,10108,2026-01-17,Completed
54732,10416,2026-03-10,Completed
54733,10291,2025-11-23,Completed
54734,10843,2026-02-13,Completed
54735,10114,2025-05-26,Completed
54736,10884,2026-03-12,Completed
54737,10799,2025-08-23,Completed
54738,10562,2025-06-12,Completed
54739,10874,2025-10-03,Completed
54740,10151,2025-03-04,Completed
54741,10683,2025-03-06,Completed
54742,10243,2025-12-06,Completed
54743,10332,2025-10-05,Completed
54744,10762,2025-04-13,Completed
54745,10116,2025-09-01,Completed
54746,10054,2026-03-29,Completed
54747,10581,2025-05-24,Completed
54748,10595,2025-05-10,Completed
54749,10729,2025-05-15,Completed
54750,10101,2026-07-13,Completed
54751,10809,2025-11-26,Completed
54752,10533,2025-04-23,Completed
54753,10718,2025-01-08,Completed
54754,10533,2026-05-20,Completed
54755,10493,2026-01-27,Completed
54756,10210,2025-08-02,Cancelled
54757,10747,2026-08-27,Completed
54758,10553,2025-12-29,Completed
54759,10863,2025-02-28,Completed
54760,10467,2026-07-10,Completed
54761,10958,2025-10-09,Completed
54762,10515,2026-05-31,Completed
54763,10381,2026-06-24,Completed
54764,10821,2026-07-09,Completed
54765,10762,2026-03-24,Completed
54766,10482,2026-02-19,Completed
54767,10022,2026-06-05,Completed
54768,10484,2026-08-22,Completed
54769,10384,2025-08-10,Completed
54770,10621,2025-11-23,Completed
54771,10091,2026-08-23,Completed
54772,10550,2025-06-26,Completed
54773,10372,2025-04-19,Completed
54774,10375,2026-02-20,Completed
54775,10878,2025-11-04,Completed
54776,10547,2025-07-13,Completed
54777,10270,2025-07-04,Completed
54778,10100,2025-06-23,Completed
54779,10261,2025-10-08,Completed
54780,10561,2025-06-29,Completed
54781,10778,2026-09-13,Completed
54782,10427,2025-06-24,Completed
54783,10449,2025-05-18,Completed
54784,10001,2025-12-17,Completed
54785,10058,2026-08-18,Completed
54786,10206,2025-03-10,Completed
54787,10297,2025-02-10,Completed
54788,10245,2025-03-18,Completed
54789,10749,2026-08-12,Completed
54790,10389,2025-07-25,Completed
54791,10184,2025-06-14,Completed
54792,10463,2025-03-30,Cancelled
54793,10237,2025-01-06,Completed
54794,10431,2025-01-22,Cancelled
54795,10156,2026-05-13,Completed
54796,10335,2025-10-15,Completed
54797,10922,2026-03-05,Completed
54798,10059,2026-03-23,Completed
54799,10410,2025-08-12,Completed
54800,10691,2025-12-29,Completed
54801,10562,2025-08-22,Completed
54802,10213,2026-03-10,Completed
54803,10817,2025-05-31,Completed
54804,10653,2025-07-30,Pending
54805,10881,2026-02-25,Completed
54806,10628,2026-09-25,Completed
54807,10690,2026-03-22,Completed
54808,10936,2025-04-12,Completed
54809,10292,2025-10-22,Completed
54810,10740,2026-04-16,Completed
54811,10470,2026-02-02,Completed
54812,10481,2026-03-07,Cancelled
54813,10743,2026-03-09,Completed
54814,10219,2025-09-15,Completed
54815,10188,2025-02-16,Completed
54816,10874,2025-03-13,Completed
54817,10847,2025-04-13,Completed
54818,10447,2025-03-30,Completed
54819,10494,2026-09-23,Completed
54820,10178,2025-07-07,Completed
54821,10174,2026-07-28,Completed
54822,10325,2025-10-01,Completed
54823,10497,2025-08-13,Completed
54824,10437,2025-12-10,Completed
54825,10500,2026-02-03,Completed
54826,10453,2025-01-12,Completed
54827,10863,2026-07-03,Completed
54828,10239,2025-05-21,Completed
54829,10560,2025-10-15,Completed
54830,10179,2026-06-13,Completed
54831,10684,2025-03-06,Completed
54832,10976,2025-01-04,Completed
54833,10242,2025-12-12,Completed
54834,10329,2025-10-02,Completed
54835,10410,2025-10-13,Completed
54836,10772,2026-09-10,Completed
54837,10790,2026-08-19,Completed
54838,10481,2025-03-21,Completed
54839,10436,2025-11-09,Completed
54840,10631,2026-02-25,Completed
54841,10309,2026-04-12,Completed
54842,10900,2025-09-26,Completed
54843,10459,2026-02-10,Completed
54844,10093,2026-04-08,Completed
54845,10962,2025-12-26,Completed
54846,10272,2026-03-01,Completed
54847,10145,2026-02-02,Completed
54848,10419,2025-03-10,Completed
54849,10312,2025-03-31,Completed
54850,10807,2026-09-16,Completed
54851,10936,2025-06-02,Completed
54852,10922,2025-06-20,Completed
54853,10120,2026-06-14,Completed
54854,10046,2026-04-11,Completed
54855,10830,2026-01-30,Completed
54856,10976,2026-01-08,Completed
54857,10877,2025-02-04,Completed
54858,10040,2025-09-11,Completed
54859,10910,2026-08-30,Completed
54860,10225,2026-02-10,Completed
54861,10447,2025-08-05,Completed
54862,10419,2025-05-04,Completed
54863,10149,2025-07-07,Completed
54864,10882,2026-05-02,Cancelled
54865,10627,2025-03-25,Completed
54866,10761,2026-04-08,Completed
54867,10503,2025-12-03,Completed
54868,10749,2026-09-05,Completed
54869,10051,2026-04-28,Completed
54870,10562,2025-07-29,Completed
54871,10802,2026-06-12,Completed
54872,10859,2026-05-31,Completed
54873,10987,2025-01-25,Completed
54874,10329,2025-11-27,Completed
54875,10837,2025-11-06,Completed
54876,10152,2025-05-01,Completed
54877,10064,2026-07-29,Completed
54878,10677,2025-03-21,Completed
54879,10416,2026-03-30,Completed
54880,10410,2025-07-11,Completed
54881,10755,2026-02-16,Completed
54882,10568,2025-01-16,Completed
54883,10941,2026-08-18,Completed
54884,10758,2026-06-06,Completed
54885,10091,2026-08-04,Completed
54886,10929,2026-05-18,Completed
54887,10166,2025-11-27,Pending
54888,10759,2025-08-27,Completed
54889,10459,2025-01-07,Completed
54890,10812,2025-11-12,Completed
54891,10177,2026-08-25,Completed
54892,10032,2026-08-29,Completed
54893,10953,2025-08-29,Pending
54894,10096,2025-09-01,Pending
54895,10319,2026-09-08,Completed
54896,10123,2026-01-03,Completed
54897,10597,2026-03-05,Completed
54898,10991,2026-09-06,Completed
54899,10602,2026-07-06,Completed
54900,10002,2025-09-22,Pending
54901,10525,2025-10-06,Completed
54902,10908,2025-10-12,Completed
54903,10261,2025-02-25,Completed
54904,10773,2025-03-19,Completed
54905,10533,2026-03-01,Completed
54906,10850,2025-01-06,Completed
54907,10394,2025-10-05,Completed
54908,10656,2025-12-18,Cancelled
54909,10521,2025-02-23,Completed
54910,10634,2025-09-16,Cancelled
54911,10571,2025-05-26,Cancelled
54912,10638,2025-04-06,Completed
54913,10213,2026-04-05,Completed
54914,10125,2025-02-25,Cancelled
54915,10976,2026-02-27,Completed
54916,10048,2025-02-19,Completed
54917,10507,2026-07-07,Completed
54918,10626,2025-03-09,Completed
54919,10416,2026-06-26,Completed
54920,10944,2026-07-18,Completed
54921,10860,2025-10-31,Completed
54922,10836,2025-12-01,Completed
54923,10032,2025-01-20,Completed
54924,10509,2026-08-17,Pending
54925,10950,2025-07-08,Completed
54926,10467,2025-10-10,Completed
54927,10430,2025-01-03,Completed
54928,10585,2025-04-26,Completed
54929,10880,2026-01-30,Completed
54930,10177,2026-04-29,Completed
54931,10145,2026-07-25,Completed
54932,10146,2025-01-18,Completed
54933,10132,2025-02-28,Completed
54934,10797,2026-03-08,Completed
54935,10894,2025-09-28,Completed
54936,10233,2026-09-02,Completed
54937,10635,2025-09-17,Completed
54938,10516,2026-05-12,Cancelled
54939,10092,2025-01-12,Completed
54940,10310,2025-05-27,Completed
54941,10641,2026-01-18,Completed
54942,10587,2026-08-23,Completed
54943,10925,2025-08-17,Completed
54944,10263,2025-07-07,Completed
54945,10280,2026-04-08,Completed
54946,10806,2025-03-02,Completed
54947,10394,2026-04-05,Completed
54948,10915,2025-10-28,Completed
54949,10332,2025-11-12,Completed
54950,10376,2026-03-12,Completed
54951,10744,2026-06-30,Completed
54952,10779,2025-10-13,Completed
54953,10968,2026-02-14,Completed
54954,10287,2026-06-07,Completed
54955,10131,2026-08-07,Completed
54956,10499,2026-06-15,Completed
54957,10936,2026-02-14,Completed
54958,10999,2025-05-11,Completed
54959,10043,2026-02-17,Completed
54960,10593,2026-06-26,Completed
54961,10576,2025-05-13,Completed
54962,10326,2026-05-12,Pending
54963,10844,2025-06-28,Completed
54964,10056,2025-09-20,Completed
54965,10519,2025-07-08,Completed
54966,10423,2026-09-27,Completed
54967,10404,2026-02-12,Completed
54968,10456,2026-08-06,Completed
54969,10184,2025-12-20,Completed
54970,10984,2026-09-08,Completed
54971,10166,2026-09-10,Completed
54972,10715,2025-09-11,Completed
54973,10743,2026-05-04,Completed
54974,10416,2026-06-12,Completed
54975,10496,2026-09-18,Completed
54976,10912,2026-03-21,Completed
54977,10132,2025-09-18,Completed
54978,10054,2025-09-15,Cancelled
54979,10802,2025-04-08,Completed
54980,10592,2025-07-14,Pending
54981,10589,2025-06-08,Pending
54982,10417,2025-01-31,Completed
54983,10071,2025-11-01,Completed
54984,10976,2026-04-23,Cancelled
54985,10156,2026-09-24,Completed
54986,10942,2025-11-09,Completed
54987,10643,2025-02-04,Completed
54988,10714,2026-08-01,Completed
54989,10317,2025-01-18,Completed
54990,10801,2026-05-23,Completed
54991,10894,2026-07-11,Completed
54992,10036,2026-09-20,Completed
54993,10629,2026-01-28,Completed
54994,10731,2025-05-19,Completed
54995,10013,2026-09-28,Pending
54996,10632,2025-02-26,Completed
54997,10245,2025-08-26,Completed
54998,10932,2026-03-13,Completed
54999,10940,2025-04-15,Completed
55000,10276,2026-09-28,Completed
