payment_id,order_id,amount,payment_method,payment_status,payment_date
1,50001,21967.5,Net Banking,Paid,2026-08-19
2,50002,5700.0,UPI,Paid,2026-07-01
3,50003,23200,Debit Card,Paid,2025-11-03
4,50004,37800,Debit Card,Paid,2026-08-10
5,50005,2750,UPI,Paid,2026-06-17
6,50006,2660.0,Net Banking,Paid,2026-06-13
7,50007,54700,Debit Card,Paid,2026-01-05
8,50008,3250,Debit Card,Paid,2026-03-12
9,50009,13645.0,Credit Card,Paid,2025-03-05
10,50010,5000,Credit Card,Paid,2025-08-08
11,50011,5200,Cash on Delivery,Paid,2026-06-23
12,50012,475.0,Debit Card,Paid,2026-02-09
13,50013,112890.0,UPI,Pending,2026-03-10
14,50014,68450,UPI,Paid,2026-05-17
15,50015,135802.5,Net Banking,Paid,2025-06-16
16,50016,23800,Net Banking,Paid,2026-04-14
17,50017,3190.0,Net Banking,Paid,2026-06-26
18,50018,475.0,Credit Card,Paid,2026-04-30
19,50019,5070.0,Credit Card,Paid,2026-07-27
20,50020,28035.0,Net Banking,Paid,2026-09-09
21,50021,6375.0,Credit Card,Paid,2026-01-14
22,50022,7400.0,Credit Card,Paid,2025-06-06
23,50023,5385.0,Credit Card,Paid,2026-01-19
24,50024,19380.0,UPI,Paid,2025-05-27
25,50026,11300,Cash on Delivery,Paid,2025-10-18
26,50027,16387.5,UPI,Paid,2026-05-16
27,50028,2602.5,Cash on Delivery,Paid,2025-03-11
28,50029,15247.5,Debit Card,Paid,2026-08-10
29,50030,16000,Credit Card,Paid,2025-12-12
30,50031,997.5,Credit Card,Paid,2026-09-13
31,50032,950.0,UPI,Paid,2026-04-17
32,50033,126440.0,UPI,Paid,2025-06-02
33,50034,1600,Cash on Delivery,Paid,2026-02-24
34,50035,4322.5,Cash on Delivery,Paid,2025-12-14
35,50036,1805.0,UPI,Paid,2026-03-30
36,50037,68300,Credit Card,Paid,2025-06-19
37,50038,2800,Debit Card,Paid,2025-11-13
38,50039,43345.0,UPI,Paid,2026-07-27
39,50040,1650,Credit Card,Paid,2026-07-09
40,50041,64905.0,Credit Card,Paid,2026-08-07
41,50043,18035.0,Credit Card,Paid,2026-06-29
42,50044,2232.5,Cash on Delivery,Paid,2025-07-30
43,50045,1650,Credit Card,Paid,2026-08-17
44,50046,2280.0,Debit Card,Paid,2026-09-14
45,50047,12815.0,Debit Card,Paid,2026-05-19
46,50048,665.0,Credit Card,Paid,2026-03-24
47,50049,675.0,Credit Card,Paid,2026-06-25
48,50050,6050,Debit Card,Pending,2025-04-28
49,50051,20715.0,UPI,Paid,2025-10-20
50,50052,9147.5,UPI,Paid,2025-04-02
51,50053,1000,Debit Card,Paid,2025-06-23
52,50054,37450,UPI,Paid,2025-07-05
53,50055,28035.0,UPI,Paid,2026-02-04
54,50056,5900,Credit Card,Paid,2025-11-28
55,50057,5100,Cash on Delivery,Paid,2025-05-04
56,50058,4250.0,Credit Card,Paid,2026-09-04
57,50059,45950,UPI,Paid,2026-06-01
58,50060,5950.0,Credit Card,Paid,2025-03-04
59,50061,58900,UPI,Paid,2025-03-09
60,50063,4800,UPI,Pending,2026-07-22
61,50064,5900.0,Credit Card,Paid,2025-09-10
62,50065,3790.0,UPI,Paid,2025-05-09
63,50066,37450,UPI,Paid,2025-03-27
64,50067,9150,Debit Card,Paid,2025-05-26
65,50068,11347.5,Debit Card,Paid,2025-09-09
66,50069,14480.0,Credit Card,Paid,2026-07-23
67,50070,7360.0,UPI,Pending,2026-04-21
68,50071,24350,Credit Card,Paid,2025-06-21
69,50072,6120.0,Cash on Delivery,Paid,2026-05-09
70,50073,5940.0,Debit Card,Pending,2026-01-25
71,50074,3610.0,UPI,Paid,2025-08-06
72,50075,4450,Debit Card,Paid,2025-02-16
73,50076,2100,Debit Card,Paid,2025-03-13
74,50077,7305.0,Credit Card,Paid,2025-05-06
75,50078,35750.0,Credit Card,Paid,2025-10-14
76,50079,7315.0,Debit Card,Pending,2026-06-01
77,50080,12300,UPI,Paid,2025-12-17
78,50081,8650,Credit Card,Paid,2026-04-09
79,50082,43652.5,Debit Card,Paid,2025-11-26
80,50083,700,Credit Card,Paid,2026-09-06
81,50084,73800,Credit Card,Paid,2025-05-17
82,50085,6412.5,UPI,Paid,2026-05-03
83,50086,5300,Debit Card,Paid,2025-06-27
84,50087,3700,Credit Card,Paid,2026-05-16
85,50088,18450.0,Credit Card,Paid,2025-03-21
86,50089,12550,Net Banking,Paid,2026-04-01
87,50090,8025.0,UPI,Paid,2026-01-21
88,50091,45950,UPI,Paid,2025-07-01
89,50092,19650.0,Credit Card,Paid,2025-01-09
90,50093,4165.0,Credit Card,Paid,2025-07-17
91,50094,48195.0,Net Banking,Paid,2025-01-21
92,50095,15400,UPI,Paid,2026-01-02
93,50096,16512.5,Credit Card,Paid,2025-11-07
94,50097,97160.0,UPI,Pending,2026-05-21
95,50099,4760.0,Debit Card,Paid,2025-08-03
96,50100,1800.0,Cash on Delivery,Paid,2026-02-10
97,50101,665.0,Debit Card,Paid,2026-05-28
98,50102,1140.0,Cash on Delivery,Paid,2026-08-03
99,50103,475.0,Credit Card,Paid,2025-06-29
100,50104,7500,Credit Card,Paid,2025-03-08
101,50106,4322.5,Credit Card,Paid,2025-10-08
102,50107,62705.0,UPI,Paid,2026-06-30
103,50108,1000,UPI,Paid,2026-04-10
104,50109,117650,Credit Card,Paid,2025-02-23
105,50110,500,UPI,Paid,2026-02-21
106,50111,2755.0,UPI,Paid,2026-04-23
107,50114,69510.0,UPI,Paid,2025-11-20
108,50116,68200.0,UPI,Pending,2025-08-20
109,50118,6197.5,Credit Card,Paid,2025-12-04
110,50119,74535.0,Credit Card,Paid,2025-04-10
111,50120,11300,UPI,Paid,2025-01-25
112,50121,4200,Credit Card,Paid,2025-12-09
113,50122,7467.5,UPI,Paid,2026-04-30
114,50123,7615.0,Debit Card,Paid,2025-02-25
115,50125,11565.0,Cash on Delivery,Paid,2026-09-27
116,50126,9270.0,UPI,Paid,2026-04-03
117,50128,1045.0,Debit Card,Paid,2025-03-08
118,50129,4655.0,UPI,Paid,2026-03-29
119,50130,3540.0,UPI,Paid,2026-03-19
120,50131,41210.0,Debit Card,Paid,2026-07-27
121,50132,83850,Debit Card,Paid,2026-02-16
122,50133,9205.0,UPI,Paid,2025-08-27
123,50134,19885.0,UPI,Paid,2025-01-11
124,50135,33887.5,Net Banking,Paid,2026-03-15
125,50136,2790.0,UPI,Paid,2025-12-14
126,50137,7505.0,UPI,Paid,2025-01-27
127,50138,2755.0,Credit Card,Paid,2025-07-17
128,50139,11100,UPI,Paid,2025-03-11
129,50140,16000,Credit Card,Paid,2026-08-10
130,50141,6050,Debit Card,Paid,2025-12-30
131,50142,1995.0,UPI,Paid,2026-04-01
132,50143,8225.0,Credit Card,Paid,2025-02-15
133,50144,4085.0,Credit Card,Paid,2026-03-23
134,50145,8977.5,Credit Card,Paid,2026-01-02
135,50146,29325.0,Debit Card,Paid,2025-05-30
136,50147,5150,UPI,Paid,2025-12-18
137,50148,12825.0,Debit Card,Paid,2026-06-15
138,50149,3285.0,UPI,Paid,2025-02-28
139,50150,18500.0,UPI,Paid,2026-07-27
140,50151,68727.5,UPI,Pending,2025-07-20
141,50152,14302.5,Cash on Delivery,Paid,2025-07-26
142,50153,12855.0,UPI,Paid,2026-05-03
143,50154,5747.5,Net Banking,Paid,2026-09-07
144,50155,8452.5,UPI,Pending,2026-08-03
145,50156,5510.0,Net Banking,Paid,2026-03-05
146,50157,1050,Net Banking,Paid,2025-02-13
147,50158,7000,Debit Card,Paid,2025-08-17
148,50159,2897.5,UPI,Paid,2025-08-07
149,50160,7695.0,UPI,Paid,2025-12-06
150,50161,69500,UPI,Paid,2026-02-14
151,50162,77342.5,Credit Card,Paid,2026-01-07
152,50163,4095.0,Credit Card,Paid,2026-07-23
153,50164,46200,Net Banking,Paid,2025-07-19
154,50165,58500,Debit Card,Paid,2026-01-04
155,50166,2100,Cash on Delivery,Paid,2025-07-22
156,50167,120490.0,Net Banking,Paid,2025-09-26
157,50168,98507.5,Credit Card,Paid,2026-07-22
158,50169,4825.0,Credit Card,Paid,2025-06-30
159,50170,15387.5,UPI,Paid,2025-01-22
160,50171,3102.5,Credit Card,Paid,2025-04-24
161,50172,8400,Cash on Delivery,Paid,2026-04-13
162,50174,3690.0,Credit Card,Paid,2026-03-21
163,50176,44957.5,UPI,Paid,2025-07-14
164,50177,5177.5,Net Banking,Paid,2026-01-19
165,50179,82370.0,Debit Card,Paid,2026-08-25
166,50180,10000,UPI,Paid,2025-06-02
167,50181,69225.0,UPI,Paid,2025-10-14
168,50183,3060.0,Cash on Delivery,Paid,2025-03-25
169,50184,39805.0,UPI,Paid,2026-09-22
170,50185,23460.0,Credit Card,Paid,2026-06-06
171,50186,7770.0,UPI,Paid,2025-07-03
172,50187,4322.5,UPI,Paid,2026-05-10
173,50188,141925.0,UPI,Paid,2025-10-02
174,50189,137000.0,Debit Card,Paid,2026-08-21
175,50190,24555.0,Debit Card,Paid,2025-07-27
176,50191,4957.5,UPI,Paid,2025-08-12
177,50192,170595.0,Cash on Delivery,Paid,2026-08-09
178,50193,16457.5,Cash on Delivery,Paid,2025-09-18
179,50194,4085.0,Debit Card,Paid,2025-03-28
180,50195,1305.0,UPI,Paid,2025-08-24
181,50196,2280.0,Credit Card,Paid,2026-09-29
182,50197,4240.0,UPI,Paid,2026-03-19
183,50198,2000,Credit Card,Paid,2025-11-21
184,50199,19570.0,UPI,Paid,2026-03-29
185,50201,69500,Credit Card,Paid,2026-05-29
186,50203,55165.0,UPI,Paid,2025-03-15
187,50204,1890.0,Credit Card,Paid,2025-12-08
188,50205,125360.0,Net Banking,Paid,2025-11-06
189,50206,2280.0,UPI,Paid,2025-10-09
190,50207,4450,Credit Card,Pending,2025-05-22
191,50209,5150,UPI,Paid,2025-11-03
192,50211,57900,Net Banking,Paid,2025-01-13
193,50212,1650,Net Banking,Paid,2025-06-02
194,50213,138600,Cash on Delivery,Paid,2025-08-03
195,50214,900,UPI,Paid,2026-07-20
196,50215,10800.0,Net Banking,Paid,2026-04-18
197,50216,4700,UPI,Paid,2025-07-12
198,50217,1100,Credit Card,Paid,2026-03-04
199,50218,58610.0,UPI,Paid,2026-07-26
200,50219,23650,UPI,Paid,2025-05-12
201,50220,8315.0,Credit Card,Paid,2026-05-27
202,50221,5985.0,UPI,Paid,2025-12-14
203,50222,8550,Debit Card,Paid,2026-02-18
204,50223,1250,Debit Card,Paid,2025-11-03
205,50225,8380.0,Net Banking,Paid,2025-12-05
206,50226,8497.5,Credit Card,Paid,2026-09-15
207,50227,6935.0,UPI,Paid,2026-01-26
208,50228,1530.0,Debit Card,Paid,2026-07-02
209,50229,6950,Credit Card,Paid,2025-12-03
210,50230,1140.0,Credit Card,Paid,2025-11-08
211,50231,6750,UPI,Paid,2026-07-21
212,50232,15447.5,Debit Card,Paid,2026-09-10
213,50234,8022.5,UPI,Paid,2025-07-30
214,50235,140270.0,Net Banking,Paid,2025-03-13
215,50236,124750,UPI,Paid,2025-01-12
216,50237,6975.0,Credit Card,Paid,2026-02-25
217,50238,3995.0,Cash on Delivery,Paid,2025-05-13
218,50239,5000,Debit Card,Paid,2025-03-12
219,50240,5445.0,Debit Card,Paid,2025-07-31
220,50241,20210.0,Net Banking,Paid,2026-03-19
221,50242,30195.0,UPI,Paid,2025-06-12
222,50243,14550.0,UPI,Paid,2026-08-25
223,50244,3325.0,Credit Card,Paid,2026-04-15
224,50245,5950,Cash on Delivery,Paid,2025-05-27
225,50246,6175.0,UPI,Paid,2026-09-12
226,50247,11885.0,UPI,Paid,2026-08-06
227,50248,4545.0,Credit Card,Paid,2026-08-13
228,50249,8955.0,Credit Card,Paid,2026-04-13
229,50250,8590.0,UPI,Paid,2025-11-01
230,50251,40987.5,Net Banking,Paid,2025-06-29
231,50252,43890.0,Net Banking,Paid,2026-09-25
232,50253,110182.5,UPI,Paid,2025-07-07
233,50254,11650.0,UPI,Paid,2025-02-14
234,50256,8480.0,Debit Card,Paid,2025-03-10
235,50258,11800,Debit Card,Paid,2026-07-21
236,50259,39950.0,UPI,Paid,2025-04-18
237,50260,83800,Debit Card,Paid,2026-02-24
238,50261,3400,Cash on Delivery,Paid,2026-06-03
239,50262,902.5,Credit Card,Paid,2026-04-18
240,50263,2100,Credit Card,Paid,2025-07-19
241,50264,65900,Credit Card,Paid,2025-04-28
242,50265,50290.0,UPI,Paid,2026-04-21
243,50266,9700,UPI,Paid,2026-07-16
244,50267,4322.5,Net Banking,Paid,2026-03-25
245,50268,5100,Net Banking,Paid,2025-06-15
246,50269,7082.5,UPI,Paid,2025-04-13
247,50270,12407.5,Debit Card,Paid,2026-02-05
248,50271,475.0,Credit Card,Paid,2025-01-12
249,50272,2295.0,Net Banking,Paid,2026-01-02
250,50273,10200,Credit Card,Paid,2026-06-30
251,50274,3550,UPI,Paid,2026-06-20
252,50275,54175.0,Cash on Delivery,Paid,2025-04-16
253,50276,33300,UPI,Paid,2025-02-23
254,50277,3060.0,UPI,Paid,2026-01-22
255,50279,58382.5,Credit Card,Paid,2025-01-17
256,50280,1852.5,UPI,Paid,2025-12-12
257,50281,6000,Credit Card,Paid,2025-03-06
258,50282,3850,UPI,Paid,2025-06-21
259,50283,5150,Credit Card,Paid,2026-06-09
260,50284,183100,Credit Card,Paid,2026-07-30
261,50285,5400,UPI,Paid,2026-07-09
262,50286,810.0,Debit Card,Paid,2025-08-26
263,50287,4590.0,UPI,Paid,2025-06-27
264,50288,97700,Debit Card,Paid,2025-01-13
265,50289,17612.5,Net Banking,Paid,2025-03-09
266,50290,2400,Net Banking,Paid,2026-01-13
267,50291,96580.0,Debit Card,Paid,2026-02-25
268,50292,3850,Debit Card,Paid,2025-04-15
269,50293,50795.0,UPI,Paid,2026-08-06
270,50294,3867.5,Credit Card,Paid,2026-09-07
271,50295,179900,UPI,Paid,2026-02-02
272,50296,5400.0,Credit Card,Paid,2025-05-17
273,50297,9425.0,Debit Card,Pending,2025-11-22
274,50298,12255.0,Debit Card,Paid,2025-03-11
275,50299,13110.0,UPI,Paid,2026-08-23
276,50300,54700,UPI,Paid,2025-08-27
277,50301,7750,Credit Card,Paid,2025-01-14
278,50302,11845.0,UPI,Paid,2025-05-08
279,50303,21850.0,UPI,Paid,2025-09-07
280,50304,6250.0,UPI,Paid,2026-01-19
281,50305,7312.5,Credit Card,Paid,2026-01-20
282,50306,50000,Cash on Delivery,Pending,2026-09-05
283,50307,37800,Credit Card,Paid,2025-12-03
284,50308,128450,UPI,Paid,2025-02-10
285,50309,21142.5,Net Banking,Paid,2025-10-23
286,50310,17905.0,UPI,Paid,2025-12-06
287,50312,1755.0,UPI,Paid,2025-09-12
288,50313,5250,Credit Card,Paid,2025-08-16
289,50314,124570.0,Cash on Delivery,Paid,2025-11-26
290,50315,1045.0,UPI,Paid,2025-03-08
291,50316,67077.5,UPI,Paid,2025-07-17
292,50317,2660.0,Credit Card,Paid,2025-07-29
293,50318,59850.0,Credit Card,Paid,2026-07-17
294,50319,2150,Debit Card,Paid,2025-08-30
295,50320,5130.0,UPI,Paid,2026-04-24
296,50321,1000,UPI,Paid,2025-09-08
297,50322,16900,Credit Card,Paid,2025-11-07
298,50323,3400,UPI,Paid,2025-07-26
299,50324,62300,UPI,Pending,2025-03-23
300,50325,11150.0,Cash on Delivery,Paid,2026-01-22
301,50326,2100,Credit Card,Paid,2026-06-02
302,50327,18500,UPI,Paid,2025-06-09
303,50328,7427.5,UPI,Paid,2025-01-21
304,50329,69500,Debit Card,Paid,2025-03-27
305,50330,59385.0,UPI,Paid,2026-09-02
306,50331,4987.5,Credit Card,Paid,2025-06-29
307,50332,5605.0,Debit Card,Paid,2026-04-10
308,50333,4590.0,Credit Card,Paid,2026-05-08
309,50334,11922.5,Credit Card,Paid,2026-04-26
310,50335,2660.0,Cash on Delivery,Paid,2025-01-05
311,50336,2800,UPI,Paid,2026-01-19
312,50337,2327.5,Credit Card,Pending,2026-02-09
313,50338,81060.0,Credit Card,Paid,2026-05-17
314,50339,4650.0,UPI,Paid,2025-03-14
315,50340,105840.0,UPI,Paid,2025-05-08
316,50341,1700,Debit Card,Paid,2025-07-18
317,50342,2700,UPI,Paid,2025-12-23
318,50343,2925.0,UPI,Paid,2026-01-13
319,50344,14865.0,UPI,Paid,2026-03-11
320,50346,10250,Cash on Delivery,Paid,2025-01-29
321,50347,64870.0,Cash on Delivery,Paid,2025-09-25
322,50348,19617.5,UPI,Paid,2025-05-31
323,50349,41900,Net Banking,Paid,2025-06-15
324,50350,77350,Cash on Delivery,Paid,2026-01-29
325,50351,8330.0,Debit Card,Paid,2025-03-24
326,50352,8305.0,UPI,Paid,2026-03-10
327,50353,10450,Credit Card,Paid,2025-11-06
328,50354,7250,UPI,Paid,2026-01-27
329,50355,6427.5,Debit Card,Paid,2025-04-02
330,50356,5000,UPI,Paid,2025-12-19
331,50358,8235.0,UPI,Paid,2025-11-12
332,50359,11300.0,Debit Card,Paid,2026-05-19
333,50360,35350.0,Net Banking,Paid,2026-03-04
334,50361,125655.0,UPI,Paid,2026-03-18
335,50362,5400,Credit Card,Paid,2025-05-18
336,50363,92990.0,Net Banking,Paid,2025-04-23
337,50364,1050,Credit Card,Paid,2025-07-10
338,50365,9427.5,Debit Card,Paid,2025-07-16
339,50366,6850,Credit Card,Paid,2026-02-23
340,50367,570.0,Net Banking,Paid,2025-04-22
341,50368,5100,Debit Card,Paid,2025-10-28
342,50369,2595.0,UPI,Paid,2025-03-07
343,50370,2100,Credit Card,Paid,2026-05-05
344,50371,98670.0,Credit Card,Paid,2025-01-10
345,50372,5050,UPI,Paid,2025-01-08
346,50373,20767.5,Credit Card,Paid,2025-02-12
347,50374,8922.5,UPI,Paid,2025-01-08
348,50376,2660.0,UPI,Paid,2025-12-12
349,50377,6050,Credit Card,Pending,2025-12-18
350,50378,9690.0,Credit Card,Paid,2026-01-05
351,50379,5350,Debit Card,Pending,2025-02-28
352,50380,26440.0,Credit Card,Paid,2025-04-13
353,50381,70065.0,Credit Card,Paid,2026-02-16
354,50382,675.0,Credit Card,Paid,2025-05-23
355,50383,16752.5,UPI,Paid,2026-06-28
356,50384,1950,UPI,Paid,2025-09-12
357,50385,2500,Cash on Delivery,Paid,2026-05-02
358,50386,11337.5,Net Banking,Pending,2025-01-04
359,50387,18675.0,Cash on Delivery,Paid,2025-11-26
360,50388,3700,UPI,Pending,2025-02-16
361,50389,7600,Credit Card,Paid,2026-03-31
362,50390,45950,Net Banking,Paid,2026-09-20
363,50391,1700,Net Banking,Pending,2026-05-03
364,50392,21235.0,Cash on Delivery,Paid,2025-04-13
365,50393,11050,Debit Card,Paid,2025-07-19
366,50394,600,Credit Card,Paid,2026-08-09
367,50395,12500.0,Credit Card,Paid,2025-02-02
368,50396,6970.0,Credit Card,Paid,2025-11-05
369,50397,7550,UPI,Paid,2026-04-24
370,50398,2280.0,UPI,Paid,2025-04-29
371,50399,1140.0,Credit Card,Paid,2025-09-07
372,50400,3795.0,UPI,Paid,2025-04-02
373,50401,80795.0,Credit Card,Paid,2025-01-30
374,50402,3087.5,Debit Card,Paid,2026-01-28
375,50403,4640.0,Credit Card,Paid,2025-09-21
376,50404,38585.0,Debit Card,Paid,2025-05-07
377,50405,14480.0,Credit Card,Paid,2026-05-19
378,50407,11175.0,UPI,Paid,2026-09-08
379,50408,38610.0,Debit Card,Paid,2026-01-26
380,50409,2500,UPI,Paid,2026-03-24
381,50410,21450,Net Banking,Paid,2025-04-29
382,50411,75950.0,Debit Card,Paid,2025-12-15
383,50412,11740.0,UPI,Paid,2025-04-29
384,50413,75272.5,Cash on Delivery,Pending,2025-11-17
385,50414,33300,Debit Card,Paid,2025-01-02
386,50415,945.0,Debit Card,Paid,2025-07-14
387,50416,109900,Credit Card,Paid,2025-11-24
388,50417,5600,Credit Card,Paid,2025-05-10
389,50418,60735.0,Credit Card,Paid,2025-08-16
390,50419,10315.0,Net Banking,Paid,2026-04-17
391,50420,109230.0,Credit Card,Paid,2025-10-31
392,50421,92155.0,Debit Card,Paid,2026-04-12
393,50422,1615.0,UPI,Paid,2025-02-05
394,50423,126365.0,UPI,Paid,2025-05-07
395,50424,2700.0,Debit Card,Paid,2026-08-11
396,50425,3350,Net Banking,Paid,2026-05-22
397,50426,13310.0,Cash on Delivery,Pending,2025-03-02
398,50427,4227.5,Debit Card,Paid,2025-08-04
399,50428,70872.5,Credit Card,Paid,2025-08-19
400,50429,900,UPI,Paid,2025-07-03
401,50430,5100,UPI,Pending,2025-11-03
402,50431,12010.0,Debit Card,Pending,2025-06-13
403,50432,2550,Credit Card,Paid,2025-12-12
404,50433,29830.0,UPI,Paid,2025-12-23
405,50434,64905.0,Net Banking,Paid,2026-06-25
406,50435,11922.5,UPI,Paid,2025-07-19
407,50436,14000,Debit Card,Paid,2025-04-10
408,50437,52512.5,Credit Card,Paid,2026-08-18
409,50438,6122.5,Credit Card,Paid,2025-11-08
410,50439,4005.0,Credit Card,Paid,2025-05-21
411,50440,37450,UPI,Paid,2025-05-29
412,50441,2000,UPI,Paid,2025-07-20
413,50442,4465.0,Credit Card,Paid,2026-08-13
414,50443,1850,Cash on Delivery,Paid,2025-06-01
415,50445,11885.0,UPI,Paid,2026-05-01
416,50446,6800.0,UPI,Paid,2026-06-12
417,50447,66025.0,Net Banking,Paid,2025-06-02
418,50448,10287.5,Credit Card,Paid,2025-02-04
419,50449,8850,Credit Card,Paid,2025-11-06
420,50450,2100,Debit Card,Paid,2026-01-20
421,50451,24470.0,UPI,Paid,2025-04-02
422,50452,23657.5,Cash on Delivery,Paid,2026-01-27
423,50453,94110.0,UPI,Paid,2026-01-12
424,50454,56870.0,Debit Card,Paid,2025-05-05
425,50455,3810.0,Cash on Delivery,Paid,2026-06-06
426,50456,10200,Debit Card,Paid,2026-08-10
427,50457,10457.5,Credit Card,Paid,2025-04-07
428,50458,3325.0,UPI,Pending,2026-05-11
429,50459,39020.0,Debit Card,Paid,2025-11-02
430,50460,10720.0,UPI,Paid,2025-03-07
431,50461,60465.0,Credit Card,Paid,2026-07-05
432,50462,9215.0,Cash on Delivery,Paid,2025-01-21
433,50463,29450,UPI,Paid,2026-06-27
434,50464,24757.5,Cash on Delivery,Paid,2026-08-22
435,50465,1947.5,Debit Card,Paid,2025-05-08
436,50466,7900,UPI,Paid,2025-05-01
437,50467,5895.0,Net Banking,Paid,2025-07-04
438,50468,9690.0,Debit Card,Paid,2025-11-18
439,50469,19300,Credit Card,Paid,2025-07-31
440,50470,3795.0,Credit Card,Paid,2025-09-20
441,50471,5100,Debit Card,Paid,2025-05-08
442,50472,450.0,Credit Card,Paid,2026-07-12
443,50473,65977.5,Credit Card,Paid,2025-01-01
444,50475,2090.0,Credit Card,Paid,2026-07-01
445,50476,14547.5,UPI,Paid,2025-11-17
446,50477,1750,UPI,Paid,2025-12-27
447,50478,2700,Credit Card,Paid,2025-04-12
448,50479,5652.5,Debit Card,Paid,2025-02-07
449,50480,65960.0,Net Banking,Pending,2025-08-09
450,50481,120270.0,Net Banking,Paid,2025-08-10
451,50482,5535.0,UPI,Paid,2026-09-30
452,50483,5000,UPI,Paid,2025-09-24
453,50484,1850,UPI,Paid,2026-02-14
454,50486,8867.5,Debit Card,Paid,2025-07-28
455,50487,20565.0,UPI,Paid,2025-07-17
456,50488,77800,Net Banking,Paid,2026-06-08
457,50489,2000,UPI,Paid,2025-06-07
458,50490,65452.5,UPI,Paid,2026-01-24
459,50491,2550,Credit Card,Paid,2025-03-21
460,50492,6750,Debit Card,Paid,2026-07-16
461,50493,31850,UPI,Paid,2025-04-02
462,50494,4550,UPI,Paid,2025-10-07
463,50495,2500,UPI,Paid,2025-10-08
464,50496,12455.0,UPI,Paid,2025-08-16
465,50497,11550,Credit Card,Paid,2025-05-07
466,50498,1805.0,UPI,Paid,2025-11-10
467,50499,8420.0,Credit Card,Paid,2025-04-08
468,50500,17250,Debit Card,Paid,2025-10-16
469,50501,147690.0,Credit Card,Paid,2025-02-19
470,50502,4545.0,UPI,Paid,2026-02-03
471,50503,4322.5,UPI,Paid,2026-06-29
472,50504,2550,UPI,Paid,2026-02-17
473,50505,10880.0,Credit Card,Paid,2025-01-10
474,50506,25000,Credit Card,Paid,2025-05-10
475,50507,900.0,Debit Card,Paid,2025-10-01
476,50508,2550.0,UPI,Paid,2026-01-15
477,50509,11250,Credit Card,Paid,2026-09-16
478,50510,17370.0,Credit Card,Pending,2026-03-26
479,50511,27855.0,Cash on Delivery,Paid,2026-05-30
480,50513,1997.5,UPI,Paid,2025-08-23
481,50514,23950,Credit Card,Paid,2025-11-09
482,50515,20085.0,UPI,Paid,2025-04-03
483,50517,2375.0,Cash on Delivery,Paid,2025-02-28
484,50518,4680.0,Debit Card,Paid,2026-05-20
485,50519,14670.0,UPI,Paid,2026-03-11
486,50520,61827.5,UPI,Paid,2025-05-20
487,50521,5250,Credit Card,Paid,2026-06-30
488,50522,600,Credit Card,Paid,2026-09-24
489,50523,1805.0,Debit Card,Paid,2025-01-08
490,50524,55535.0,Net Banking,Paid,2025-12-20
491,50525,8195.0,Net Banking,Paid,2026-06-25
492,50526,35577.5,Credit Card,Pending,2026-04-05
493,50528,19710.0,Credit Card,Paid,2026-01-11
494,50529,6175.0,Net Banking,Paid,2025-02-22
495,50530,2250,Credit Card,Pending,2026-01-18
496,50531,11342.5,UPI,Paid,2025-09-13
497,50532,23912.5,Debit Card,Paid,2025-05-01
498,50533,4700,UPI,Paid,2025-09-29
499,50534,20620.0,Credit Card,Paid,2026-08-06
500,50535,8630.0,UPI,Paid,2026-06-12
501,50537,1020.0,Net Banking,Paid,2025-02-28
502,50538,23600,Debit Card,Paid,2025-12-03
503,50540,149680.0,Cash on Delivery,Paid,2025-12-30
504,50541,3600.0,Cash on Delivery,Paid,2025-07-22
505,50542,4132.5,Credit Card,Paid,2025-06-07
506,50543,3400,Credit Card,Paid,2025-01-08
507,50544,36670.0,Credit Card,Paid,2025-08-20
508,50545,19300,UPI,Paid,2026-01-09
509,50546,3705.0,Credit Card,Paid,2025-10-03
510,50547,2922.5,Net Banking,Paid,2026-03-26
511,50548,5690.0,Credit Card,Paid,2026-03-21
512,50549,40170.0,Credit Card,Paid,2025-07-23
513,50550,4465.0,UPI,Paid,2025-05-17
514,50551,58800,Credit Card,Paid,2025-02-02
515,50552,4845.0,UPI,Pending,2026-05-06
516,50553,2755.0,Cash on Delivery,Paid,2025-05-02
517,50554,9405.0,Debit Card,Paid,2025-05-11
518,50555,129850,Credit Card,Paid,2026-02-14
519,50556,9340.0,UPI,Paid,2026-02-03
520,50557,106740.0,UPI,Paid,2025-01-22
521,50558,2437.5,Credit Card,Paid,2025-01-14
522,50559,6900,UPI,Paid,2025-12-17
523,50560,475.0,Net Banking,Paid,2025-01-09
524,50561,12275.0,Debit Card,Paid,2026-05-13
525,50562,4830.0,UPI,Paid,2026-09-25
526,50563,6550,Debit Card,Paid,2025-09-13
527,50564,46240.0,Credit Card,Pending,2025-09-27
528,50565,4550,Credit Card,Paid,2026-03-16
529,50566,135517.5,UPI,Paid,2025-04-16
530,50567,10545.0,Credit Card,Paid,2025-07-05
531,50568,3550,Credit Card,Paid,2025-06-02
532,50569,8625.0,Credit Card,Paid,2025-02-09
533,50570,51565.0,UPI,Paid,2025-05-30
534,50571,15575.0,UPI,Paid,2025-04-04
535,50572,12415.0,UPI,Paid,2026-06-22
536,50573,40712.5,Credit Card,Paid,2025-08-25
537,50574,2160.0,Credit Card,Paid,2025-03-04
538,50575,3515.0,UPI,Paid,2025-11-08
539,50576,5485.0,Credit Card,Paid,2025-12-26
540,50577,902.5,Credit Card,Paid,2025-02-18
541,50578,17250,Debit Card,Paid,2025-11-26
542,50579,20035.0,UPI,Paid,2026-09-14
543,50580,6950,Debit Card,Paid,2026-05-19
544,50581,855.0,Credit Card,Paid,2025-04-10
545,50582,18335.0,UPI,Paid,2025-05-14
546,50583,22632.5,Credit Card,Paid,2026-01-06
547,50584,4095.0,Debit Card,Paid,2026-09-12
548,50585,3205.0,UPI,Paid,2025-08-04
549,50586,7032.5,Credit Card,Paid,2025-04-19
550,50587,35582.5,UPI,Paid,2025-05-04
551,50588,7260.0,Cash on Delivery,Paid,2025-07-15
552,50589,3900,Debit Card,Paid,2025-04-12
553,50590,6465.0,UPI,Paid,2025-12-18
554,50591,34500,Debit Card,Paid,2025-07-26
555,50592,12327.5,UPI,Paid,2025-05-11
556,50594,103930.0,UPI,Pending,2026-07-28
557,50595,3895.0,Credit Card,Paid,2026-04-05
558,50596,10650,Cash on Delivery,Paid,2026-03-23
559,50597,2700,Credit Card,Paid,2026-05-31
560,50598,104265.0,UPI,Paid,2025-10-08
561,50599,5310.0,Credit Card,Pending,2025-02-16
562,50600,11295.0,Credit Card,Paid,2025-07-14
563,50601,8970.0,Cash on Delivery,Paid,2026-06-30
564,50602,11715.0,UPI,Paid,2025-06-19
565,50603,5000,Net Banking,Paid,2026-07-30
566,50604,1450,UPI,Paid,2025-10-06
567,50605,5000,Debit Card,Paid,2026-08-09
568,50606,5922.5,Debit Card,Paid,2026-06-10
569,50607,6117.5,UPI,Paid,2026-06-22
570,50608,8862.5,Debit Card,Paid,2025-10-31
571,50609,2430.0,Net Banking,Paid,2025-06-25
572,50610,1950,Debit Card,Paid,2025-10-26
573,50612,9477.5,Debit Card,Paid,2025-02-22
574,50613,69167.5,Credit Card,Paid,2025-08-04
575,50614,5200,Cash on Delivery,Paid,2025-12-22
576,50615,14245.0,Debit Card,Paid,2025-11-29
577,50616,810.0,Credit Card,Paid,2026-07-17
578,50617,30455.0,Credit Card,Paid,2026-09-19
579,50618,10202.5,Credit Card,Paid,2025-01-11
580,50619,3780.0,UPI,Paid,2025-10-14
581,50620,9150,UPI,Paid,2026-07-05
582,50621,46200,Net Banking,Paid,2026-08-21
583,50623,1870.0,UPI,Paid,2026-09-11
584,50624,2400,Net Banking,Paid,2025-08-14
585,50625,12905.0,Debit Card,Paid,2026-02-09
586,50626,8260.0,UPI,Paid,2026-03-21
587,50627,4085.0,UPI,Paid,2025-04-06
588,50628,2430.0,Cash on Delivery,Paid,2025-06-30
589,50629,115555.0,Credit Card,Paid,2025-07-04
590,50631,1000,Credit Card,Paid,2026-09-15
591,50632,7000,UPI,Paid,2026-03-13
592,50633,17950.0,UPI,Paid,2026-02-17
593,50634,3610.0,Credit Card,Paid,2025-01-13
594,50635,17230.0,Net Banking,Paid,2025-01-22
595,50636,35615.0,UPI,Paid,2025-02-14
596,50637,79320.0,Credit Card,Paid,2025-10-02
597,50638,72420.0,UPI,Paid,2025-01-14
598,50639,2100,UPI,Paid,2025-04-19
599,50640,69500,UPI,Paid,2025-03-29
600,50642,69335.0,UPI,Paid,2025-11-11
601,50643,2460.0,UPI,Paid,2025-02-27
602,50644,49405.0,Credit Card,Paid,2026-07-11
603,50645,15040.0,Debit Card,Paid,2025-04-16
604,50646,29130.0,Net Banking,Paid,2026-03-02
605,50647,1710.0,Cash on Delivery,Paid,2025-01-25
606,50648,63300,Cash on Delivery,Paid,2025-12-28
607,50649,6390.0,Credit Card,Paid,2026-01-29
608,50650,2150,UPI,Paid,2025-04-26
609,50651,6550,Debit Card,Paid,2025-08-18
610,50652,6640.0,Debit Card,Paid,2026-01-01
611,50654,8515.0,Credit Card,Paid,2025-02-14
612,50655,23722.5,Net Banking,Paid,2026-06-28
613,50656,34397.5,UPI,Paid,2026-03-12
614,50657,34885.0,Debit Card,Paid,2025-11-05
615,50658,24745.0,Cash on Delivery,Paid,2025-04-17
616,50660,13500,UPI,Paid,2025-03-20
617,50661,22215.0,Credit Card,Paid,2025-06-02
618,50662,58557.5,Cash on Delivery,Paid,2025-06-01
619,50663,6177.5,Debit Card,Paid,2026-05-05
620,50664,120270.0,UPI,Pending,2026-03-14
621,50665,997.5,UPI,Paid,2025-04-03
622,50666,21597.5,Credit Card,Paid,2026-01-30
623,50667,4300,Credit Card,Paid,2026-05-08
624,50668,5217.5,Debit Card,Paid,2025-12-08
625,50669,5200,Credit Card,Paid,2025-09-09
626,50670,11490.0,UPI,Paid,2026-07-06
627,50671,13425.0,Credit Card,Paid,2025-08-24
628,50672,3700,UPI,Paid,2026-03-08
629,50673,1805.0,Credit Card,Paid,2025-08-13
630,50674,7350,Cash on Delivery,Paid,2025-01-03
631,50675,8245.0,Debit Card,Paid,2026-01-07
632,50676,3450,Cash on Delivery,Paid,2025-04-23
633,50677,3087.5,Credit Card,Paid,2025-05-23
634,50678,250,Credit Card,Pending,2026-07-19
635,50679,16752.5,Credit Card,Paid,2025-09-06
636,50680,6100,UPI,Paid,2025-05-22
637,50681,9405.0,UPI,Paid,2025-05-27
638,50682,9990.0,Credit Card,Paid,2026-03-11
639,50683,2205.0,UPI,Paid,2026-08-19
640,50684,29000.0,UPI,Paid,2025-06-11
641,50685,5050,Credit Card,Paid,2025-03-22
642,50686,5152.5,Credit Card,Paid,2026-03-03
643,50687,3802.5,Debit Card,Paid,2025-05-24
644,50688,54845.0,UPI,Paid,2025-11-03
645,50689,11905.0,Credit Card,Paid,2026-03-31
646,50690,4200,Credit Card,Paid,2025-10-21
647,50691,31265.0,UPI,Paid,2025-02-02
648,50692,11732.5,UPI,Paid,2025-06-14
649,50693,5755.0,Cash on Delivery,Paid,2026-04-11
650,50694,250,Cash on Delivery,Paid,2026-08-09
651,50696,3000,UPI,Paid,2025-04-05
652,50697,5405.0,UPI,Paid,2025-05-09
653,50698,57780.0,Credit Card,Paid,2025-02-27
654,50699,1450,Credit Card,Paid,2026-07-27
655,50700,23860.0,UPI,Paid,2026-04-25
656,50701,4957.5,UPI,Paid,2026-02-19
657,50702,3250,Net Banking,Paid,2026-01-16
658,50703,9832.5,Debit Card,Paid,2025-04-22
659,50704,1950,Credit Card,Paid,2025-12-10
660,50705,3900,UPI,Paid,2026-07-09
661,50706,4085.0,Net Banking,Paid,2025-01-12
662,50707,4430.0,Credit Card,Paid,2026-07-19
663,50708,143707.5,Net Banking,Paid,2025-09-04
664,50709,5000,Credit Card,Paid,2026-08-02
665,50710,37800,Cash on Delivery,Paid,2026-05-11
666,50711,24050,Credit Card,Paid,2025-11-13
667,50712,6460.0,Cash on Delivery,Pending,2025-10-17
668,50713,32775.0,Credit Card,Paid,2025-11-19
669,50714,14010.0,Debit Card,Paid,2025-05-13
670,50716,4465.0,Cash on Delivery,Paid,2026-05-30
671,50717,68450,UPI,Paid,2026-08-25
672,50718,16172.5,Debit Card,Paid,2025-02-08
673,50719,50307.5,UPI,Paid,2026-04-20
674,50721,3250,Net Banking,Paid,2025-05-25
675,50722,3452.5,Credit Card,Paid,2026-05-29
676,50724,1377.5,Credit Card,Paid,2025-05-15
677,50725,15265.0,Debit Card,Paid,2026-03-18
678,50726,8685.0,UPI,Paid,2026-02-01
679,50727,39805.0,UPI,Paid,2026-09-14
680,50728,2350,UPI,Paid,2026-05-25
681,50729,68450,Credit Card,Paid,2025-11-13
682,50730,8937.5,Credit Card,Paid,2025-03-31
683,50732,25525.0,UPI,Paid,2025-10-14
684,50733,4250.0,Net Banking,Paid,2025-03-14
685,50734,49980.0,Credit Card,Pending,2025-09-22
686,50735,10700,Net Banking,Paid,2026-03-29
687,50736,22015.0,UPI,Pending,2025-05-07
688,50737,5400.0,Net Banking,Paid,2026-01-08
689,50739,4815.0,UPI,Paid,2026-01-11
690,50740,18080.0,Debit Card,Paid,2025-11-18
691,50741,10500,Cash on Delivery,Paid,2026-06-03
692,50742,62385.0,Credit Card,Paid,2025-02-13
693,50743,1750,UPI,Paid,2025-09-08
694,50744,11100,Cash on Delivery,Paid,2025-06-08
695,50745,1950,UPI,Paid,2025-06-12
696,50746,19300,Credit Card,Paid,2025-08-17
697,50747,169935.0,Credit Card,Paid,2025-04-06
698,50749,64175.0,Credit Card,Paid,2025-03-29
699,50750,53587.5,Debit Card,Paid,2026-02-11
700,50751,2160.0,UPI,Paid,2025-12-03
701,50752,2280.0,Credit Card,Paid,2026-09-11
702,50753,9975.0,UPI,Paid,2026-05-03
703,50754,12862.5,UPI,Paid,2026-07-13
704,50755,1530.0,Debit Card,Paid,2025-08-07
705,50756,109180.0,UPI,Paid,2026-09-08
706,50757,2500,Cash on Delivery,Paid,2026-01-06
707,50758,43795.0,Cash on Delivery,Paid,2025-08-07
708,50759,8550,Credit Card,Paid,2026-03-10
709,50760,63122.5,UPI,Paid,2025-03-27
710,50761,10895.0,Debit Card,Paid,2025-03-25
711,50762,1950,Net Banking,Paid,2026-03-06
712,50763,8312.5,UPI,Paid,2025-09-23
713,50764,98460.0,UPI,Paid,2026-03-15
714,50765,13202.5,Credit Card,Paid,2025-06-18
715,50766,11610.0,Credit Card,Paid,2026-05-09
716,50767,65000,UPI,Pending,2025-06-14
717,50768,73297.5,UPI,Paid,2026-08-08
718,50769,6550,Credit Card,Paid,2026-09-04
719,50770,2150.0,UPI,Paid,2026-08-16
720,50771,6390.0,Debit Card,Paid,2025-11-21
721,50772,10080.0,UPI,Paid,2025-06-01
722,50773,2115.0,Debit Card,Paid,2026-02-21
723,50775,89155.0,Credit Card,Paid,2026-04-06
724,50776,83150.0,Credit Card,Paid,2025-02-07
725,50777,17990.0,Cash on Delivery,Paid,2026-03-07
726,50778,5012.5,UPI,Paid,2026-09-08
727,50779,5462.5,UPI,Pending,2025-07-15
728,50780,80190.0,Debit Card,Paid,2025-01-15
729,50782,9215.0,Net Banking,Paid,2025-05-08
730,50783,6117.5,Credit Card,Paid,2026-04-12
731,50784,21410.0,Debit Card,Paid,2026-07-10
732,50785,1105.0,UPI,Paid,2025-12-10
733,50786,3887.5,Debit Card,Paid,2026-03-15
734,50787,5000,Cash on Delivery,Paid,2025-06-16
735,50788,2042.5,UPI,Paid,2026-03-24
736,50789,31050.0,Net Banking,Pending,2025-04-12
737,50790,15795.0,Credit Card,Paid,2025-04-17
738,50791,14500,Debit Card,Paid,2026-02-26
739,50792,27910.0,UPI,Paid,2026-07-12
740,50793,11890.0,Cash on Delivery,Paid,2026-08-19
741,50794,153250,UPI,Paid,2026-03-07
742,50795,11485.0,UPI,Paid,2026-07-19
743,50796,20850,UPI,Pending,2026-04-26
744,50797,1305.0,Debit Card,Paid,2026-04-21
745,50798,9707.5,Credit Card,Paid,2026-02-10
746,50799,1440.0,UPI,Paid,2025-08-18
747,50800,18100.0,Net Banking,Paid,2025-09-28
748,50801,2750,Debit Card,Paid,2026-03-01
749,50802,68700,Credit Card,Paid,2026-03-01
750,50803,4725.0,UPI,Paid,2026-01-19
751,50804,1450,Debit Card,Paid,2026-09-07
752,50805,9100,UPI,Pending,2026-08-09
753,50806,131977.5,UPI,Paid,2026-02-05
754,50807,2300.0,Credit Card,Paid,2025-02-22
755,50809,2700,Cash on Delivery,Paid,2025-06-27
756,50810,2862.5,Net Banking,Paid,2025-06-12
757,50811,2450,Credit Card,Paid,2025-05-10
758,50812,5700.0,UPI,Paid,2026-02-06
759,50813,84327.5,Cash on Delivery,Paid,2025-09-24
760,50814,99660.0,UPI,Paid,2025-11-27
761,50815,10250,UPI,Paid,2026-03-24
762,50816,9095.0,Credit Card,Paid,2025-06-06
763,50817,118067.5,Credit Card,Paid,2025-03-22
764,50818,10560.0,Net Banking,Pending,2025-05-14
765,50819,7410.0,Debit Card,Paid,2026-01-02
766,50820,3017.5,Debit Card,Paid,2025-08-16
767,50821,4350.0,UPI,Paid,2025-09-09
768,50822,7440.0,Debit Card,Paid,2026-01-23
769,50823,4700.0,Cash on Delivery,Paid,2025-10-09
770,50824,13905.0,Credit Card,Paid,2025-01-24
771,50825,9465.0,UPI,Paid,2025-04-16
772,50826,56695.0,UPI,Paid,2025-05-06
773,50827,3650,Debit Card,Paid,2025-07-04
774,50829,80455.0,Net Banking,Paid,2025-04-14
775,50830,59075.0,UPI,Paid,2025-03-17
776,50831,40330.0,UPI,Paid,2025-08-04
777,50832,30900,Net Banking,Paid,2025-11-18
778,50833,1850,Debit Card,Paid,2025-06-14
779,50834,15615.0,Credit Card,Paid,2025-07-02
780,50835,9470.0,Debit Card,Paid,2025-02-02
781,50836,31150,Credit Card,Paid,2025-12-22
782,50837,43890.0,Credit Card,Paid,2026-07-14
783,50839,54700,Debit Card,Paid,2025-01-31
784,50840,500,Debit Card,Paid,2025-06-06
785,50841,950,Net Banking,Paid,2025-08-11
786,50842,10925.0,Debit Card,Paid,2025-03-27
787,50843,5427.5,Credit Card,Paid,2025-10-02
788,50844,600,UPI,Paid,2025-04-05
789,50845,4995.0,Cash on Delivery,Paid,2025-10-29
790,50846,38600,Debit Card,Paid,2026-03-23
791,50847,37700,UPI,Paid,2025-07-17
792,50848,49230.0,UPI,Pending,2025-10-15
793,50849,9355.0,UPI,Paid,2026-08-25
794,50850,128912.5,Net Banking,Paid,2026-05-15
795,50851,990.0,Cash on Delivery,Paid,2026-09-03
796,50852,63672.5,Credit Card,Paid,2026-09-30
797,50853,11305.0,UPI,Paid,2025-07-24
798,50854,85755.0,Credit Card,Paid,2025-03-07
799,50855,600,UPI,Paid,2026-06-08
800,50856,950,Net Banking,Paid,2026-09-11
801,50857,1710.0,Net Banking,Paid,2026-06-28
802,50858,5160.0,UPI,Paid,2025-07-04
803,50859,4892.5,Debit Card,Paid,2025-07-10
804,50860,2847.5,UPI,Paid,2026-01-16
805,50861,1890.0,UPI,Paid,2025-05-06
806,50862,117180.0,UPI,Paid,2025-12-03
807,50864,3702.5,Net Banking,Paid,2026-01-30
808,50865,14950,Credit Card,Paid,2025-08-11
809,50867,2450,UPI,Paid,2025-03-18
810,50868,2995.0,Credit Card,Paid,2026-03-22
811,50869,5150,UPI,Paid,2025-07-21
812,50870,33730.0,UPI,Pending,2025-02-17
813,50871,2100,UPI,Paid,2025-05-08
814,50872,119370.0,Cash on Delivery,Paid,2026-08-29
815,50873,6627.5,Cash on Delivery,Paid,2025-10-19
816,50874,6650,UPI,Pending,2026-08-13
817,50875,10300,Credit Card,Paid,2025-10-19
818,50877,1000,Cash on Delivery,Paid,2025-02-10
819,50878,103930.0,UPI,Paid,2026-04-27
820,50879,114037.5,Debit Card,Paid,2025-11-05
821,50880,4680.0,Credit Card,Paid,2026-02-14
822,50881,3350,Net Banking,Paid,2026-05-21
823,50882,765.0,Cash on Delivery,Paid,2026-04-11
824,50883,6050,Credit Card,Paid,2025-05-05
825,50884,131907.5,Credit Card,Paid,2025-04-16
826,50885,2000,Credit Card,Paid,2025-01-11
827,50886,8215.0,UPI,Paid,2026-03-23
828,50887,2850,UPI,Paid,2026-01-13
829,50891,5150,Credit Card,Paid,2025-12-04
830,50892,41900,Net Banking,Paid,2026-01-24
831,50893,2700,Net Banking,Paid,2025-05-22
832,50894,104975.0,Credit Card,Paid,2025-11-23
833,50895,72252.5,Credit Card,Paid,2026-02-28
834,50896,6402.5,UPI,Paid,2026-06-19
835,50897,5605.0,Net Banking,Pending,2026-05-17
836,50898,15832.5,Net Banking,Paid,2026-05-10
837,50899,45950,Credit Card,Paid,2025-10-31
838,50900,12550,Net Banking,Paid,2025-09-06
839,50901,1900,Debit Card,Paid,2025-07-30
840,50902,73435.0,UPI,Paid,2026-05-22
841,50903,2160.0,UPI,Paid,2025-08-10
842,50904,76465.0,Debit Card,Paid,2026-05-15
843,50905,18615.0,UPI,Paid,2026-08-28
844,50906,126245.0,Cash on Delivery,Paid,2025-11-17
845,50907,63300,UPI,Paid,2026-04-10
846,50909,4537.5,Cash on Delivery,Paid,2026-01-08
847,50910,17370.0,Credit Card,Paid,2026-09-28
848,50911,17250,Net Banking,Paid,2025-07-12
849,50912,16650,Debit Card,Pending,2025-11-11
850,50913,54280.0,Cash on Delivery,Paid,2025-04-15
851,50914,475.0,Cash on Delivery,Paid,2025-04-23
852,50915,5100,UPI,Paid,2025-07-11
853,50916,8407.5,UPI,Paid,2026-06-28
854,50917,95300,Cash on Delivery,Paid,2026-07-18
855,50918,16015.0,Net Banking,Paid,2025-06-04
856,50919,1805.0,UPI,Paid,2025-12-08
857,50920,15000,UPI,Paid,2025-04-11
858,50921,1852.5,Net Banking,Paid,2026-03-09
859,50922,4590.0,Credit Card,Paid,2025-06-30
860,50923,64305.0,UPI,Paid,2026-05-21
861,50924,1200,UPI,Paid,2025-02-21
862,50925,15005.0,Net Banking,Paid,2025-08-13
863,50926,52530.0,UPI,Paid,2026-08-13
864,50927,9405.0,UPI,Paid,2025-04-14
865,50928,1947.5,Credit Card,Paid,2026-02-19
866,50929,1045.0,Debit Card,Paid,2025-10-02
867,50930,4300,Debit Card,Paid,2025-07-28
868,50931,4700,Cash on Delivery,Paid,2026-09-03
869,50932,69295.0,Debit Card,Paid,2025-07-09
870,50933,10367.5,UPI,Paid,2026-05-04
871,50934,5860.0,Debit Card,Paid,2025-09-02
872,50935,15415.0,UPI,Paid,2025-06-20
873,50936,14795.0,Cash on Delivery,Pending,2025-05-26
874,50937,9000.0,Credit Card,Paid,2026-03-15
875,50939,5062.5,Credit Card,Paid,2025-01-10
876,50940,7022.5,Debit Card,Paid,2026-08-21
877,50941,71820.0,Debit Card,Paid,2026-04-29
878,50942,1530.0,Credit Card,Paid,2026-08-04
879,50943,5700.0,Cash on Delivery,Paid,2025-08-22
880,50944,3502.5,Net Banking,Paid,2025-05-31
881,50945,58800,Cash on Delivery,Paid,2025-12-10
882,50946,765.0,Net Banking,Paid,2026-07-13
883,50947,63400,Credit Card,Paid,2026-01-09
884,50948,4080.0,Debit Card,Paid,2025-11-05
885,50949,119545.0,Credit Card,Paid,2026-09-03
886,50950,3330.0,Debit Card,Paid,2026-06-16
887,50951,1665.0,Debit Card,Paid,2026-02-25
888,50952,10150,UPI,Paid,2025-05-26
889,50953,12787.5,Cash on Delivery,Paid,2026-08-15
890,50954,63920.0,UPI,Paid,2026-01-04
891,50955,1950,Debit Card,Paid,2026-01-22
892,50957,12700,UPI,Paid,2026-06-24
893,50960,11305.0,Debit Card,Paid,2025-07-15
894,50961,22700,Net Banking,Paid,2025-12-18
895,50962,42835.0,Net Banking,Paid,2026-04-11
896,50963,4005.0,Credit Card,Paid,2025-12-22
897,50965,16977.5,UPI,Paid,2025-06-03
898,50966,2550,Credit Card,Paid,2026-07-26
899,50967,2992.5,Debit Card,Paid,2025-10-23
900,50968,8850,UPI,Paid,2026-04-10
901,50969,21700,Debit Card,Paid,2026-08-31
902,50970,1750,UPI,Paid,2025-01-06
903,50971,3800,UPI,Paid,2025-01-01
904,50972,31100,Cash on Delivery,Paid,2025-10-18
905,50973,8935.0,Credit Card,Paid,2026-07-29
906,50974,4900,Debit Card,Paid,2025-10-05
907,50975,30877.5,Credit Card,Paid,2026-03-19
908,50976,5825.0,Cash on Delivery,Paid,2025-08-13
909,50977,570.0,UPI,Paid,2025-09-12
910,50978,4845.0,UPI,Paid,2026-03-09
911,50980,7595.0,UPI,Paid,2025-06-27
912,50981,950.0,UPI,Paid,2025-11-27
913,50982,69350.0,Debit Card,Paid,2025-07-24
914,50983,700,Debit Card,Paid,2025-07-24
915,50985,8600,UPI,Paid,2025-07-07
916,50986,3610.0,UPI,Paid,2026-03-24
917,50987,63000,Debit Card,Paid,2025-11-17
918,50988,131360.0,Debit Card,Paid,2026-01-02
919,50989,600,UPI,Pending,2026-03-07
920,50990,1572.5,UPI,Paid,2026-07-27
921,50991,4710.0,Credit Card,Paid,2025-04-01
922,50992,15500,Cash on Delivery,Paid,2025-11-06
923,50993,902.5,UPI,Paid,2026-01-18
924,50994,9900,Debit Card,Paid,2026-08-03
925,50995,4442.5,Credit Card,Paid,2026-02-07
926,50996,37450,UPI,Paid,2026-04-19
927,50997,11780.0,UPI,Paid,2026-04-17
928,50998,1250,Debit Card,Paid,2025-10-04
929,50999,16910.0,Credit Card,Paid,2025-12-08
930,51000,28495.0,UPI,Paid,2026-08-03
931,51001,11750,Credit Card,Paid,2025-03-04
932,51002,4227.5,Credit Card,Paid,2026-06-08
933,51003,10667.5,UPI,Paid,2025-07-29
934,51004,35665.0,Debit Card,Paid,2026-05-23
935,51005,3700,Credit Card,Paid,2025-06-08
936,51006,9500,Credit Card,Paid,2025-01-07
937,51007,12790.0,Debit Card,Paid,2025-07-25
938,51008,1950,Credit Card,Paid,2026-09-11
939,51009,88910.0,Credit Card,Paid,2025-09-11
940,51010,3900,Cash on Delivery,Paid,2026-06-02
941,51011,27675.0,Cash on Delivery,Paid,2025-05-05
942,51012,55300,UPI,Paid,2025-07-08
943,51013,3657.5,Credit Card,Paid,2026-07-14
944,51014,600,Debit Card,Paid,2026-03-26
945,51015,855.0,Credit Card,Paid,2026-03-19
946,51016,62595.0,Debit Card,Paid,2025-05-26
947,51017,6605.0,Credit Card,Paid,2025-06-24
948,51018,6480.0,UPI,Paid,2025-07-25
949,51019,4270.0,Credit Card,Pending,2025-04-13
950,51020,13062.5,UPI,Paid,2025-10-09
951,51021,1757.5,UPI,Paid,2025-04-20
952,51022,69812.5,Cash on Delivery,Paid,2025-06-01
953,51023,6830.0,Debit Card,Paid,2026-08-01
954,51024,11922.5,Net Banking,Paid,2025-02-04
955,51025,11860.0,Debit Card,Paid,2026-09-27
956,51026,85905.0,UPI,Pending,2025-12-30
957,51027,14445.0,Credit Card,Paid,2026-04-15
958,51028,6400,Debit Card,Paid,2026-01-02
959,51029,2565.0,Credit Card,Paid,2025-08-04
960,51030,16600,Cash on Delivery,Paid,2026-02-04
961,51031,43325.0,Debit Card,Paid,2025-06-05
962,51032,66900,UPI,Paid,2025-12-14
963,51033,9340.0,Credit Card,Paid,2025-05-24
964,51035,3240.0,UPI,Paid,2026-05-11
965,51036,57500,UPI,Paid,2025-07-04
966,51037,47197.5,Credit Card,Paid,2026-06-23
967,51038,57665.0,Credit Card,Pending,2026-08-26
968,51039,1852.5,UPI,Paid,2026-09-25
969,51040,13667.5,Credit Card,Paid,2025-01-31
970,51041,1485.0,UPI,Paid,2025-04-09
971,51042,2375.0,Debit Card,Paid,2026-05-03
972,51043,1615.0,Credit Card,Paid,2025-08-31
973,51044,5175.0,UPI,Paid,2026-01-29
974,51045,1450,Credit Card,Paid,2025-03-07
975,51046,5795.0,Credit Card,Paid,2025-02-08
976,51047,65982.5,Debit Card,Paid,2026-01-19
977,51048,13260.0,Debit Card,Paid,2025-06-28
978,51049,1200,Debit Card,Paid,2026-01-22
979,51050,238830.0,UPI,Paid,2026-07-24
980,51051,855.0,Cash on Delivery,Paid,2026-03-25
981,51052,4940.0,Debit Card,Paid,2025-06-15
982,51053,8582.5,Credit Card,Paid,2025-07-16
983,51054,3550,Net Banking,Paid,2025-04-09
984,51055,1450,Credit Card,Paid,2025-01-06
985,51056,47707.5,UPI,Paid,2026-07-14
986,51057,4500.0,Cash on Delivery,Paid,2026-06-25
987,51058,2660.0,Credit Card,Paid,2026-08-08
988,51059,57502.5,Credit Card,Paid,2026-01-01
989,51060,5725.0,Net Banking,Paid,2025-05-22
990,51061,2280.0,Net Banking,Paid,2026-01-21
991,51062,13625.0,Credit Card,Paid,2025-05-11
992,51063,30242.5,Credit Card,Paid,2025-05-01
993,51064,50132.5,Cash on Delivery,Paid,2026-07-08
994,51066,12370.0,Debit Card,Paid,2026-01-02
995,51067,40200,Debit Card,Paid,2025-10-22
996,51069,14567.5,UPI,Paid,2026-02-13
997,51070,23300.0,UPI,Paid,2025-04-24
998,51071,8260.0,UPI,Paid,2025-09-27
999,51072,13777.5,Debit Card,Paid,2026-03-08
1000,51073,2820.0,Credit Card,Paid,2025-03-02
1001,51075,4100,Credit Card,Paid,2025-03-05
1002,51077,63300,UPI,Paid,2025-02-06
1003,51078,3700,Credit Card,Paid,2026-03-03
1004,51080,14200,UPI,Paid,2025-05-13
1005,51081,14825.0,UPI,Paid,2025-02-06
1006,51082,15185.0,Debit Card,Paid,2025-12-25
1007,51083,6222.5,Debit Card,Paid,2025-08-22
1008,51084,3550,Credit Card,Paid,2025-07-20
1009,51085,2550,UPI,Paid,2025-01-19
1010,51086,9025.0,Debit Card,Paid,2026-01-22
1011,51087,2597.5,Debit Card,Paid,2026-03-14
1012,51089,6635.0,UPI,Paid,2026-01-12
1013,51090,2520.0,UPI,Paid,2025-03-01
1014,51091,2105.0,Credit Card,Paid,2025-01-11
1015,51092,8012.5,Debit Card,Paid,2026-07-04
1016,51093,21250.0,Cash on Delivery,Paid,2025-01-16
1017,51094,44955.0,Credit Card,Paid,2025-02-28
1018,51095,10730.0,Credit Card,Paid,2025-07-04
1019,51096,810.0,Credit Card,Paid,2026-09-09
1020,51097,7290.0,Net Banking,Paid,2025-10-27
1021,51098,2100,Cash on Delivery,Paid,2025-05-06
1022,51099,37050,Credit Card,Paid,2026-07-11
1023,51101,5200,Credit Card,Paid,2026-03-31
1024,51102,4300,UPI,Paid,2026-07-19
1025,51104,4227.5,Net Banking,Paid,2026-07-09
1026,51105,1935.0,Credit Card,Paid,2026-02-25
1027,51106,2720.0,UPI,Paid,2025-10-14
1028,51107,4320.0,Cash on Delivery,Paid,2026-06-18
1029,51108,65027.5,Cash on Delivery,Paid,2025-08-04
1030,51109,15300,UPI,Paid,2025-05-26
1031,51110,7457.5,UPI,Paid,2026-03-27
1032,51111,2800,UPI,Paid,2025-04-27
1033,51112,10300,Credit Card,Paid,2025-10-04
1034,51113,900,Net Banking,Paid,2025-03-28
1035,51114,19182.5,Credit Card,Paid,2026-01-29
1036,51115,3200,Cash on Delivery,Paid,2026-01-29
1037,51116,54700,Debit Card,Paid,2026-01-24
1038,51117,17302.5,Net Banking,Paid,2025-02-23
1039,51120,56630.0,Credit Card,Paid,2026-08-29
1040,51121,2490.0,UPI,Paid,2026-09-29
1041,51122,9452.5,Credit Card,Paid,2025-02-28
1042,51123,16092.5,UPI,Paid,2025-10-22
1043,51124,6000,Debit Card,Paid,2026-04-20
1044,51125,17537.5,UPI,Paid,2026-06-16
1045,51126,1805.0,Cash on Delivery,Paid,2026-04-24
1046,51128,15410.0,UPI,Paid,2025-10-08
1047,51129,60620.0,Credit Card,Paid,2026-07-10
1048,51130,5050,Debit Card,Paid,2025-02-09
1049,51131,810.0,UPI,Paid,2025-09-14
1050,51132,9650,UPI,Paid,2026-09-15
1051,51133,2450.0,UPI,Paid,2025-11-25
1052,51134,4300,UPI,Paid,2026-03-31
1053,51135,7540.0,Net Banking,Paid,2026-04-23
1054,51136,26775.0,Cash on Delivery,Paid,2026-07-24
1055,51137,7607.5,Cash on Delivery,Paid,2025-03-23
1056,51138,35720.0,UPI,Pending,2025-11-18
1057,51139,14400,Credit Card,Paid,2025-09-22
1058,51140,9267.5,Credit Card,Paid,2026-05-22
1059,51141,8692.5,UPI,Paid,2025-05-31
1060,51142,3752.5,Credit Card,Paid,2025-08-27
1061,51143,3150.0,Credit Card,Paid,2026-06-03
1062,51144,5737.5,Credit Card,Paid,2025-02-12
1063,51145,60135.0,UPI,Pending,2025-09-23
1064,51146,121157.5,Credit Card,Paid,2025-12-28
1065,51147,19400,Credit Card,Paid,2025-08-29
1066,51148,25000,Credit Card,Paid,2026-03-31
1067,51149,12050,Cash on Delivery,Paid,2025-07-28
1068,51150,8622.5,Credit Card,Paid,2026-03-02
1069,51151,30950,Debit Card,Paid,2025-10-17
1070,51152,12122.5,Credit Card,Paid,2026-01-04
1071,51153,57365.0,Credit Card,Paid,2026-01-19
1072,51154,116250.0,UPI,Paid,2026-09-29
1073,51156,7630.0,Credit Card,Paid,2025-01-27
1074,51157,1000,UPI,Paid,2025-11-17
1075,51158,14000,Net Banking,Paid,2026-06-05
1076,51159,6935.0,UPI,Paid,2025-08-09
1077,51160,36597.5,Debit Card,Paid,2025-06-03
1078,51161,19400,Net Banking,Pending,2025-03-22
1079,51162,1377.5,UPI,Paid,2025-08-18
1080,51163,1450,UPI,Paid,2026-07-16
1081,51164,24627.5,UPI,Paid,2025-05-05
1082,51165,15600,Credit Card,Paid,2025-02-22
1083,51166,66025.0,Debit Card,Paid,2026-06-17
1084,51167,4700,Credit Card,Paid,2026-08-13
1085,51168,3400,Debit Card,Paid,2025-09-06
1086,51169,1950,Debit Card,Paid,2025-08-25
1087,51170,189900,UPI,Paid,2025-04-29
1088,51171,48412.5,Credit Card,Paid,2026-02-24
1089,51172,4300,Credit Card,Paid,2026-06-02
1090,51173,53150,Cash on Delivery,Paid,2026-05-11
1091,51174,7590.0,Net Banking,Paid,2026-03-05
1092,51176,145800,Credit Card,Paid,2026-02-22
1093,51177,25900.0,Net Banking,Paid,2026-09-13
1094,51178,6120.0,UPI,Paid,2025-11-18
1095,51179,22750,Credit Card,Pending,2026-06-02
1096,51181,5405.0,Debit Card,Paid,2025-01-16
1097,51182,700,Credit Card,Paid,2026-07-22
1098,51183,43477.5,UPI,Paid,2025-04-14
1099,51184,5630.0,Net Banking,Paid,2026-03-18
1100,51185,6650,Credit Card,Paid,2025-03-16
1101,51187,2422.5,Cash on Delivery,Paid,2026-02-16
1102,51188,1200,UPI,Paid,2025-10-28
1103,51189,66005.0,Debit Card,Paid,2025-12-11
1104,51190,10040.0,Credit Card,Paid,2025-02-16
1105,51192,1050,Credit Card,Paid,2026-03-23
1106,51193,20600,Credit Card,Paid,2025-05-18
1107,51195,4682.5,Net Banking,Paid,2025-03-27
1108,51196,5225.0,UPI,Paid,2026-08-31
1109,51197,19345.0,Credit Card,Paid,2026-01-24
1110,51198,4322.5,Cash on Delivery,Paid,2026-08-26
1111,51199,630.0,UPI,Paid,2025-08-26
1112,51200,37800,UPI,Paid,2026-08-01
1113,51201,1000,Credit Card,Paid,2026-06-05
1114,51202,34020.0,UPI,Paid,2025-11-27
1115,51203,650,UPI,Paid,2025-05-27
1116,51204,7700,Credit Card,Paid,2025-08-04
1117,51205,4750,UPI,Paid,2026-09-23
1118,51206,3650,Debit Card,Paid,2025-06-19
1119,51207,997.5,UPI,Paid,2026-03-26
1120,51208,9120.0,Credit Card,Pending,2025-09-23
1121,51209,69475.0,UPI,Paid,2025-08-26
1122,51210,3102.5,Debit Card,Paid,2025-07-31
1123,51211,3400.0,Cash on Delivery,Paid,2025-06-22
1124,51212,6950,UPI,Paid,2026-07-07
1125,51213,15600,Net Banking,Paid,2026-05-16
1126,51214,10300,Debit Card,Paid,2025-07-28
1127,51215,4085.0,Credit Card,Paid,2026-03-13
1128,51216,74430.0,Net Banking,Paid,2026-04-10
1129,51217,13945.0,Credit Card,Paid,2025-05-03
1130,51218,7965.0,UPI,Paid,2025-09-27
1131,51219,6400,Debit Card,Paid,2025-10-13
1132,51220,4450,UPI,Paid,2025-12-29
1133,51221,3857.5,Debit Card,Paid,2025-08-16
1134,51222,5950.0,Debit Card,Paid,2026-06-04
1135,51223,80100.0,UPI,Paid,2026-06-10
1136,51226,10500,Credit Card,Paid,2025-11-22
1137,51228,91900,Net Banking,Paid,2025-09-09
1138,51229,25210.0,Net Banking,Paid,2025-08-14
1139,51230,17740.0,UPI,Paid,2025-06-05
1140,51231,6657.5,UPI,Paid,2026-05-24
1141,51232,5900,UPI,Pending,2025-04-01
1142,51233,7550,Debit Card,Paid,2025-08-08
1143,51234,115115.0,Credit Card,Paid,2026-07-26
1144,51235,1000,Debit Card,Paid,2025-02-09
1145,51236,66602.5,Net Banking,Paid,2026-01-25
1146,51237,7800.0,Debit Card,Paid,2025-12-24
1147,51238,5295.0,Credit Card,Paid,2025-07-04
1148,51239,44200,UPI,Paid,2025-10-27
1149,51240,7555.0,Credit Card,Paid,2026-02-06
1150,51241,72287.5,Credit Card,Paid,2025-10-30
1151,51242,68027.5,Debit Card,Paid,2025-10-22
1152,51243,8190.0,UPI,Paid,2025-09-11
1153,51244,2520.0,Credit Card,Pending,2026-04-21
1154,51245,11770.0,Credit Card,Paid,2025-12-22
1155,51246,3600.0,Debit Card,Paid,2026-05-11
1156,51247,3830.0,Credit Card,Paid,2026-09-08
1157,51248,5150.0,UPI,Paid,2025-10-25
1158,51249,10880.0,Credit Card,Paid,2026-02-23
1159,51250,3150.0,Credit Card,Paid,2025-09-25
1160,51251,6755.0,Net Banking,Paid,2026-03-29
1161,51252,1890.0,UPI,Paid,2025-02-25
1162,51253,1997.5,UPI,Paid,2025-12-14
1163,51254,2507.5,UPI,Paid,2026-04-04
1164,51255,8100,UPI,Paid,2025-06-20
1165,51257,900,Credit Card,Paid,2025-12-04
1166,51258,36270.0,Credit Card,Paid,2025-01-22
1167,51260,3610.0,UPI,Paid,2026-07-21
1168,51261,4705.0,Debit Card,Paid,2025-08-04
1169,51262,46200,Credit Card,Paid,2025-06-10
1170,51263,12750,Debit Card,Paid,2025-08-23
1171,51264,46200,UPI,Paid,2026-01-18
1172,51266,4595.0,UPI,Paid,2025-01-21
1173,51267,26150,Credit Card,Paid,2026-05-29
1174,51268,15255.0,Credit Card,Paid,2025-06-10
1175,51269,32775.0,Credit Card,Paid,2025-09-11
1176,51270,1450,Net Banking,Paid,2026-01-22
1177,51271,2565.0,Debit Card,Paid,2025-10-04
1178,51272,2150,Net Banking,Paid,2026-06-01
1179,51273,2422.5,Credit Card,Paid,2026-03-02
1180,51274,39805.0,Debit Card,Paid,2026-07-09
1181,51275,7650.0,Debit Card,Paid,2026-08-26
1182,51276,65867.5,Debit Card,Paid,2026-09-13
1183,51277,69070.0,Debit Card,Paid,2026-03-12
1184,51278,9435.0,Credit Card,Paid,2025-10-08
1185,51279,12017.5,Credit Card,Paid,2026-08-14
1186,51280,66805.0,Credit Card,Paid,2025-04-06
1187,51281,5445.0,UPI,Paid,2025-10-13
1188,51282,5910.0,Credit Card,Paid,2026-07-01
1189,51283,145500.0,Debit Card,Paid,2026-05-24
1190,51284,1600,UPI,Paid,2026-07-14
1191,51285,3650,Net Banking,Pending,2026-08-15
1192,51286,12400,Debit Card,Paid,2025-08-26
1193,51287,5140.0,UPI,Paid,2025-04-22
1194,51288,14542.5,Debit Card,Paid,2025-03-27
1195,51289,46312.5,Debit Card,Paid,2026-05-17
1196,51290,10600,Debit Card,Paid,2026-02-17
1197,51291,12552.5,Credit Card,Paid,2026-08-04
1198,51292,9927.5,Credit Card,Paid,2026-05-21
1199,51293,6905.0,Net Banking,Paid,2025-12-12
1200,51294,6620.0,UPI,Paid,2026-08-02
1201,51295,10150.0,UPI,Paid,2025-10-02
1202,51296,3650,Debit Card,Paid,2026-05-16
1203,51297,475.0,Cash on Delivery,Paid,2025-08-30
1204,51298,3677.5,Credit Card,Paid,2026-06-11
1205,51300,62320.0,Debit Card,Paid,2025-03-21
1206,51301,7650,Cash on Delivery,Paid,2025-06-15
1207,51302,1045.0,Credit Card,Paid,2025-07-22
1208,51304,87780.0,UPI,Paid,2026-06-22
1209,51305,17250,UPI,Paid,2026-07-15
1210,51306,60450,Credit Card,Paid,2025-05-01
1211,51307,5867.5,UPI,Paid,2025-10-05
1212,51308,30200.0,Debit Card,Paid,2026-01-16
1213,51309,65610.0,UPI,Paid,2025-10-25
1214,51310,2550,UPI,Pending,2026-09-21
1215,51311,11950,Debit Card,Paid,2026-09-12
1216,51313,52920.0,Net Banking,Paid,2025-05-19
1217,51314,45855.0,Credit Card,Paid,2026-05-01
1218,51315,53100.0,Credit Card,Paid,2025-06-03
1219,51316,18335.0,Credit Card,Paid,2025-01-06
1220,51317,7462.5,Debit Card,Paid,2025-04-07
1221,51318,8495.0,Net Banking,Paid,2025-03-04
1222,51319,30520.0,Net Banking,Paid,2025-03-10
1223,51320,2800,Cash on Delivery,Paid,2025-08-20
1224,51321,3900,UPI,Paid,2025-07-17
1225,51322,55352.5,Credit Card,Paid,2026-03-13
1226,51324,133245.0,Net Banking,Paid,2025-07-27
1227,51325,7600,UPI,Paid,2025-08-10
1228,51326,4940.0,Debit Card,Paid,2025-04-15
1229,51327,3325.0,UPI,Paid,2026-01-28
1230,51328,5445.0,Credit Card,Paid,2026-08-30
1231,51329,6885.0,Net Banking,Paid,2026-09-23
1232,51330,902.5,Debit Card,Paid,2025-06-22
1233,51331,74600.0,UPI,Paid,2025-08-10
1234,51332,6130.0,Cash on Delivery,Paid,2025-05-31
1235,51333,35655.0,Credit Card,Paid,2025-01-01
1236,51334,51245.0,UPI,Paid,2025-02-23
1237,51335,6255.0,UPI,Paid,2026-03-12
1238,51336,48527.5,Debit Card,Paid,2026-05-28
1239,51337,4822.5,UPI,Paid,2026-02-07
1240,51338,500,Credit Card,Paid,2026-05-01
1241,51339,4762.5,Credit Card,Paid,2025-11-21
1242,51340,4900,UPI,Pending,2025-08-08
1243,51341,11495.0,Credit Card,Paid,2025-10-12
1244,51342,85037.5,Credit Card,Paid,2026-07-28
1245,51343,74900,Debit Card,Paid,2025-09-14
1246,51344,33050,Cash on Delivery,Paid,2026-03-22
1247,51345,12577.5,Credit Card,Paid,2026-01-10
1248,51346,14675.0,UPI,Paid,2025-12-21
1249,51347,8200,Net Banking,Paid,2026-07-28
1250,51348,46200,Net Banking,Paid,2025-07-15
1251,51349,17477.5,UPI,Paid,2025-01-11
1252,51350,10400,Debit Card,Paid,2025-07-19
1253,51353,6000,Debit Card,Paid,2025-02-04
1254,51354,73550,UPI,Paid,2026-02-12
1255,51355,37520.0,UPI,Paid,2025-09-17
1256,51356,3800,UPI,Paid,2026-08-09
1257,51357,19975.0,Credit Card,Pending,2026-04-28
1258,51358,16095.0,UPI,Paid,2026-05-18
1259,51359,1615.0,Debit Card,Paid,2026-07-13
1260,51360,63537.5,Credit Card,Paid,2025-01-30
1261,51361,11492.5,Credit Card,Paid,2025-07-01
1262,51362,10750,Debit Card,Paid,2026-03-06
1263,51363,3752.5,UPI,Paid,2026-03-31
1264,51364,4450,UPI,Paid,2025-04-10
1265,51365,2137.5,Debit Card,Paid,2025-07-18
1266,51366,15072.5,Credit Card,Paid,2025-12-07
1267,51368,15732.5,UPI,Paid,2026-08-24
1268,51370,10015.0,UPI,Paid,2025-03-04
1269,51371,6000,UPI,Paid,2026-05-29
1270,51372,64770.0,Credit Card,Paid,2025-06-26
1271,51373,8750,UPI,Paid,2025-07-23
1272,51374,20900,UPI,Paid,2025-01-04
1273,51375,9330.0,UPI,Paid,2025-05-01
1274,51376,9400,UPI,Paid,2025-03-30
1275,51378,132050.0,UPI,Paid,2025-03-30
1276,51379,54985.0,Credit Card,Paid,2025-01-21
1277,51380,540.0,Credit Card,Paid,2025-08-11
1278,51381,11270.0,UPI,Paid,2025-09-10
1279,51382,2422.5,Cash on Delivery,Paid,2025-07-15
1280,51383,1615.0,Cash on Delivery,Paid,2025-11-14
1281,51384,11950,Debit Card,Paid,2025-07-02
1282,51385,68960.0,Debit Card,Paid,2026-02-28
1283,51386,68450,Cash on Delivery,Paid,2025-07-24
1284,51387,19400,Cash on Delivery,Paid,2026-03-27
1285,51388,13965.0,Credit Card,Paid,2026-08-16
1286,51389,6250,UPI,Paid,2026-06-20
1287,51390,8155.0,Credit Card,Paid,2025-06-24
1288,51391,139930.0,UPI,Paid,2026-01-30
1289,51392,15770.0,Cash on Delivery,Paid,2026-03-21
1290,51393,1657.5,Debit Card,Paid,2025-10-23
1291,51394,15450,UPI,Paid,2026-05-31
1292,51395,3230.0,Credit Card,Paid,2025-10-03
1293,51396,11975.0,Cash on Delivery,Paid,2025-09-22
1294,51397,1200,Credit Card,Paid,2025-04-29
1295,51398,18430.0,Credit Card,Paid,2026-05-02
1296,51399,45950,Debit Card,Paid,2026-01-17
1297,51400,10115.0,Credit Card,Paid,2025-02-04
1298,51401,14120.0,Debit Card,Paid,2026-01-03
1299,51402,8250,Credit Card,Paid,2026-03-08
1300,51403,128572.5,Debit Card,Paid,2025-04-13
1301,51404,10210.0,UPI,Paid,2025-06-16
1302,51405,10450,Cash on Delivery,Paid,2025-01-23
1303,51406,8900,UPI,Paid,2026-08-31
1304,51407,49465.0,Debit Card,Paid,2026-02-13
1305,51408,52582.5,Cash on Delivery,Paid,2026-01-18
1306,51409,26300.0,Credit Card,Paid,2026-02-15
1307,51410,500,Debit Card,Paid,2025-08-28
1308,51411,8900,Credit Card,Paid,2026-06-04
1309,51412,2232.5,Credit Card,Pending,2025-10-03
1310,51413,7172.5,Debit Card,Paid,2025-01-30
1311,51415,2412.5,UPI,Paid,2026-06-21
1312,51416,31162.5,Debit Card,Paid,2025-05-23
1313,51417,32000,Credit Card,Pending,2025-02-25
1314,51418,2610.0,Net Banking,Paid,2025-05-25
1315,51419,4230.0,Cash on Delivery,Paid,2025-06-19
1316,51421,4635.0,Debit Card,Paid,2025-03-24
1317,51422,8907.5,Credit Card,Paid,2026-03-24
1318,51423,3655.0,Debit Card,Paid,2026-07-23
1319,51424,13500,Net Banking,Paid,2026-05-04
1320,51425,59400,Debit Card,Paid,2026-07-18
1321,51426,12745.0,Debit Card,Paid,2026-04-29
1322,51427,52920.0,Credit Card,Paid,2025-09-06
1323,51428,133522.5,UPI,Paid,2025-05-12
1324,51429,5250.0,Credit Card,Paid,2026-02-14
1325,51430,46880.0,Net Banking,Paid,2026-03-11
1326,51431,1450,UPI,Paid,2025-12-22
1327,51432,7657.5,Cash on Delivery,Paid,2026-08-24
1328,51433,13215.0,Net Banking,Paid,2025-07-02
1329,51434,9460.0,Debit Card,Paid,2025-12-15
1330,51435,23650.0,Credit Card,Paid,2026-09-06
1331,51436,124192.5,Credit Card,Paid,2025-08-24
1332,51437,7200,Net Banking,Paid,2025-08-05
1333,51438,6540.0,Credit Card,Paid,2026-01-29
1334,51439,4700,Debit Card,Paid,2025-10-19
1335,51440,1600,Credit Card,Paid,2026-05-08
1336,51441,11397.5,Net Banking,Paid,2026-03-08
1337,51442,5045.0,Credit Card,Paid,2026-06-14
1338,51443,10047.5,Credit Card,Paid,2025-03-26
1339,51444,2327.5,UPI,Paid,2026-02-19
1340,51445,10830.0,Credit Card,Paid,2025-11-23
1341,51446,1020.0,Credit Card,Paid,2026-04-11
1342,51447,11295.0,Net Banking,Paid,2026-02-16
1343,51448,117600,Credit Card,Paid,2026-03-12
1344,51449,26795.0,Debit Card,Paid,2026-09-11
1345,51450,1952.5,UPI,Paid,2026-05-30
1346,51451,4227.5,UPI,Paid,2025-12-10
1347,51452,23560.0,Credit Card,Paid,2025-04-25
1348,51453,3450,UPI,Paid,2026-06-29
1349,51454,7057.5,Cash on Delivery,Paid,2025-03-23
1350,51455,13500,Net Banking,Paid,2026-08-28
1351,51456,10300.0,Net Banking,Paid,2026-09-22
1352,51457,7550.0,Net Banking,Paid,2025-02-19
1353,51458,2380.0,Credit Card,Paid,2026-05-17
1354,51459,59340.0,UPI,Paid,2026-09-06
1355,51460,6750,Credit Card,Paid,2025-12-12
1356,51461,104395.0,Net Banking,Paid,2025-01-25
1357,51462,104127.5,Cash on Delivery,Paid,2026-01-01
1358,51463,4100,Credit Card,Paid,2025-11-01
1359,51464,1530.0,Credit Card,Paid,2026-01-01
1360,51465,7952.5,Credit Card,Paid,2026-02-10
1361,51466,63300,Net Banking,Paid,2025-04-07
1362,51467,1200,UPI,Paid,2026-05-21
1363,51468,4100,Credit Card,Paid,2026-04-15
1364,51469,25635.0,Credit Card,Paid,2026-06-21
1365,51470,600,Debit Card,Paid,2025-12-01
1366,51471,6540.0,UPI,Paid,2025-04-14
1367,51472,5735.0,Credit Card,Paid,2025-03-22
1368,51473,8000,Cash on Delivery,Paid,2025-11-06
1369,51474,4300,Debit Card,Paid,2025-09-21
1370,51475,11630.0,Debit Card,Paid,2025-03-23
1371,51476,4635.0,UPI,Paid,2025-04-30
1372,51477,6575.0,Credit Card,Paid,2025-11-07
1373,51478,81955.0,Credit Card,Paid,2025-09-07
1374,51479,2000,UPI,Paid,2026-08-11
1375,51480,4100,Debit Card,Paid,2026-03-24
1376,51481,4320.0,UPI,Paid,2025-07-10
1377,51482,5000,Credit Card,Paid,2026-09-12
1378,51483,48820.0,UPI,Paid,2025-10-19
1379,51484,22070.0,Credit Card,Paid,2025-01-20
1380,51485,5000,UPI,Paid,2025-10-09
1381,51486,79695.0,UPI,Paid,2025-11-22
1382,51487,3850,Credit Card,Paid,2025-11-29
1383,51488,46295.0,Net Banking,Paid,2026-09-16
1384,51489,540.0,Credit Card,Paid,2026-09-02
1385,51490,5202.5,UPI,Paid,2026-07-26
1386,51491,3650,Credit Card,Paid,2025-12-21
1387,51492,1187.5,Credit Card,Paid,2026-05-26
1388,51493,630.0,Debit Card,Paid,2026-02-04
1389,51494,61875.0,Net Banking,Pending,2026-08-09
1390,51495,19470.0,UPI,Pending,2026-07-29
1391,51496,1000,Debit Card,Paid,2026-06-27
1392,51497,8080.0,UPI,Paid,2025-11-19
1393,51498,11255.0,Credit Card,Paid,2025-06-09
1394,51499,4190.0,Credit Card,Paid,2025-12-27
1395,51500,15200.0,UPI,Paid,2025-01-24
1396,51501,1950,UPI,Pending,2026-05-18
1397,51502,6462.5,Debit Card,Paid,2026-07-05
1398,51503,5600.0,Debit Card,Paid,2025-05-07
1399,51504,7650,Credit Card,Paid,2025-04-24
1400,51505,10300,Cash on Delivery,Paid,2025-06-12
1401,51506,9405.0,Credit Card,Paid,2026-02-15
1402,51507,7300,Credit Card,Paid,2025-08-11
1403,51508,2150,Cash on Delivery,Paid,2025-11-24
1404,51509,7785.0,Debit Card,Paid,2025-11-22
1405,51510,7785.0,Debit Card,Paid,2025-08-19
1406,51511,13557.5,Cash on Delivery,Paid,2026-04-21
1407,51513,1530.0,UPI,Paid,2025-10-23
1408,51514,5652.5,Credit Card,Paid,2026-04-21
1409,51515,5850,UPI,Paid,2025-04-11
1410,51516,16740.0,Net Banking,Paid,2026-03-05
1411,51517,3402.5,Cash on Delivery,Paid,2026-09-26
1412,51518,8477.5,Cash on Delivery,Pending,2026-05-31
1413,51520,60450,Debit Card,Paid,2025-09-13
1414,51521,2750,Credit Card,Pending,2025-04-04
1415,51523,16285.0,Debit Card,Paid,2026-07-20
1416,51524,3990.0,UPI,Paid,2025-06-15
1417,51525,6480.0,Net Banking,Paid,2025-09-03
1418,51526,5300,Credit Card,Paid,2025-07-24
1419,51527,66600,Credit Card,Paid,2025-02-01
1420,51528,18585.0,Credit Card,Paid,2025-09-08
1421,51529,6390.0,Credit Card,Paid,2025-09-05
1422,51530,4800,UPI,Paid,2026-05-28
1423,51531,23040.0,Credit Card,Paid,2025-12-06
1424,51532,9500,Credit Card,Paid,2025-09-08
1425,51533,3400,Debit Card,Paid,2025-01-08
1426,51534,41920.0,Cash on Delivery,Paid,2026-02-21
1427,51535,5150,Credit Card,Paid,2026-01-30
1428,51537,3250,UPI,Paid,2026-09-14
1429,51538,5850,UPI,Paid,2025-01-25
1430,51539,3290.0,Net Banking,Paid,2025-03-03
1431,51540,8312.5,UPI,Paid,2025-02-10
1432,51541,3690.0,Cash on Delivery,Paid,2026-06-08
1433,51542,23950,Debit Card,Paid,2025-05-08
1434,51543,6222.5,UPI,Paid,2026-08-17
1435,51544,3060.0,Credit Card,Paid,2025-06-23
1436,51546,41505.0,UPI,Paid,2025-08-04
1437,51547,1530.0,Debit Card,Paid,2025-03-17
1438,51548,2150,UPI,Paid,2025-09-08
1439,51549,8850,Debit Card,Paid,2026-04-01
1440,51550,2550,Debit Card,Paid,2025-09-22
1441,51551,48750,Debit Card,Paid,2025-05-24
1442,51553,2280.0,UPI,Paid,2025-10-26
1443,51554,6350.0,Credit Card,Paid,2026-08-05
1444,51555,62200,UPI,Paid,2026-03-27
1445,51556,7810.0,Cash on Delivery,Paid,2025-05-12
1446,51557,7905.0,Credit Card,Paid,2026-01-29
1447,51558,2167.5,UPI,Paid,2025-08-05
1448,51559,19427.5,Debit Card,Paid,2025-01-13
1449,51560,68812.5,Cash on Delivery,Paid,2026-06-14
1450,51561,10545.0,Debit Card,Pending,2025-06-24
1451,51562,2400,Debit Card,Paid,2026-08-25
1452,51563,10785.0,Credit Card,Paid,2026-01-19
1453,51564,6550,Credit Card,Paid,2025-06-23
1454,51566,66845.0,UPI,Paid,2025-03-08
1455,51567,34500,Credit Card,Paid,2025-08-18
1456,51568,143752.5,Credit Card,Paid,2025-05-03
1457,51569,15000,Credit Card,Paid,2026-04-16
1458,51570,52920.0,Debit Card,Paid,2025-01-13
1459,51572,9282.5,Credit Card,Paid,2026-01-08
1460,51573,5750,UPI,Pending,2025-04-12
1461,51574,2327.5,Credit Card,Paid,2025-10-05
1462,51575,13900,Credit Card,Paid,2026-07-05
1463,51576,48035.0,UPI,Paid,2025-02-27
1464,51577,11350,Credit Card,Paid,2025-09-08
1465,51578,1662.5,UPI,Paid,2025-09-08
1466,51579,59205.0,Cash on Delivery,Paid,2025-07-01
1467,51580,500,Cash on Delivery,Paid,2026-07-20
1468,51582,5600,Debit Card,Paid,2025-11-07
1469,51583,8517.5,Credit Card,Paid,2026-08-23
1470,51584,3400,UPI,Paid,2025-04-11
1471,51585,5300,Debit Card,Paid,2025-11-23
1472,51586,4150,UPI,Paid,2026-05-05
1473,51587,3325.0,Credit Card,Paid,2025-07-22
1474,51588,61200.0,UPI,Paid,2026-09-05
1475,51589,32832.5,UPI,Paid,2026-08-19
1476,51590,600,Cash on Delivery,Paid,2026-03-30
1477,51591,16837.5,Debit Card,Paid,2026-09-22
1478,51592,12035.0,Net Banking,Paid,2025-09-15
1479,51593,2160.0,Debit Card,Paid,2026-05-20
1480,51594,11100,Credit Card,Paid,2026-05-10
1481,51595,71900,Cash on Delivery,Paid,2025-11-03
1482,51596,500,Debit Card,Paid,2025-12-16
1483,51597,6800,Credit Card,Paid,2025-11-13
1484,51598,10450,UPI,Paid,2025-07-06
1485,51599,69590.0,Debit Card,Paid,2026-06-06
1486,51600,4300,Net Banking,Paid,2025-03-09
1487,51602,11332.5,UPI,Paid,2026-07-06
1488,51603,90030.0,UPI,Paid,2025-04-22
1489,51604,17380.0,UPI,Paid,2026-05-29
1490,51605,5355.0,UPI,Paid,2026-04-29
1491,51606,49230.0,Net Banking,Paid,2026-09-17
1492,51607,5250,Net Banking,Paid,2025-11-28
1493,51608,5142.5,UPI,Paid,2025-06-25
1494,51609,74900,UPI,Paid,2025-06-10
1495,51610,1450,UPI,Paid,2026-05-01
1496,51611,3400,Credit Card,Paid,2025-10-03
1497,51612,9180.0,Cash on Delivery,Paid,2025-11-07
1498,51613,8707.5,Net Banking,Paid,2025-12-29
1499,51614,585.0,UPI,Paid,2025-11-12
1500,51615,5605.0,Debit Card,Paid,2026-03-04
1501,51616,67927.5,Credit Card,Pending,2025-02-26
1502,51617,2550,Net Banking,Pending,2025-05-24
1503,51618,6100,Debit Card,Paid,2025-01-20
1504,51619,1755.0,Net Banking,Paid,2025-09-20
1505,51620,855.0,Credit Card,Paid,2025-11-26
1506,51621,10450,Credit Card,Paid,2026-07-26
1507,51622,60450,Net Banking,Paid,2025-08-09
1508,51623,68520.0,UPI,Paid,2025-10-08
1509,51624,7095.0,UPI,Paid,2025-11-30
1510,51625,5010.0,UPI,Paid,2026-08-31
1511,51626,5445.0,Net Banking,Paid,2025-02-17
1512,51627,93295.0,Credit Card,Paid,2026-05-14
1513,51628,4082.5,Credit Card,Paid,2026-08-24
1514,51629,48542.5,UPI,Paid,2025-12-17
1515,51630,26750,Credit Card,Paid,2025-10-19
1516,51631,72205.0,UPI,Paid,2025-03-17
1517,51632,37395.0,Credit Card,Paid,2026-02-28
1518,51633,70680.0,Debit Card,Paid,2026-08-27
1519,51634,3400,UPI,Paid,2025-04-01
1520,51635,5895.0,Credit Card,Paid,2026-07-14
1521,51636,16945.0,Debit Card,Paid,2026-06-28
1522,51637,3302.5,UPI,Paid,2025-05-24
1523,51638,900,Debit Card,Pending,2025-11-18
1524,51639,2115.0,Credit Card,Paid,2026-04-02
1525,51640,1080.0,Credit Card,Paid,2025-11-25
1526,51641,9150,Debit Card,Paid,2025-12-08
1527,51642,8060.0,Debit Card,Paid,2025-09-23
1528,51643,17400.0,Cash on Delivery,Paid,2025-01-24
1529,51644,7560.0,UPI,Paid,2026-03-14
1530,51645,21880.0,Credit Card,Paid,2025-02-19
1531,51646,7530.0,UPI,Paid,2026-06-09
1532,51647,2800,Credit Card,Pending,2025-02-02
1533,51648,116365.0,Cash on Delivery,Paid,2025-12-01
1534,51649,1377.5,Credit Card,Paid,2026-08-12
1535,51650,11505.0,UPI,Paid,2025-03-19
1536,51651,3657.5,Credit Card,Paid,2025-04-26
1537,51652,11120.0,Credit Card,Paid,2025-03-31
1538,51653,15415.0,Net Banking,Paid,2025-07-15
1539,51654,48142.5,UPI,Paid,2026-03-18
1540,51655,75160.0,Cash on Delivery,Paid,2025-06-05
1541,51656,6980.0,Credit Card,Paid,2026-08-13
1542,51658,38017.5,UPI,Paid,2025-10-28
1543,51659,38062.5,Debit Card,Paid,2025-01-20
1544,51660,4512.5,Net Banking,Paid,2025-06-04
1545,51661,17700,Cash on Delivery,Paid,2025-12-01
1546,51662,4200,Debit Card,Paid,2025-07-25
1547,51664,22972.5,UPI,Paid,2026-08-14
1548,51665,1710.0,UPI,Paid,2025-07-31
1549,51666,27645.0,Debit Card,Paid,2026-07-01
1550,51667,108175.0,UPI,Paid,2025-05-11
1551,51668,2100,Credit Card,Paid,2025-12-02
1552,51669,10050,Cash on Delivery,Paid,2025-08-02
1553,51670,900,UPI,Paid,2025-10-05
1554,51671,1900.0,UPI,Paid,2025-12-30
1555,51672,12550,UPI,Paid,2026-03-27
1556,51673,700,UPI,Paid,2025-01-27
1557,51674,3400,Debit Card,Paid,2025-08-02
1558,51675,166515.0,UPI,Paid,2026-02-13
1559,51676,1845.0,Debit Card,Paid,2026-08-28
1560,51677,56970.0,UPI,Paid,2025-06-29
1561,51678,9480.0,Credit Card,Paid,2026-06-13
1562,51680,2350,Cash on Delivery,Paid,2026-01-02
1563,51681,540.0,UPI,Paid,2025-07-15
1564,51682,52150,Credit Card,Paid,2026-06-04
1565,51684,10300,Debit Card,Paid,2026-01-25
1566,51685,3230.0,Credit Card,Paid,2025-04-13
1567,51686,42250,UPI,Paid,2025-03-08
1568,51687,3400,Debit Card,Paid,2025-11-04
1569,51688,117600,UPI,Paid,2026-02-04
1570,51689,510.0,Debit Card,Paid,2025-10-09
1571,51690,52452.5,UPI,Paid,2025-02-16
1572,51691,7380.0,Credit Card,Paid,2026-08-02
1573,51692,9235.0,Credit Card,Paid,2025-05-24
1574,51693,25190.0,UPI,Paid,2025-03-04
1575,51694,23307.5,Cash on Delivery,Paid,2025-10-28
1576,51695,2650.0,UPI,Paid,2025-06-11
1577,51696,73275.0,UPI,Pending,2026-06-16
1578,51697,1755.0,Cash on Delivery,Paid,2025-07-05
1579,51698,2400,UPI,Paid,2025-06-16
1580,51699,39125.0,Debit Card,Paid,2026-02-18
1581,51700,4550,UPI,Paid,2025-09-29
1582,51701,3990.0,Credit Card,Paid,2025-01-27
1583,51702,9880.0,UPI,Paid,2025-02-05
1584,51703,3540.0,Debit Card,Paid,2026-02-22
1585,51704,8707.5,Cash on Delivery,Paid,2026-09-05
1586,51705,58055.0,UPI,Paid,2025-04-13
1587,51706,1845.0,UPI,Paid,2025-04-05
1588,51707,4400,UPI,Paid,2026-05-03
1589,51708,3700,Net Banking,Paid,2026-07-04
1590,51709,7700,UPI,Paid,2025-01-01
1591,51710,7895.0,UPI,Paid,2025-09-21
1592,51711,62550.0,Cash on Delivery,Pending,2026-01-10
1593,51712,66115.0,UPI,Paid,2025-04-09
1594,51713,45555.0,Net Banking,Paid,2026-08-08
1595,51714,8340.0,Credit Card,Paid,2025-05-13
1596,51715,4267.5,UPI,Paid,2025-03-26
1597,51717,9100,UPI,Paid,2025-08-20
1598,51718,8105.0,Credit Card,Paid,2025-11-05
1599,51719,14995.0,Debit Card,Paid,2026-08-28
1600,51720,3087.5,Net Banking,Paid,2025-10-01
1601,51721,6510.0,UPI,Paid,2026-03-09
1602,51722,60600,Debit Card,Paid,2025-02-05
1603,51723,9975.0,Credit Card,Paid,2025-02-19
1604,51724,4320.0,Cash on Delivery,Paid,2025-01-15
1605,51725,4550,Credit Card,Paid,2025-09-01
1606,51726,4845.0,UPI,Paid,2026-08-09
1607,51727,46330.0,Credit Card,Paid,2025-07-12
1608,51728,23320.0,Credit Card,Paid,2026-08-15
1609,51729,8980.0,Credit Card,Paid,2026-04-10
1610,51730,34500,Credit Card,Paid,2025-05-01
1611,51732,34300,Cash on Delivery,Paid,2025-07-10
1612,51733,2900,UPI,Paid,2026-05-15
1613,51734,1870.0,Debit Card,Paid,2025-04-09
1614,51735,3325.0,Credit Card,Paid,2026-06-16
1615,51736,14050,Cash on Delivery,Paid,2026-03-13
1616,51737,3855.0,Credit Card,Paid,2025-05-10
1617,51738,5800,UPI,Paid,2025-04-24
1618,51739,12777.5,Credit Card,Paid,2025-05-10
1619,51740,4300,UPI,Paid,2026-03-23
1620,51741,4465.0,UPI,Paid,2026-06-01
1621,51742,675.0,Debit Card,Paid,2026-06-08
1622,51743,16645.0,UPI,Paid,2025-08-16
1623,51744,1350,UPI,Paid,2025-12-29
1624,51745,51352.5,UPI,Paid,2026-07-31
1625,51746,21120.0,UPI,Paid,2026-06-30
1626,51747,11332.5,Debit Card,Paid,2026-06-28
1627,51748,4105.0,Cash on Delivery,Paid,2025-06-19
1628,51749,31150,Credit Card,Paid,2025-08-20
1629,51750,2612.5,UPI,Paid,2025-06-05
1630,51751,38715.0,UPI,Paid,2026-03-11
1631,51752,4227.5,UPI,Paid,2026-02-15
1632,51754,990.0,Cash on Delivery,Paid,2025-05-20
1633,51755,35615.0,Net Banking,Paid,2025-03-18
1634,51756,120270.0,UPI,Paid,2025-11-16
1635,51757,7497.5,UPI,Pending,2026-09-01
1636,51758,4892.5,Debit Card,Paid,2026-02-25
1637,51759,2500,Credit Card,Paid,2025-06-14
1638,51760,7572.5,Credit Card,Paid,2025-09-06
1639,51761,3060.0,Net Banking,Paid,2026-03-06
1640,51762,4200,UPI,Paid,2025-12-25
1641,51763,23285.0,UPI,Paid,2025-10-10
1642,51765,2125.0,Credit Card,Paid,2026-03-31
1643,51766,24100,Cash on Delivery,Paid,2025-12-02
1644,51767,500,Credit Card,Paid,2025-11-15
1645,51768,76500,UPI,Paid,2026-09-05
1646,51769,29162.5,UPI,Paid,2025-11-02
1647,51770,1700,Credit Card,Paid,2026-09-17
1648,51771,3780.0,Debit Card,Paid,2025-12-16
1649,51772,46815.0,Net Banking,Paid,2025-02-11
1650,51773,11675.0,Credit Card,Paid,2025-04-26
1651,51774,5605.0,Credit Card,Paid,2025-06-22
1652,51775,9150,UPI,Paid,2026-05-14
1653,51776,11137.5,Cash on Delivery,Paid,2025-04-16
1654,51777,31150,UPI,Paid,2026-09-06
1655,51778,17600.0,Debit Card,Paid,2026-05-22
1656,51779,1710.0,UPI,Paid,2026-03-08
1657,51780,4335.0,Debit Card,Paid,2025-10-14
1658,51781,12965.0,Cash on Delivery,Paid,2025-09-15
1659,51782,2660.0,Credit Card,Pending,2025-09-15
1660,51783,6787.5,UPI,Paid,2025-04-14
1661,51784,38157.5,Net Banking,Paid,2026-08-23
1662,51785,12850,Net Banking,Paid,2025-09-30
1663,51786,9667.5,Credit Card,Paid,2026-05-15
1664,51787,59970.0,UPI,Paid,2026-01-20
1665,51788,9100,Credit Card,Paid,2026-01-27
1666,51789,89770.0,Debit Card,Paid,2025-04-11
1667,51790,11350,Credit Card,Paid,2025-09-02
1668,51791,136900,Credit Card,Paid,2026-09-11
1669,51792,39550,UPI,Paid,2025-02-10
1670,51793,250,UPI,Paid,2026-04-17
1671,51794,4940.0,UPI,Paid,2026-02-13
1672,51795,2400,Debit Card,Paid,2026-03-19
1673,51796,5355.0,Net Banking,Paid,2026-08-04
1674,51797,36702.5,UPI,Paid,2025-12-03
1675,51798,24405.0,Cash on Delivery,Paid,2025-01-30
1676,51799,4940.0,Credit Card,Paid,2025-09-17
1677,51800,1890.0,Credit Card,Pending,2025-12-27
1678,51801,8695.0,Debit Card,Paid,2026-04-02
1679,51802,5130.0,Credit Card,Paid,2025-09-27
1680,51803,14037.5,Credit Card,Paid,2026-07-26
1681,51804,12100,Credit Card,Paid,2025-11-26
1682,51805,500,UPI,Paid,2025-06-26
1683,51806,3850,Credit Card,Paid,2025-12-08
1684,51807,13785.0,Credit Card,Paid,2025-08-22
1685,51808,12090.0,Net Banking,Paid,2025-04-03
1686,51809,4200,Credit Card,Paid,2026-05-25
1687,51810,3650,UPI,Paid,2025-07-27
1688,51811,13310.0,Net Banking,Paid,2025-12-26
1689,51812,18150,Credit Card,Paid,2026-01-06
1690,51813,3400,Credit Card,Paid,2025-11-27
1691,51815,11727.5,Debit Card,Paid,2026-07-28
1692,51816,9650,Credit Card,Paid,2025-07-02
1693,51817,15435.0,UPI,Paid,2025-07-23
1694,51818,21052.5,UPI,Paid,2026-02-19
1695,51819,16862.5,Credit Card,Paid,2025-12-15
1696,51820,18540.0,Credit Card,Paid,2026-01-30
1697,51821,3467.5,UPI,Paid,2025-10-28
1698,51822,84605.0,Debit Card,Pending,2025-11-28
1699,51823,100750.0,Debit Card,Paid,2025-02-11
1700,51824,13785.0,Net Banking,Paid,2025-10-08
1701,51825,3300,UPI,Paid,2025-08-13
1702,51826,10000,Debit Card,Paid,2025-08-10
1703,51827,5747.5,Cash on Delivery,Paid,2025-01-22
1704,51828,54700,Cash on Delivery,Paid,2026-03-26
1705,51829,14400,UPI,Paid,2026-08-05
1706,51830,9100,UPI,Paid,2026-06-16
1707,51831,2802.5,UPI,Paid,2026-02-01
1708,51832,103930.0,Net Banking,Paid,2026-01-08
1709,51833,53670.0,UPI,Paid,2026-01-15
1710,51834,31647.5,UPI,Paid,2025-08-29
1711,51835,19450,Credit Card,Paid,2025-05-18
1712,51836,16450,UPI,Paid,2025-09-10
1713,51837,15722.5,Net Banking,Pending,2025-04-09
1714,51838,146575.0,Credit Card,Paid,2026-06-04
1715,51839,1300,Debit Card,Paid,2025-04-18
1716,51840,165360.0,Cash on Delivery,Paid,2025-12-23
1717,51841,2520.0,UPI,Paid,2026-07-22
1718,51842,15500,Debit Card,Paid,2025-10-03
1719,51843,97745.0,Credit Card,Paid,2026-09-26
1720,51844,8930.0,Credit Card,Pending,2025-03-08
1721,51845,13520.0,UPI,Paid,2026-07-28
1722,51846,6075.0,Cash on Delivery,Paid,2025-12-22
1723,51847,250,Credit Card,Paid,2025-03-07
1724,51848,2950.0,UPI,Paid,2025-10-10
1725,51849,6950,Credit Card,Paid,2025-01-29
1726,51850,6210.0,Credit Card,Pending,2025-05-17
1727,51851,1000,Credit Card,Paid,2026-04-08
1728,51852,5500,UPI,Paid,2025-11-08
1729,51854,4140.0,UPI,Pending,2026-07-07
1730,51855,3900,Credit Card,Pending,2025-01-07
1731,51856,5880.0,Net Banking,Paid,2026-01-02
1732,51857,12887.5,Credit Card,Paid,2025-03-14
1733,51858,81775.0,Debit Card,Paid,2025-06-15
1734,51859,1995.0,Credit Card,Paid,2026-09-08
1735,51860,2750,Credit Card,Paid,2025-07-05
1736,51861,39805.0,UPI,Paid,2025-05-03
1737,51862,11702.5,Credit Card,Paid,2026-02-18
1738,51863,5050,Credit Card,Paid,2026-02-01
1739,51864,4450,Credit Card,Paid,2026-05-01
1740,51865,1615.0,UPI,Paid,2025-04-09
1741,51866,2422.5,UPI,Paid,2026-03-17
1742,51867,10922.5,Cash on Delivery,Paid,2025-07-08
1743,51868,9557.5,Credit Card,Pending,2025-12-26
1744,51869,2422.5,Credit Card,Paid,2025-12-14
1745,51870,6000,Credit Card,Paid,2025-09-21
1746,51871,55252.5,Credit Card,Paid,2026-07-25
1747,51872,3465.0,Net Banking,Paid,2025-06-22
1748,51873,14327.5,Debit Card,Paid,2025-01-13
1749,51874,43295.0,Credit Card,Paid,2025-01-29
1750,51875,8335.0,UPI,Paid,2026-01-19
1751,51876,2160.0,Cash on Delivery,Paid,2025-07-13
1752,51877,11255.0,UPI,Paid,2026-07-03
1753,51878,2735.0,Credit Card,Paid,2025-06-08
1754,51879,6150,Net Banking,Paid,2026-03-28
1755,51880,3135.0,Cash on Delivery,Paid,2025-07-01
1756,51881,47207.5,Debit Card,Paid,2026-04-01
1757,51883,5850.0,Credit Card,Paid,2025-05-04
1758,51884,38115.0,Net Banking,Paid,2025-10-26
1759,51885,17195.0,Credit Card,Paid,2026-08-28
1760,51886,15725.0,Credit Card,Paid,2026-05-25
1761,51888,2350,Net Banking,Paid,2026-07-16
1762,51889,3515.0,UPI,Paid,2025-04-30
1763,51890,9700,UPI,Paid,2025-09-10
1764,51891,9700,UPI,Paid,2026-05-18
1765,51892,11505.0,UPI,Paid,2026-01-02
1766,51893,93317.5,Cash on Delivery,Paid,2026-05-07
1767,51894,1620.0,Net Banking,Paid,2026-08-29
1768,51896,4465.0,Debit Card,Paid,2026-06-29
1769,51897,43652.5,UPI,Paid,2025-07-25
1770,51898,75712.5,UPI,Paid,2025-07-22
1771,51899,7647.5,Debit Card,Paid,2026-02-18
1772,51900,66005.0,Debit Card,Paid,2025-01-25
1773,51901,7050,Net Banking,Paid,2026-05-11
1774,51902,6745.0,Credit Card,Paid,2025-10-22
1775,51903,6390.0,UPI,Paid,2026-06-25
1776,51904,950,UPI,Paid,2025-04-02
1777,51905,5300,Debit Card,Paid,2026-08-08
1778,51906,225.0,Cash on Delivery,Paid,2025-02-19
1779,51907,3550,UPI,Paid,2025-11-07
1780,51908,1260.0,Credit Card,Paid,2026-07-05
1781,51909,17250,Credit Card,Paid,2026-03-21
1782,51910,9450.0,UPI,Paid,2025-07-02
1783,51913,2100,Cash on Delivery,Paid,2025-03-16
1784,51914,2090.0,Credit Card,Paid,2026-08-08
1785,51915,57165.0,Credit Card,Paid,2026-01-26
1786,51916,3400,Credit Card,Paid,2025-10-25
1787,51917,11900,Cash on Delivery,Pending,2025-12-05
1788,51918,510.0,UPI,Paid,2025-08-22
1789,51919,13705.0,UPI,Paid,2025-02-15
1790,51920,7300,UPI,Paid,2026-09-29
1791,51921,9500.0,UPI,Paid,2026-03-09
1792,51922,16850,Debit Card,Paid,2025-11-14
1793,51923,11115.0,UPI,Paid,2025-10-07
1794,51924,585.0,Credit Card,Paid,2026-02-28
1795,51925,26335.0,Debit Card,Paid,2025-07-14
1796,51926,11500.0,Cash on Delivery,Paid,2026-09-07
1797,51927,4280.0,UPI,Paid,2025-02-12
1798,51928,2000,UPI,Paid,2025-08-17
1799,51930,2900,Debit Card,Paid,2025-07-07
1800,51931,4892.5,UPI,Pending,2025-09-20
1801,51932,7700,Credit Card,Paid,2026-02-12
1802,51933,11905.0,Credit Card,Paid,2026-08-07
1803,51934,1710.0,Net Banking,Paid,2026-02-09
1804,51935,12825.0,Net Banking,Paid,2025-03-30
1805,51936,9300,Credit Card,Paid,2025-05-11
1806,51937,16650.0,UPI,Paid,2026-05-06
1807,51938,570.0,UPI,Paid,2026-02-02
1808,51939,6587.5,Credit Card,Paid,2025-03-11
1809,51940,18350,UPI,Paid,2026-03-25
1810,51941,130055.0,UPI,Paid,2025-02-12
1811,51942,2100,UPI,Paid,2025-07-13
1812,51943,5900,UPI,Paid,2025-02-14
1813,51944,7465.0,Credit Card,Paid,2025-12-16
1814,51945,4550,Debit Card,Paid,2025-06-29
1815,51946,12695.0,UPI,Paid,2025-02-27
1816,51947,1572.5,UPI,Paid,2025-10-26
1817,51948,9210.0,Net Banking,Paid,2025-07-19
1818,51949,6695.0,UPI,Paid,2025-01-26
1819,51950,11215.0,Credit Card,Paid,2025-09-09
1820,51951,2750,UPI,Paid,2025-06-14
1821,51952,25075.0,UPI,Paid,2025-02-28
1822,51953,7695.0,Debit Card,Paid,2026-06-15
1823,51954,4322.5,Cash on Delivery,Paid,2025-06-23
1824,51955,107035.0,Credit Card,Paid,2025-02-09
1825,51956,2700.0,UPI,Paid,2025-08-28
1826,51957,15450,UPI,Paid,2025-03-01
1827,51958,62295.0,Net Banking,Paid,2025-05-03
1828,51959,6030.0,UPI,Paid,2025-02-06
1829,51961,63300,UPI,Paid,2025-10-17
1830,51962,58182.5,UPI,Paid,2025-09-01
1831,51963,5500,Cash on Delivery,Pending,2025-12-20
1832,51965,12335.0,UPI,Paid,2026-07-04
1833,51966,3810.0,Credit Card,Paid,2025-10-21
1834,51967,87780.0,UPI,Pending,2026-02-02
1835,51968,5050,Debit Card,Paid,2026-01-12
1836,51969,1615.0,Credit Card,Paid,2025-11-04
1837,51970,16957.5,UPI,Paid,2026-07-09
1838,51971,6847.5,Debit Card,Paid,2025-05-09
1839,51972,9015.0,UPI,Paid,2026-02-20
1840,51973,2000,Net Banking,Paid,2026-04-09
1841,51974,10922.5,UPI,Paid,2026-01-08
1842,51975,9390.0,Net Banking,Paid,2025-05-17
1843,51976,181350,Net Banking,Paid,2025-08-11
1844,51977,15390.0,Credit Card,Paid,2026-09-26
1845,51978,2390.0,UPI,Paid,2026-02-23
1846,51979,66200,Debit Card,Paid,2026-02-07
1847,51980,3550,UPI,Paid,2026-04-09
1848,51981,7475.0,Debit Card,Paid,2026-02-27
1849,51983,2800,Debit Card,Paid,2026-06-14
1850,51984,92900,Debit Card,Paid,2025-01-25
1851,51985,14960.0,Credit Card,Paid,2025-06-26
1852,51986,98530.0,Debit Card,Paid,2026-07-31
1853,51987,123400.0,Cash on Delivery,Paid,2026-08-12
1854,51988,22675.0,Debit Card,Paid,2026-02-26
1855,51989,2612.5,Cash on Delivery,Paid,2025-05-14
1856,51991,3850,Credit Card,Paid,2025-02-06
1857,51992,41900,Debit Card,Paid,2025-03-29
1858,51993,9047.5,Debit Card,Paid,2025-02-24
1859,51994,5300,UPI,Paid,2026-01-01
1860,51995,5850,Debit Card,Paid,2025-08-07
1861,51996,1852.5,Credit Card,Paid,2025-11-20
1862,51997,4130.0,Net Banking,Paid,2026-05-02
1863,51998,2350,UPI,Paid,2025-11-07
1864,51999,150032.5,UPI,Paid,2025-06-05
1865,52000,4620.0,UPI,Paid,2026-09-26
1866,52001,7967.5,Debit Card,Paid,2026-04-26
1867,52002,4300,Debit Card,Pending,2025-09-13
1868,52004,600,UPI,Paid,2025-02-10
1869,52005,56082.5,Net Banking,Paid,2026-01-24
1870,52006,3895.0,UPI,Paid,2026-08-24
1871,52007,3657.5,Credit Card,Paid,2026-03-28
1872,52008,51965.0,UPI,Pending,2025-01-21
1873,52009,8972.5,UPI,Paid,2026-08-04
1874,52011,32130.0,Debit Card,Paid,2025-05-19
1875,52012,250,Cash on Delivery,Paid,2025-06-03
1876,52013,13550.0,Credit Card,Pending,2025-07-21
1877,52014,2350,Credit Card,Paid,2025-03-27
1878,52015,9325.0,Credit Card,Paid,2026-05-22
1879,52016,2565.0,Credit Card,Pending,2026-03-04
1880,52017,56100.0,UPI,Paid,2025-09-16
1881,52020,1950,Credit Card,Paid,2025-09-02
1882,52021,137850,Net Banking,Paid,2026-03-20
1883,52022,19407.5,Credit Card,Paid,2026-04-15
1884,52023,5250,UPI,Paid,2025-02-02
1885,52024,9150,Credit Card,Paid,2025-01-11
1886,52025,1200,Credit Card,Paid,2026-01-25
1887,52026,6745.0,UPI,Paid,2026-02-02
1888,52027,5700.0,Credit Card,Paid,2026-01-20
1889,52028,10500,UPI,Paid,2026-03-11
1890,52029,3847.5,Debit Card,Paid,2025-12-21
1891,52030,75420.0,Credit Card,Paid,2026-05-16
1892,52032,23700.0,Credit Card,Paid,2025-11-23
1893,52033,14535.0,Credit Card,Paid,2025-01-24
1894,52034,28035.0,UPI,Paid,2025-04-20
1895,52035,69700.0,UPI,Paid,2025-03-08
1896,52036,54037.5,Credit Card,Paid,2025-03-31
1897,52037,10510.0,Credit Card,Paid,2025-01-14
1898,52038,16482.5,UPI,Paid,2026-09-25
1899,52039,5950,Debit Card,Paid,2026-04-17
1900,52040,4230.0,Cash on Delivery,Paid,2025-04-19
1901,52041,6175.0,Credit Card,Paid,2025-05-23
1902,52042,136900,UPI,Paid,2025-03-25
1903,52043,7900,Credit Card,Paid,2025-04-04
1904,52044,2102.5,Credit Card,Paid,2025-08-27
1905,52045,5895.0,UPI,Paid,2026-02-01
1906,52046,2800,Debit Card,Paid,2026-05-03
1907,52047,570.0,UPI,Paid,2026-05-23
1908,52048,8650,Cash on Delivery,Paid,2025-10-22
1909,52049,2950,UPI,Paid,2025-03-04
1910,52050,1852.5,UPI,Paid,2025-03-23
1911,52051,12400,Credit Card,Paid,2025-05-28
1912,52052,23750.0,UPI,Paid,2025-07-13
1913,52053,80550.0,UPI,Paid,2025-03-19
1914,52054,64710.0,UPI,Paid,2025-08-22
1915,52055,7830.0,UPI,Paid,2026-08-30
1916,52056,6300,Credit Card,Paid,2025-10-20
1917,52057,2660.0,Credit Card,Paid,2025-12-20
1918,52058,6765.0,Credit Card,Paid,2025-09-15
1919,52059,1140.0,Debit Card,Paid,2025-03-05
1920,52060,5500,Debit Card,Paid,2025-03-03
1921,52061,25130.0,UPI,Paid,2025-03-23
1922,52062,86860.0,Debit Card,Paid,2026-04-02
1923,52063,80665.0,UPI,Paid,2025-04-01
1924,52064,70827.5,Credit Card,Paid,2026-01-06
1925,52065,1850,UPI,Paid,2025-03-09
1926,52066,8385.0,UPI,Paid,2025-11-23
1927,52067,11445.0,Net Banking,Paid,2026-05-07
1928,52068,4750,Debit Card,Paid,2026-05-16
1929,52069,5605.0,UPI,Paid,2025-07-14
1930,52070,3085.0,Credit Card,Paid,2025-12-28
1931,52072,10755.0,Debit Card,Paid,2026-02-17
1932,52073,18590.0,UPI,Paid,2026-04-09
1933,52074,2550,Credit Card,Paid,2026-01-30
1934,52075,37800,UPI,Paid,2025-05-23
1935,52076,10300,Cash on Delivery,Paid,2025-06-02
1936,52077,810.0,Cash on Delivery,Paid,2025-06-26
1937,52078,32680.0,Credit Card,Paid,2025-08-11
1938,52079,6600,Debit Card,Paid,2025-06-03
1939,52080,7935.0,Debit Card,Paid,2026-05-25
1940,52081,12000,UPI,Paid,2026-07-17
1941,52082,11005.0,Credit Card,Paid,2026-09-14
1942,52083,123315.0,Credit Card,Paid,2025-06-13
1943,52084,5840.0,Credit Card,Pending,2025-12-28
1944,52085,1062.5,UPI,Paid,2025-11-28
1945,52086,6485.0,Debit Card,Paid,2025-05-25
1946,52087,61700,UPI,Paid,2025-08-10
1947,52088,11830.0,Cash on Delivery,Paid,2025-11-12
1948,52089,6582.5,Debit Card,Paid,2025-11-15
1949,52090,2000,Credit Card,Paid,2025-05-05
1950,52091,53760.0,UPI,Paid,2025-12-16
1951,52092,6000,Debit Card,Paid,2025-05-12
1952,52093,6750,Cash on Delivery,Paid,2025-03-06
1953,52094,13645.0,UPI,Paid,2025-09-10
1954,52096,4725.0,UPI,Paid,2026-05-03
1955,52097,7500,Debit Card,Paid,2026-08-15
1956,52098,31230.0,UPI,Pending,2025-05-11
1957,52099,20900,UPI,Pending,2026-08-10
1958,52100,2555.0,Credit Card,Paid,2026-08-31
1959,52101,4550,Debit Card,Paid,2025-09-13
1960,52102,1877.5,Net Banking,Paid,2025-01-20
1961,52103,7837.5,Net Banking,Paid,2026-01-29
1962,52104,1600,Credit Card,Paid,2025-03-25
1963,52105,475.0,Cash on Delivery,Paid,2025-09-30
1964,52106,4750,Cash on Delivery,Paid,2025-07-17
1965,52107,3295.0,Cash on Delivery,Paid,2025-05-27
1966,52108,31150,Credit Card,Paid,2026-05-01
1967,52109,54900,Cash on Delivery,Paid,2025-12-02
1968,52110,1800,UPI,Paid,2026-07-30
1969,52111,3700,UPI,Paid,2025-11-24
1970,52112,2400,Credit Card,Paid,2026-07-04
1971,52113,2327.5,Net Banking,Pending,2025-07-12
1972,52114,22705.0,UPI,Paid,2025-05-04
1973,52115,1950,Cash on Delivery,Paid,2025-07-19
1974,52116,4535.0,UPI,Paid,2025-09-12
1975,52117,46200,Credit Card,Paid,2025-01-12
1976,52118,35505.0,UPI,Paid,2025-10-31
1977,52119,3515.0,Credit Card,Paid,2026-03-08
1978,52120,6412.5,Credit Card,Paid,2025-06-01
1979,52121,6120.0,Credit Card,Paid,2025-06-10
1980,52123,6050,UPI,Paid,2025-07-22
1981,52124,4970.0,Debit Card,Paid,2025-06-16
1982,52125,15167.5,Debit Card,Paid,2025-01-18
1983,52126,3420.0,UPI,Paid,2026-07-20
1984,52127,11347.5,Debit Card,Paid,2026-01-20
1985,52128,4987.5,UPI,Paid,2025-11-28
1986,52129,5622.5,Net Banking,Paid,2025-02-05
1987,52130,28745.0,Debit Card,Paid,2026-08-06
1988,52131,4095.0,Debit Card,Paid,2025-05-16
1989,52132,13700.0,UPI,Paid,2025-05-24
1990,52133,17827.5,Net Banking,Paid,2025-08-29
1991,52134,5355.0,UPI,Paid,2026-01-01
1992,52135,1520.0,Net Banking,Paid,2025-03-13
1993,52136,450.0,Cash on Delivery,Paid,2026-06-22
1994,52137,17370.0,Credit Card,Paid,2025-06-08
1995,52138,5900,Debit Card,Paid,2025-08-01
1996,52139,9270.0,Credit Card,Paid,2025-09-25
1997,52140,21350,Debit Card,Paid,2026-07-26
1998,52141,8480.0,Debit Card,Paid,2025-08-19
1999,52143,2660.0,Credit Card,Paid,2025-05-21
2000,52144,2125.0,UPI,Paid,2026-02-10
2001,52145,7865.0,Net Banking,Paid,2026-05-20
2002,52146,2700.0,UPI,Paid,2026-03-01
2003,52147,11612.5,Debit Card,Paid,2026-08-27
2004,52148,12967.5,Credit Card,Paid,2026-05-19
2005,52150,11530.0,Credit Card,Paid,2025-06-18
2006,52152,100005.0,Debit Card,Paid,2025-10-16
2007,52153,13100,Credit Card,Paid,2026-02-02
2008,52154,2930.0,UPI,Paid,2026-09-15
2009,52155,13627.5,Cash on Delivery,Paid,2025-09-24
2010,52156,53942.5,Credit Card,Paid,2026-04-08
2011,52157,9090.0,UPI,Paid,2026-06-09
2012,52158,69500,Credit Card,Paid,2025-04-26
2013,52159,1950,Debit Card,Paid,2025-07-30
2014,52160,3087.5,Net Banking,Paid,2025-11-02
2015,52161,19300,Cash on Delivery,Paid,2026-08-31
2016,52162,36255.0,Credit Card,Paid,2025-02-25
2017,52163,65450.0,Debit Card,Paid,2025-09-16
2018,52164,187315.0,UPI,Paid,2025-01-13
2019,52165,58705.0,Net Banking,Paid,2025-12-08
2020,52166,198665.0,Debit Card,Paid,2026-02-02
2021,52167,6995.0,Credit Card,Paid,2026-02-05
2022,52168,5320.0,UPI,Paid,2026-05-19
2023,52169,4550,Credit Card,Paid,2025-09-12
2024,52170,3230.0,UPI,Paid,2025-01-01
2025,52172,2612.5,UPI,Paid,2025-11-07
2026,52173,14300,UPI,Paid,2025-06-13
2027,52174,9545.0,UPI,Pending,2025-07-15
2028,52175,15750.0,UPI,Paid,2026-01-17
2029,52176,54700,Credit Card,Paid,2025-01-23
2030,52177,48050,Debit Card,Paid,2025-05-03
2031,52178,1450,Debit Card,Paid,2025-07-29
2032,52180,4550,Cash on Delivery,Paid,2025-06-28
2033,52181,5652.5,Debit Card,Paid,2025-08-29
2034,52182,41720.0,Debit Card,Paid,2026-07-25
2035,52183,79610.0,Credit Card,Paid,2026-07-31
2036,52184,4750,Credit Card,Paid,2025-06-06
2037,52185,5310.0,UPI,Paid,2026-01-22
2038,52186,46750,UPI,Paid,2026-04-22
2039,52188,2520.0,UPI,Paid,2025-10-15
2040,52189,7892.5,UPI,Paid,2025-07-27
2041,52190,13215.0,Net Banking,Pending,2025-10-06
2042,52191,9707.5,Credit Card,Paid,2026-04-04
2043,52192,4940.0,Debit Card,Paid,2025-02-15
2044,52193,51955.0,Credit Card,Paid,2026-03-22
2045,52194,2750,Cash on Delivery,Paid,2025-08-26
2046,52195,6675.0,Credit Card,Paid,2025-10-21
2047,52196,69880.0,UPI,Paid,2026-04-13
2048,52197,8325.0,Net Banking,Paid,2026-01-18
2049,52198,825.0,Cash on Delivery,Paid,2026-07-19
2050,52199,8650,UPI,Paid,2025-12-22
2051,52200,3800,Credit Card,Paid,2026-01-17
2052,52201,48500.0,Credit Card,Paid,2025-10-27
2053,52202,4085.0,UPI,Paid,2026-05-22
2054,52203,7597.5,Credit Card,Paid,2026-03-19
2055,52204,59800,Cash on Delivery,Paid,2025-05-21
2056,52205,5500,Credit Card,Paid,2026-04-23
2057,52207,1800.0,Credit Card,Paid,2025-05-29
2058,52208,12175.0,UPI,Paid,2025-06-13
2059,52209,56300,Net Banking,Paid,2025-07-30
2060,52211,5850,Credit Card,Paid,2026-07-12
2061,52212,6840.0,UPI,Paid,2025-01-05
2062,52213,6797.5,Debit Card,Paid,2025-06-18
2063,52214,2430.0,Cash on Delivery,Paid,2025-12-09
2064,52215,4470.0,Debit Card,Paid,2026-01-18
2065,52216,1425.0,Cash on Delivery,Paid,2026-02-07
2066,52217,74730.0,Debit Card,Paid,2026-02-22
2067,52218,2600,Debit Card,Paid,2025-08-20
2068,52219,12750,Cash on Delivery,Paid,2025-07-12
2069,52220,1530.0,Credit Card,Paid,2026-06-01
2070,52221,2000,Debit Card,Paid,2025-03-15
2071,52222,67500.0,Credit Card,Paid,2026-02-20
2072,52223,2700,Credit Card,Pending,2025-04-09
2073,52224,7332.5,UPI,Paid,2025-01-17
2074,52225,600,Cash on Delivery,Paid,2025-07-10
2075,52226,630.0,Net Banking,Paid,2025-03-10
2076,52228,18915.0,Net Banking,Paid,2025-01-11
2077,52229,17710.0,Net Banking,Paid,2026-02-02
2078,52230,69500,Debit Card,Paid,2026-09-27
2079,52231,39590.0,UPI,Paid,2026-09-22
2080,52232,5100,Cash on Delivery,Paid,2025-02-02
2081,52233,5850,UPI,Paid,2025-09-19
2082,52234,3200,Credit Card,Paid,2026-01-28
2083,52235,1950,UPI,Paid,2026-03-09
2084,52237,11250,UPI,Paid,2025-01-28
2085,52238,617.5,Debit Card,Paid,2025-03-30
2086,52239,69600,Cash on Delivery,Paid,2025-03-26
2087,52240,8230.0,Credit Card,Paid,2025-04-07
2088,52241,1000,UPI,Paid,2025-09-05
2089,52242,1860.0,Credit Card,Paid,2025-11-27
2090,52243,5225.0,Credit Card,Paid,2026-04-08
2091,52244,2350,Debit Card,Paid,2025-01-11
2092,52246,2000,UPI,Paid,2026-05-30
2093,52247,3700,Credit Card,Paid,2026-08-02
2094,52248,6800,UPI,Paid,2025-02-19
2095,52249,2042.5,UPI,Paid,2026-06-14
2096,52250,39800,Credit Card,Paid,2025-10-28
2097,52251,10450,Debit Card,Paid,2026-09-08
2098,52252,10625.0,Debit Card,Pending,2025-06-08
2099,52253,49190.0,Credit Card,Paid,2026-05-09
2100,52254,570.0,Net Banking,Paid,2025-06-30
2101,52255,6745.0,Credit Card,Paid,2025-07-07
2102,52256,2660.0,UPI,Paid,2026-08-21
2103,52257,43215.0,Credit Card,Paid,2026-04-01
2104,52258,58250,UPI,Paid,2025-04-29
2105,52259,17700,Cash on Delivery,Paid,2026-09-12
2106,52260,6575.0,Credit Card,Paid,2026-01-11
2107,52262,5605.0,Credit Card,Paid,2026-07-11
2108,52263,76002.5,Credit Card,Paid,2025-10-13
2109,52264,46580.0,Cash on Delivery,Paid,2025-03-10
2110,52265,59827.5,Debit Card,Paid,2026-01-02
2111,52267,24897.5,Cash on Delivery,Paid,2025-05-04
2112,52268,16482.5,Net Banking,Paid,2025-07-11
2113,52269,8612.5,Credit Card,Paid,2026-07-14
2114,52270,46200,Debit Card,Pending,2025-03-10
2115,52271,10292.5,Credit Card,Paid,2026-08-20
2116,52272,3850,Debit Card,Paid,2025-08-26
2117,52273,2720.0,UPI,Paid,2026-02-05
2118,52274,900,Credit Card,Paid,2025-01-13
2119,52275,6332.5,Net Banking,Paid,2026-08-23
2120,52276,90250.0,Net Banking,Paid,2025-05-21
2121,52277,56245.0,UPI,Paid,2026-05-07
2122,52278,3700,UPI,Paid,2026-05-02
2123,52279,1997.5,Net Banking,Paid,2025-06-26
2124,52280,2800,UPI,Paid,2026-07-09
2125,52281,42277.5,UPI,Paid,2025-05-11
2126,52282,4845.0,Credit Card,Paid,2025-03-11
2127,52283,9405.0,UPI,Paid,2025-03-16
2128,52284,3350,Debit Card,Paid,2026-02-28
2129,52285,3490.0,UPI,Paid,2025-08-19
2130,52286,14095.0,Debit Card,Paid,2026-03-19
2131,52287,6400,UPI,Paid,2026-02-09
2132,52288,1950,UPI,Paid,2026-01-18
2133,52289,18675.0,Debit Card,Paid,2025-08-19
2134,52291,4607.5,Credit Card,Paid,2026-02-21
2135,52292,500,Debit Card,Paid,2025-06-11
2136,52293,5567.5,Net Banking,Paid,2026-05-25
2137,52294,12650,Cash on Delivery,Paid,2025-02-01
2138,52295,1950,Debit Card,Paid,2025-05-30
2139,52296,7522.5,Debit Card,Paid,2025-10-12
2140,52297,13437.5,UPI,Paid,2025-12-16
2141,52299,9227.5,Debit Card,Paid,2026-04-27
2142,52300,6412.5,UPI,Paid,2026-08-27
2143,52301,2232.5,UPI,Paid,2026-09-12
2144,52302,3880.0,Cash on Delivery,Paid,2025-05-21
2145,52303,24750,UPI,Pending,2026-05-17
2146,52304,91287.5,Credit Card,Paid,2026-09-24
2147,52306,6050,Net Banking,Paid,2026-09-01
2148,52308,36550.0,Credit Card,Pending,2025-12-23
2149,52309,13540.0,UPI,Paid,2025-12-10
2150,52310,14395.0,UPI,Paid,2025-09-28
2151,52311,4902.5,Debit Card,Paid,2025-07-12
2152,52312,2200,Debit Card,Paid,2025-05-23
2153,52313,3100.0,Debit Card,Paid,2025-07-14
2154,52314,3350,Debit Card,Paid,2026-07-10
2155,52315,3650,Credit Card,Paid,2026-04-19
2156,52316,25237.5,Cash on Delivery,Paid,2025-10-26
2157,52317,58560.0,Net Banking,Paid,2025-12-12
2158,52318,44077.5,UPI,Paid,2026-05-24
2159,52320,5272.5,UPI,Paid,2025-12-16
2160,52321,1900.0,Debit Card,Paid,2025-09-16
2161,52322,1500,Debit Card,Pending,2026-07-18
2162,52323,50177.5,Credit Card,Paid,2025-07-13
2163,52324,3745.0,Credit Card,Paid,2026-05-22
2164,52325,2280.0,Debit Card,Paid,2026-08-21
2165,52326,83000,Cash on Delivery,Paid,2026-03-07
2166,52327,700,Cash on Delivery,Paid,2026-03-14
2167,52328,56647.5,Net Banking,Paid,2025-04-21
2168,52329,80575.0,Debit Card,Paid,2025-05-03
2169,52330,7312.5,Cash on Delivery,Paid,2025-02-25
2170,52331,8065.0,Credit Card,Paid,2025-04-21
2171,52333,3700,UPI,Paid,2025-07-29
2172,52334,29485.0,Net Banking,Paid,2025-03-03
2173,52335,39805.0,Credit Card,Paid,2025-10-11
2174,52336,17250,Debit Card,Paid,2025-08-14
2175,52338,15405.0,Credit Card,Paid,2025-08-31
2176,52339,5200,Net Banking,Paid,2025-11-21
2177,52340,17600,UPI,Paid,2026-01-28
2178,52341,3690.0,Debit Card,Paid,2025-06-14
2179,52342,2150,Credit Card,Paid,2025-10-04
2180,52343,3500,Cash on Delivery,Paid,2025-09-10
2181,52344,6330.0,Credit Card,Paid,2026-04-16
2182,52345,3500,Debit Card,Paid,2025-08-14
2183,52346,111840.0,Credit Card,Paid,2025-11-12
2184,52347,8390.0,UPI,Paid,2026-01-31
2185,52348,10300,Cash on Delivery,Paid,2025-03-25
2186,52349,11550,Credit Card,Paid,2025-06-03
2187,52350,6650.0,Net Banking,Paid,2026-09-22
2188,52351,9950,Credit Card,Paid,2025-10-06
2189,52352,1850,Cash on Delivery,Paid,2026-03-24
2190,52353,8505.0,Credit Card,Paid,2025-11-26
2191,52354,49037.5,Debit Card,Paid,2026-02-02
2192,52355,1785.0,UPI,Paid,2026-01-17
2193,52356,4200,Credit Card,Paid,2026-01-22
2194,52357,53420.0,UPI,Paid,2025-08-12
2195,52358,6950,Cash on Delivery,Paid,2025-09-12
2196,52359,1757.5,UPI,Paid,2026-01-24
2197,52360,3465.0,Credit Card,Paid,2025-01-25
2198,52361,7125.0,Credit Card,Paid,2025-03-08
2199,52362,5650,Debit Card,Paid,2026-02-03
2200,52363,5900,Credit Card,Paid,2025-01-21
2201,52364,1450,UPI,Paid,2026-03-11
2202,52365,1250,UPI,Paid,2025-08-23
2203,52366,17845.0,Cash on Delivery,Paid,2025-09-24
2204,52367,4990.0,Cash on Delivery,Paid,2026-08-23
2205,52368,8900,Debit Card,Paid,2025-07-20
2206,52369,44150,UPI,Paid,2026-01-09
2207,52370,71350,Net Banking,Paid,2025-06-12
2208,52371,38820.0,Cash on Delivery,Paid,2025-02-21
2209,52372,7600,Debit Card,Paid,2025-09-19
2210,52373,4980.0,Credit Card,Paid,2026-03-23
2211,52374,13372.5,UPI,Paid,2025-08-23
2212,52375,13072.5,Net Banking,Paid,2025-03-10
2213,52376,54700,UPI,Paid,2025-02-23
2214,52377,2350,Credit Card,Paid,2025-06-30
2215,52379,15562.5,UPI,Paid,2025-07-20
2216,52380,19855.0,Cash on Delivery,Paid,2025-04-14
2217,52381,68550,Cash on Delivery,Paid,2026-07-01
2218,52382,2150,UPI,Paid,2026-01-13
2219,52383,997.5,Debit Card,Paid,2025-07-11
2220,52384,37450,UPI,Paid,2025-06-25
2221,52385,5562.5,Credit Card,Paid,2025-01-22
2222,52386,16165.0,UPI,Paid,2026-02-08
2223,52387,3990.0,Net Banking,Paid,2025-06-09
2224,52388,1567.5,Credit Card,Paid,2026-09-16
2225,52389,4230.0,UPI,Paid,2025-10-13
2226,52390,120660.0,Credit Card,Paid,2025-04-23
2227,52391,2550,Credit Card,Paid,2026-09-13
2228,52392,900.0,UPI,Paid,2026-01-22
2229,52393,7862.5,Credit Card,Paid,2026-06-26
2230,52394,5950,UPI,Paid,2026-02-09
2231,52395,14070.0,Cash on Delivery,Paid,2026-06-22
2232,52396,3780.0,Cash on Delivery,Paid,2026-06-17
2233,52397,1250,UPI,Paid,2026-02-19
2234,52398,1000,Cash on Delivery,Paid,2026-02-22
2235,52399,3700.0,UPI,Paid,2025-05-10
2236,52400,15100,UPI,Pending,2026-09-07
2237,52401,10997.5,Credit Card,Paid,2025-04-29
2238,52402,900,Credit Card,Paid,2026-01-20
2239,52403,30250,UPI,Paid,2026-05-14
2240,52404,1350.0,UPI,Paid,2026-03-22
2241,52405,950.0,UPI,Paid,2026-04-06
2242,52406,28650,UPI,Paid,2025-05-24
2243,52407,1377.5,Credit Card,Paid,2025-09-08
2244,52408,4750,Cash on Delivery,Paid,2026-03-26
2245,52409,85510.0,Debit Card,Paid,2026-04-22
2246,52410,21547.5,Debit Card,Paid,2025-05-14
2247,52412,11800,UPI,Paid,2025-10-30
2248,52414,5320.0,Net Banking,Paid,2025-03-21
2249,52415,3205.0,Debit Card,Paid,2026-06-09
2250,52416,2115.0,Credit Card,Paid,2026-05-06
2251,52418,3890.0,Credit Card,Paid,2025-04-14
2252,52419,617.5,Cash on Delivery,Paid,2025-10-04
2253,52420,3400.0,Credit Card,Paid,2026-06-18
2254,52421,1785.0,Cash on Delivery,Paid,2025-12-09
2255,52422,16387.5,UPI,Paid,2026-09-29
2256,52423,7950,UPI,Paid,2026-06-14
2257,52424,5150,UPI,Paid,2026-05-15
2258,52425,2100,Credit Card,Paid,2026-07-16
2259,52426,7935.0,Cash on Delivery,Pending,2025-03-10
2260,52427,14285.0,Debit Card,Paid,2026-01-22
2261,52428,9905.0,UPI,Paid,2025-10-01
2262,52429,87360.0,UPI,Paid,2025-07-21
2263,52430,10150,UPI,Paid,2026-02-08
2264,52431,18167.5,Net Banking,Pending,2025-01-13
2265,52432,50950.0,Credit Card,Paid,2026-08-06
2266,52433,25405.0,UPI,Paid,2025-06-05
2267,52434,4395.0,Debit Card,Paid,2025-08-04
2268,52435,2900,Credit Card,Paid,2025-02-08
2269,52436,6050,Credit Card,Paid,2025-03-09
2270,52438,4950.0,Credit Card,Paid,2025-03-23
2271,52439,31150,Cash on Delivery,Paid,2025-12-17
2272,52440,12902.5,Credit Card,Pending,2026-04-26
2273,52441,19570.0,Credit Card,Paid,2026-07-26
2274,52442,5850,Credit Card,Paid,2025-12-05
2275,52443,80800,UPI,Paid,2025-06-09
2276,52444,44562.5,UPI,Paid,2026-08-27
2277,52445,5145.0,UPI,Paid,2026-09-01
2278,52446,5157.5,Credit Card,Paid,2025-01-23
2279,52447,7900.0,Credit Card,Paid,2026-06-06
2280,52448,73550,Credit Card,Paid,2026-02-19
2281,52449,7927.5,Debit Card,Paid,2025-09-21
2282,52450,4400,UPI,Paid,2025-08-17
2283,52451,6100,Net Banking,Paid,2025-09-12
2284,52452,2100,UPI,Paid,2025-04-11
2285,52453,9745.0,Cash on Delivery,Paid,2026-02-27
2286,52454,1845.0,Net Banking,Paid,2025-12-06
2287,52457,5950,Credit Card,Paid,2026-02-20
2288,52458,9187.5,Credit Card,Pending,2026-04-30
2289,52459,12990.0,Credit Card,Paid,2026-01-15
2290,52461,26985.0,Cash on Delivery,Paid,2025-08-08
2291,52462,8105.0,UPI,Paid,2025-10-21
2292,52463,20530.0,UPI,Paid,2025-12-11
2293,52464,1950,UPI,Paid,2026-01-21
2294,52465,64380.0,UPI,Paid,2025-03-26
2295,52466,172835.0,Debit Card,Paid,2026-07-08
2296,52467,16750.0,Credit Card,Pending,2025-06-05
2297,52468,11932.5,UPI,Paid,2025-07-01
2298,52469,1530.0,UPI,Paid,2026-01-11
2299,52470,5100,Credit Card,Paid,2026-01-01
2300,52472,8912.5,Credit Card,Pending,2025-02-09
2301,52473,4845.0,UPI,Paid,2025-02-10
2302,52474,13520.0,UPI,Paid,2025-07-16
2303,52475,1300,Net Banking,Paid,2026-05-18
2304,52476,9857.5,UPI,Paid,2026-09-23
2305,52477,8300,Credit Card,Paid,2026-09-20
2306,52478,4700,Cash on Delivery,Paid,2026-09-13
2307,52479,4700,Debit Card,Paid,2026-06-12
2308,52480,13100,Credit Card,Paid,2025-10-18
2309,52481,29950,UPI,Paid,2025-06-16
2310,52482,5100,Credit Card,Pending,2026-01-03
2311,52483,24895.0,Credit Card,Paid,2026-02-15
2312,52484,63605.0,Credit Card,Paid,2025-11-13
2313,52485,11970.0,Credit Card,Paid,2026-04-18
2314,52486,3400,Debit Card,Paid,2025-03-23
2315,52487,18700,Credit Card,Paid,2025-06-01
2316,52488,9550,Debit Card,Paid,2025-06-02
2317,52489,10750.0,Debit Card,Paid,2025-12-07
2318,52490,17670.0,Net Banking,Paid,2026-05-09
2319,52491,66025.0,UPI,Paid,2026-07-20
2320,52493,2100,Debit Card,Paid,2026-01-08
2321,52494,91900,Net Banking,Paid,2025-03-09
2322,52495,9057.5,UPI,Paid,2025-09-16
2323,52496,62822.5,Debit Card,Paid,2026-04-20
2324,52497,5400,UPI,Paid,2025-11-28
2325,52498,3467.5,Net Banking,Paid,2026-03-09
2326,52499,1250,UPI,Paid,2026-08-04
2327,52500,4045.0,Net Banking,Pending,2025-06-18
2328,52501,41135.0,Net Banking,Paid,2026-05-14
2329,52503,11017.5,UPI,Paid,2026-09-11
2330,52504,13230.0,Cash on Delivery,Paid,2025-07-27
2331,52505,2950,Cash on Delivery,Paid,2025-01-10
2332,52506,54405.0,Cash on Delivery,Paid,2026-09-22
2333,52507,29112.5,Net Banking,Paid,2026-05-10
2334,52508,4365.0,Debit Card,Paid,2025-07-26
2335,52509,2100,UPI,Paid,2026-06-02
2336,52510,132885.0,UPI,Pending,2026-06-26
2337,52511,3060.0,UPI,Paid,2026-09-19
2338,52512,7175.0,Debit Card,Paid,2025-02-10
2339,52513,49960.0,UPI,Paid,2026-07-15
2340,52514,17200,Credit Card,Paid,2026-04-13
2341,52515,2890.0,Net Banking,Paid,2026-02-22
2342,52516,7900,Cash on Delivery,Paid,2025-03-06
2343,52519,1850,UPI,Paid,2025-08-17
2344,52520,13005.0,Credit Card,Paid,2025-02-09
2345,52521,6907.5,Credit Card,Paid,2026-08-17
2346,52522,8930.0,Debit Card,Paid,2026-06-28
2347,52523,43652.5,UPI,Paid,2026-04-06
2348,52524,4797.5,Debit Card,Pending,2025-02-18
2349,52525,12565.0,Debit Card,Paid,2025-10-08
2350,52526,500,UPI,Paid,2026-03-03
2351,52527,39595.0,Credit Card,Paid,2025-11-10
2352,52528,130055.0,UPI,Pending,2026-05-24
2353,52529,43557.5,Debit Card,Paid,2026-07-20
2354,52531,13955.0,UPI,Paid,2025-12-03
2355,52532,46200,Credit Card,Paid,2025-01-15
2356,52535,945.0,Debit Card,Paid,2025-06-23
2357,52536,7260.0,Credit Card,Paid,2026-03-02
2358,52537,1800,Credit Card,Paid,2025-06-17
2359,52538,4892.5,UPI,Paid,2025-10-23
2360,52539,92895.0,UPI,Paid,2026-07-16
2361,52540,3700,UPI,Paid,2025-06-09
2362,52541,26875.0,Credit Card,Pending,2025-01-04
2363,52542,18885.0,Debit Card,Pending,2025-10-04
2364,52543,4065.0,Cash on Delivery,Paid,2026-04-08
2365,52544,10857.5,Debit Card,Paid,2026-07-02
2366,52545,2950,Cash on Delivery,Paid,2026-09-22
2367,52546,18330.0,UPI,Paid,2025-04-05
2368,52547,3850,Debit Card,Paid,2025-07-13
2369,52549,61515.0,Credit Card,Pending,2025-03-30
2370,52550,14940.0,Debit Card,Paid,2025-12-17
2371,52551,133000,Credit Card,Paid,2026-07-02
2372,52552,7605.0,Cash on Delivery,Paid,2025-12-26
2373,52553,46200,Credit Card,Paid,2026-03-19
2374,52554,56305.0,UPI,Paid,2026-02-17
2375,52555,66025.0,Cash on Delivery,Paid,2026-05-11
2376,52556,12350.0,Debit Card,Pending,2025-03-10
2377,52557,36192.5,Cash on Delivery,Paid,2026-05-22
2378,52558,41900,UPI,Paid,2025-11-26
2379,52559,4797.5,UPI,Paid,2025-02-12
2380,52560,10100,Credit Card,Paid,2026-08-08
2381,52561,125745.0,Credit Card,Paid,2026-01-17
2382,52562,5355.0,Credit Card,Pending,2025-01-08
2383,52563,182950.0,UPI,Paid,2025-03-29
2384,52564,16490.0,UPI,Paid,2026-06-18
2385,52565,10200,Cash on Delivery,Paid,2025-05-20
2386,52566,23295.0,Net Banking,Paid,2026-07-19
2387,52567,11655.0,UPI,Paid,2025-02-03
2388,52568,8900,Cash on Delivery,Paid,2025-09-09
2389,52569,170910.0,Cash on Delivery,Paid,2025-10-28
2390,52570,5650,UPI,Paid,2025-11-04
2391,52571,3800.0,Credit Card,Paid,2025-09-22
2392,52572,52920.0,Net Banking,Paid,2025-10-15
2393,52573,43890.0,UPI,Pending,2025-03-18
2394,52574,20395.0,Credit Card,Paid,2026-05-26
2395,52575,116305.0,Credit Card,Paid,2025-01-24
2396,52576,4400.0,Credit Card,Paid,2025-07-09
2397,52577,9700,UPI,Paid,2026-06-22
2398,52578,2100,Cash on Delivery,Paid,2026-01-07
2399,52579,4750.0,UPI,Paid,2025-12-08
2400,52580,10832.5,UPI,Paid,2026-08-14
2401,52581,15525.0,Net Banking,Paid,2025-08-26
2402,52582,43967.5,Net Banking,Paid,2026-07-18
2403,52583,22037.5,Credit Card,Paid,2025-03-23
2404,52584,5550,UPI,Paid,2026-08-15
2405,52585,1890.0,Debit Card,Paid,2026-07-20
2406,52586,12155.0,UPI,Paid,2026-02-18
2407,52587,138577.5,Cash on Delivery,Paid,2026-03-07
2408,52588,3962.5,UPI,Paid,2025-02-23
2409,52589,18650.0,Net Banking,Paid,2026-08-26
2410,52590,850.0,Credit Card,Paid,2025-02-13
2411,52591,6910.0,Cash on Delivery,Paid,2026-07-09
2412,52593,6800,Credit Card,Paid,2025-12-09
2413,52594,79610.0,UPI,Paid,2026-08-06
2414,52595,570.0,Credit Card,Paid,2025-01-18
2415,52596,10450,UPI,Paid,2025-05-10
2416,52597,7700,Credit Card,Paid,2026-06-06
2417,52598,26730.0,UPI,Paid,2026-06-20
2418,52599,8522.5,Net Banking,Paid,2025-07-12
2419,52600,4465.0,Debit Card,Paid,2026-03-17
2420,52601,16585.0,UPI,Paid,2025-07-17
2421,52602,1000,Cash on Delivery,Paid,2025-05-20
2422,52603,12255.0,Debit Card,Paid,2026-08-16
2423,52604,4100,Debit Card,Paid,2025-05-08
2424,52605,3400,Credit Card,Paid,2026-09-12
2425,52606,8200,UPI,Paid,2026-02-20
2426,52607,900,Net Banking,Paid,2025-05-12
2427,52608,6650,Debit Card,Paid,2026-08-18
2428,52609,123915.0,Credit Card,Paid,2025-05-16
2429,52610,7475.0,Cash on Delivery,Paid,2025-09-13
2430,52611,15570.0,UPI,Paid,2026-02-09
2431,52612,3045.0,Cash on Delivery,Paid,2025-04-26
2432,52613,18350.0,Credit Card,Paid,2025-04-24
2433,52614,2050,Debit Card,Paid,2025-04-20
2434,52615,19565.0,UPI,Paid,2025-05-31
2435,52616,5600,UPI,Paid,2026-01-13
2436,52617,9200,Credit Card,Paid,2026-06-16
2437,52618,500,Credit Card,Paid,2025-07-26
2438,52619,10300,Net Banking,Paid,2026-02-03
2439,52620,1650,Cash on Delivery,Paid,2025-09-06
2440,52621,6900,Debit Card,Paid,2026-03-24
2441,52622,27550.0,Cash on Delivery,Paid,2026-04-20
2442,52623,45567.5,UPI,Paid,2025-03-03
2443,52624,35910.0,Cash on Delivery,Paid,2025-07-28
2444,52625,7040.0,Credit Card,Paid,2025-05-25
2445,52626,159262.5,Cash on Delivery,Paid,2025-01-15
2446,52627,2800,Credit Card,Paid,2025-03-08
2447,52628,13700.0,Debit Card,Paid,2025-08-18
2448,52629,176200,Credit Card,Paid,2025-10-10
2449,52630,141562.5,Credit Card,Paid,2025-10-04
2450,52631,12600.0,Debit Card,Paid,2025-05-17
2451,52632,4000,Debit Card,Paid,2026-05-13
2452,52633,8430.0,Credit Card,Paid,2026-07-19
2453,52634,11772.5,UPI,Paid,2025-04-23
2454,52635,3465.0,UPI,Paid,2025-09-18
2455,52636,1500,UPI,Paid,2026-06-13
2456,52637,22250,UPI,Paid,2025-01-21
2457,52638,45950,Net Banking,Paid,2025-04-20
2458,52639,16700,UPI,Paid,2025-09-08
2459,52640,7050,Credit Card,Paid,2026-07-24
2460,52642,6050,Credit Card,Paid,2026-06-26
2461,52643,7300,Debit Card,Paid,2025-12-02
2462,52644,86457.5,Cash on Delivery,Paid,2026-03-06
2463,52645,56490.0,Debit Card,Paid,2025-07-18
2464,52646,2765.0,Debit Card,Paid,2026-03-12
2465,52647,61605.0,UPI,Paid,2026-08-24
2466,52648,1125.0,Credit Card,Paid,2026-09-09
2467,52649,7750,Net Banking,Paid,2026-01-25
2468,52650,93940.0,UPI,Paid,2025-09-08
2469,52651,1750,Credit Card,Paid,2026-01-01
2470,52652,3850,Debit Card,Paid,2025-12-08
2471,52653,111170.0,Debit Card,Paid,2026-07-30
2472,52655,6120.0,Cash on Delivery,Paid,2025-02-14
2473,52656,3995.0,Net Banking,Paid,2025-03-16
2474,52657,5150,Net Banking,Paid,2026-07-16
2475,52658,4750,UPI,Paid,2025-08-08
2476,52659,15360.0,Debit Card,Paid,2025-09-20
2477,52660,4560.0,UPI,Pending,2025-05-04
2478,52662,3850,Credit Card,Paid,2025-08-31
2479,52663,4150,Credit Card,Paid,2025-09-14
2480,52664,31040.0,Cash on Delivery,Paid,2025-09-04
2481,52665,4300,Debit Card,Paid,2026-07-09
2482,52667,510.0,Net Banking,Paid,2025-08-10
2483,52668,4950.0,Credit Card,Paid,2025-04-13
2484,52669,2612.5,Debit Card,Paid,2026-08-13
2485,52671,3850,Debit Card,Paid,2026-07-24
2486,52672,1900,Credit Card,Pending,2025-04-10
2487,52673,10685.0,Credit Card,Paid,2025-10-09
2488,52674,54700,Credit Card,Paid,2025-08-28
2489,52675,46200,UPI,Paid,2025-07-20
2490,52676,7050.0,UPI,Paid,2025-10-30
2491,52677,1600,UPI,Paid,2025-08-20
2492,52678,570.0,Credit Card,Paid,2025-07-29
2493,52679,13452.5,Debit Card,Paid,2025-11-03
2494,52680,3515.0,UPI,Paid,2025-03-06
2495,52681,5100,Credit Card,Paid,2026-01-23
2496,52682,5300,Net Banking,Paid,2026-06-30
2497,52683,61750.0,Net Banking,Paid,2026-03-07
2498,52684,17325.0,UPI,Paid,2025-08-05
2499,52685,5450,Debit Card,Paid,2026-03-22
2500,52686,53342.5,Debit Card,Paid,2025-09-30
2501,52688,68540.0,Credit Card,Pending,2026-08-23
2502,52689,1665.0,Credit Card,Paid,2025-06-11
2503,52690,23945.0,UPI,Paid,2026-08-04
2504,52691,60450,Net Banking,Paid,2025-06-26
2505,52692,26190.0,Credit Card,Paid,2025-10-13
2506,52693,9405.0,Credit Card,Paid,2025-01-21
2507,52694,7100,UPI,Paid,2026-07-03
2508,52695,27635.0,UPI,Paid,2026-08-19
2509,52696,6120.0,Debit Card,Paid,2025-02-25
2510,52697,117600,UPI,Paid,2025-04-26
2511,52698,5472.5,Cash on Delivery,Paid,2026-08-18
2512,52699,48130.0,Debit Card,Paid,2025-02-24
2513,52700,3895.0,UPI,Paid,2025-08-26
2514,52701,16365.0,UPI,Paid,2025-02-21
2515,52702,4830.0,UPI,Paid,2025-03-17
2516,52703,205045.0,UPI,Paid,2025-12-14
2517,52704,5350.0,Credit Card,Paid,2025-09-25
2518,52705,6550,UPI,Paid,2025-07-02
2519,52706,10310.0,UPI,Paid,2025-07-30
2520,52707,63300,Credit Card,Paid,2025-04-02
2521,52708,5475.0,Debit Card,Paid,2025-03-15
2522,52709,10300,UPI,Paid,2025-03-24
2523,52710,77045.0,UPI,Paid,2025-06-18
2524,52711,8465.0,Credit Card,Paid,2025-12-12
2525,52712,7142.5,UPI,Paid,2025-01-28
2526,52713,14405.0,UPI,Paid,2025-02-01
2527,52714,54700,Net Banking,Paid,2026-08-23
2528,52715,4635.0,UPI,Pending,2026-05-08
2529,52716,12490.0,UPI,Paid,2026-07-06
2530,52717,950,UPI,Paid,2026-09-12
2531,52718,1995.0,UPI,Paid,2025-12-28
2532,52719,4702.5,Credit Card,Paid,2026-06-01
2533,52720,4695.0,UPI,Paid,2025-09-25
2534,52721,1700,Debit Card,Paid,2025-06-01
2535,52722,12910.0,Net Banking,Paid,2026-05-04
2536,52723,5652.5,Debit Card,Paid,2025-03-20
2537,52724,9225.0,UPI,Paid,2025-10-23
2538,52725,11350.0,UPI,Paid,2025-11-18
2539,52726,10260.0,Credit Card,Paid,2026-03-22
2540,52727,2800,UPI,Paid,2025-02-20
2541,52728,133572.5,Cash on Delivery,Paid,2025-09-09
2542,52729,2365.0,Debit Card,Paid,2025-04-01
2543,52730,35910.0,Debit Card,Paid,2026-06-27
2544,52731,10252.5,Debit Card,Paid,2025-05-06
2545,52732,1995.0,UPI,Paid,2025-10-03
2546,52733,1900.0,Cash on Delivery,Paid,2026-01-14
2547,52734,1250,Debit Card,Paid,2025-06-24
2548,52735,2900,UPI,Paid,2025-02-12
2549,52736,6897.5,Debit Card,Paid,2026-04-27
2550,52737,99885.0,UPI,Paid,2026-02-25
2551,52738,19850.0,Credit Card,Paid,2026-04-17
2552,52739,12700,UPI,Paid,2025-01-18
2553,52740,66025.0,UPI,Paid,2026-06-23
2554,52741,12830.0,Credit Card,Paid,2025-10-02
2555,52742,14180.0,Debit Card,Paid,2026-02-06
2556,52744,3400,Debit Card,Paid,2025-09-25
2557,52745,25632.5,UPI,Paid,2025-07-01
2558,52746,4900.0,Net Banking,Paid,2025-09-12
2559,52747,11827.5,UPI,Paid,2025-07-12
2560,52748,5525.0,UPI,Paid,2025-10-02
2561,52749,30177.5,Debit Card,Paid,2025-05-25
2562,52750,425.0,UPI,Paid,2025-10-30
2563,52751,5015.0,UPI,Paid,2025-11-11
2564,52752,2400,Debit Card,Paid,2025-09-06
2565,52753,2232.5,UPI,Paid,2025-05-14
2566,52754,11257.5,UPI,Paid,2026-06-26
2567,52755,80702.5,Net Banking,Paid,2025-09-15
2568,52756,7417.5,Credit Card,Paid,2026-02-04
2569,52757,4600,Credit Card,Paid,2026-02-04
2570,52758,8775.0,Credit Card,Paid,2026-01-18
2571,52759,1450,Debit Card,Paid,2025-02-13
2572,52760,4680.0,Credit Card,Paid,2026-01-13
2573,52761,6550,Debit Card,Paid,2025-10-28
2574,52762,4845.0,Net Banking,Paid,2025-01-24
2575,52763,2450,Net Banking,Paid,2025-11-12
2576,52764,15550,UPI,Paid,2025-10-25
2577,52765,48245.0,Net Banking,Paid,2026-06-28
2578,52766,17527.5,Net Banking,Paid,2025-08-20
2579,52767,7650,Credit Card,Paid,2026-07-24
2580,52768,4845.0,UPI,Paid,2025-10-10
2581,52769,70927.5,UPI,Paid,2026-04-22
2582,52770,5600,UPI,Paid,2025-12-15
2583,52771,5482.5,Cash on Delivery,Pending,2025-02-28
2584,52773,2850,Net Banking,Paid,2025-12-30
2585,52774,22815.0,Net Banking,Paid,2026-08-25
2586,52775,14830.0,Debit Card,Paid,2026-02-09
2587,52776,1750,UPI,Paid,2025-04-15
2588,52777,21055.0,Cash on Delivery,Paid,2026-04-11
2589,52778,2000,Debit Card,Paid,2025-05-07
2590,52779,1870.0,Credit Card,Paid,2025-07-23
2591,52780,3500,Cash on Delivery,Paid,2025-07-22
2592,52781,15225.0,Credit Card,Pending,2025-11-27
2593,52782,7245.0,UPI,Paid,2026-02-21
2594,52784,60902.5,UPI,Paid,2026-06-02
2595,52785,14550,Credit Card,Paid,2026-02-03
2596,52786,237.5,Cash on Delivery,Paid,2026-02-21
2597,52788,900,Credit Card,Paid,2025-07-09
2598,52789,3705.0,UPI,Paid,2025-01-31
2599,52790,6500,UPI,Paid,2026-03-01
2600,52791,1950,UPI,Paid,2026-09-04
2601,52792,712.5,UPI,Paid,2026-01-22
2602,52793,58180.0,Debit Card,Paid,2026-05-25
2603,52794,29800.0,Debit Card,Paid,2026-09-03
2604,52796,4080.0,Credit Card,Paid,2025-08-07
2605,52797,750,Credit Card,Paid,2025-12-21
2606,52798,55860.0,Cash on Delivery,Paid,2025-11-15
2607,52799,11200,UPI,Paid,2026-06-23
2608,52800,10800.0,UPI,Paid,2025-04-22
2609,52801,425.0,Credit Card,Paid,2026-02-11
2610,52802,4235.0,Net Banking,Paid,2025-01-28
2611,52803,5100,Debit Card,Paid,2026-02-22
2612,52805,2520.0,Net Banking,Paid,2026-06-02
2613,52806,4095.0,Net Banking,Paid,2025-10-09
2614,52807,12137.5,Credit Card,Paid,2025-04-05
2615,52808,4300,Credit Card,Paid,2025-10-29
2616,52809,82545.0,Debit Card,Paid,2025-02-13
2617,52810,22635.0,Cash on Delivery,Paid,2025-12-12
2618,52811,2295.0,UPI,Paid,2026-03-15
2619,52812,2000,UPI,Paid,2025-02-17
2620,52813,21522.5,UPI,Paid,2025-05-12
2621,52815,5300,UPI,Paid,2025-02-26
2622,52816,58355.0,UPI,Paid,2026-02-04
2623,52817,13022.5,Net Banking,Paid,2025-01-28
2624,52818,19075.0,Debit Card,Paid,2025-03-16
2625,52819,6130.0,Credit Card,Pending,2025-04-13
2626,52821,1377.5,UPI,Paid,2026-03-17
2627,52822,6887.5,UPI,Paid,2026-08-09
2628,52823,13835.0,Credit Card,Paid,2026-05-12
2629,52824,7852.5,Credit Card,Paid,2025-05-27
2630,52825,133700,Cash on Delivery,Paid,2025-09-28
2631,52826,41670.0,Cash on Delivery,Paid,2025-04-29
2632,52827,6200,UPI,Paid,2025-01-06
2633,52828,14230.0,Debit Card,Paid,2025-07-18
2634,52829,3850,Credit Card,Paid,2026-07-18
2635,52830,2650,Debit Card,Paid,2026-02-22
2636,52831,68100,UPI,Paid,2026-01-19
2637,52832,11020.0,Credit Card,Paid,2025-04-15
2638,52833,44127.5,Net Banking,Paid,2025-01-19
2639,52834,44632.5,Net Banking,Pending,2026-01-13
2640,52835,3870.0,Net Banking,Paid,2025-03-08
2641,52837,53520.0,UPI,Pending,2026-04-09
2642,52838,570.0,Net Banking,Paid,2025-06-19
2643,52839,3500,Credit Card,Paid,2026-08-10
2644,52840,7025.0,UPI,Paid,2026-08-10
2645,52841,4845.0,UPI,Paid,2025-10-31
2646,52842,3990.0,Credit Card,Paid,2026-09-07
2647,52843,5172.5,Credit Card,Paid,2026-04-13
2648,52844,6820.0,UPI,Paid,2025-05-29
2649,52845,56450,UPI,Paid,2026-01-29
2650,52846,66000,Debit Card,Paid,2025-05-31
2651,52847,28680.0,Net Banking,Paid,2025-01-22
2652,52848,60635.0,UPI,Paid,2026-08-07
2653,52849,42252.5,UPI,Pending,2025-07-19
2654,52850,79427.5,Net Banking,Paid,2025-04-21
2655,52851,68485.0,Debit Card,Paid,2025-08-17
2656,52852,20350,Credit Card,Paid,2026-03-17
2657,52853,53402.5,Credit Card,Paid,2025-02-26
2658,52854,114410.0,Debit Card,Paid,2026-07-26
2659,52855,2755.0,Net Banking,Paid,2025-05-01
2660,52856,61605.0,UPI,Paid,2025-02-01
2661,52857,8787.5,Cash on Delivery,Paid,2025-08-10
2662,52858,1232.5,UPI,Paid,2025-08-22
2663,52860,5502.5,UPI,Paid,2026-06-17
2664,52861,2400,UPI,Paid,2025-01-18
2665,52863,13590.0,Credit Card,Pending,2025-05-01
2666,52864,8450,Debit Card,Paid,2026-08-03
2667,52865,2565.0,UPI,Paid,2026-07-17
2668,52866,6880.0,UPI,Paid,2026-02-20
2669,52867,8645.0,Credit Card,Paid,2025-05-31
2670,52868,17505.0,UPI,Paid,2026-07-18
2671,52869,38162.5,Debit Card,Paid,2026-02-21
2672,52870,3400,Debit Card,Paid,2025-08-10
2673,52871,4420.0,Credit Card,Paid,2026-03-13
2674,52872,8515.0,Debit Card,Paid,2025-05-30
2675,52873,34600,Net Banking,Paid,2025-11-18
2676,52874,5510.0,Credit Card,Paid,2025-05-04
2677,52875,35110.0,Debit Card,Paid,2025-10-01
2678,52876,10300,UPI,Paid,2026-08-25
2679,52877,5607.5,Cash on Delivery,Paid,2026-06-06
2680,52878,17250,Net Banking,Paid,2025-01-31
2681,52879,5760.0,Net Banking,Paid,2025-08-18
2682,52880,3402.5,UPI,Paid,2026-06-11
2683,52881,68750.0,Cash on Delivery,Paid,2026-02-03
2684,52882,15210.0,Credit Card,Paid,2026-02-01
2685,52883,4235.0,UPI,Paid,2025-07-17
2686,52884,12100,UPI,Paid,2025-01-27
2687,52885,6000,Credit Card,Paid,2026-06-25
2688,52886,10100,Credit Card,Paid,2025-03-24
2689,52887,41680.0,Credit Card,Paid,2025-11-26
2690,52888,19100,Net Banking,Paid,2025-07-01
2691,52890,4085.0,UPI,Paid,2025-05-28
2692,52891,2150.0,UPI,Paid,2025-10-14
2693,52892,34437.5,Credit Card,Paid,2026-03-28
2694,52893,6412.5,Credit Card,Paid,2025-06-16
2695,52894,2232.5,Credit Card,Paid,2025-05-24
2696,52895,198232.5,Cash on Delivery,Paid,2026-02-26
2697,52896,78770.0,Debit Card,Paid,2025-12-19
2698,52897,6530.0,Debit Card,Paid,2026-05-19
2699,52899,52600.0,Credit Card,Paid,2026-08-02
2700,52900,5895.0,Debit Card,Paid,2025-09-27
2701,52901,250,Credit Card,Paid,2026-07-01
2702,52902,3230.0,Credit Card,Paid,2025-07-23
2703,52903,11780.0,Credit Card,Pending,2025-05-16
2704,52904,5977.5,Cash on Delivery,Paid,2025-06-25
2705,52905,1200,UPI,Paid,2026-02-15
2706,52906,2350,Credit Card,Paid,2025-03-23
2707,52907,4550,UPI,Paid,2025-06-18
2708,52908,1995.0,Net Banking,Paid,2025-06-17
2709,52909,16250,Credit Card,Paid,2026-03-09
2710,52910,7105.0,Cash on Delivery,Paid,2025-11-22
2711,52911,9630.0,Credit Card,Pending,2026-08-11
2712,52912,1997.5,UPI,Paid,2025-07-14
2713,52913,14032.5,UPI,Paid,2026-07-13
2714,52914,94400,Debit Card,Paid,2025-02-20
2715,52915,51965.0,Credit Card,Paid,2026-08-16
2716,52916,4230.0,Credit Card,Paid,2026-02-10
2717,52917,4700,Credit Card,Paid,2025-04-07
2718,52918,41900,UPI,Paid,2025-02-24
2719,52919,79775.0,UPI,Paid,2025-09-14
2720,52920,41900,UPI,Paid,2026-07-02
2721,52921,27100.0,Credit Card,Paid,2026-04-20
2722,52922,3400,Credit Card,Paid,2026-06-10
2723,52923,6035.0,Net Banking,Paid,2025-01-15
2724,52925,2150,UPI,Paid,2025-07-06
2725,52927,34210.0,Debit Card,Paid,2026-08-10
2726,52928,24552.5,Cash on Delivery,Paid,2026-05-19
2727,52929,1852.5,Credit Card,Paid,2026-03-25
2728,52930,2450,Credit Card,Paid,2025-08-26
2729,52931,76610.0,Cash on Delivery,Paid,2025-04-28
2730,52932,19300,UPI,Paid,2025-11-23
2731,52933,13845.0,Credit Card,Paid,2026-08-10
2732,52934,6990.0,UPI,Paid,2025-01-24
2733,52935,7915.0,Credit Card,Paid,2026-07-12
2734,52936,2750,Cash on Delivery,Paid,2025-05-02
2735,52937,58130.0,Credit Card,Paid,2026-02-17
2736,52938,11550,Debit Card,Paid,2026-02-19
2737,52939,15950,Credit Card,Paid,2025-01-16
2738,52940,2612.5,UPI,Paid,2026-07-08
2739,52941,68537.5,UPI,Paid,2025-06-25
2740,52942,3300,UPI,Paid,2025-12-02
2741,52943,30135.0,UPI,Paid,2026-02-07
2742,52944,8350,UPI,Paid,2025-01-16
2743,52946,63825.0,Credit Card,Paid,2026-02-19
2744,52947,175980.0,Net Banking,Paid,2026-06-20
2745,52948,18000,UPI,Pending,2025-03-16
2746,52949,18272.5,Credit Card,Paid,2026-08-05
2747,52950,49230.0,UPI,Pending,2026-09-01
2748,52951,16555.0,UPI,Paid,2026-07-02
2749,52952,35450,Credit Card,Paid,2026-03-17
2750,52953,79115.0,UPI,Paid,2026-07-14
2751,52955,5172.5,Net Banking,Paid,2025-12-05
2752,52956,103760.0,Debit Card,Paid,2025-08-24
2753,52957,36055.0,UPI,Paid,2026-09-05
2754,52958,56390.0,UPI,Paid,2025-10-26
2755,52959,54090.0,Credit Card,Paid,2026-09-13
2756,52960,11922.5,Credit Card,Paid,2026-06-09
2757,52961,7172.5,Credit Card,Paid,2025-03-28
2758,52962,4650,Debit Card,Paid,2026-07-13
2759,52963,5950,UPI,Paid,2025-02-06
2760,52965,64965.0,Debit Card,Paid,2026-07-12
2761,52966,79970.0,Credit Card,Paid,2025-07-20
2762,52967,83280.0,Debit Card,Paid,2025-07-11
2763,52968,138500,UPI,Paid,2025-10-09
2764,52969,6000,UPI,Paid,2026-09-21
2765,52970,45950,UPI,Paid,2026-04-18
2766,52971,3500,Credit Card,Paid,2026-01-29
2767,52973,66430.0,UPI,Paid,2025-06-07
2768,52974,12637.5,UPI,Paid,2026-06-13
2769,52975,78687.5,Credit Card,Paid,2025-02-09
2770,52976,2400,Credit Card,Paid,2026-06-21
2771,52977,42622.5,Debit Card,Paid,2025-09-01
2772,52978,9200,UPI,Paid,2025-01-31
2773,52979,1080.0,Net Banking,Paid,2026-02-04
2774,52980,8302.5,Credit Card,Paid,2026-04-13
2775,52981,11210.0,UPI,Paid,2025-05-08
2776,52982,69302.5,Credit Card,Paid,2025-06-30
2777,52983,14800,Credit Card,Paid,2026-01-19
2778,52984,12700,UPI,Paid,2026-06-21
2779,52985,46905.0,Credit Card,Paid,2025-07-20
2780,52986,11257.5,Credit Card,Paid,2026-09-19
2781,52987,2350,UPI,Paid,2025-05-17
2782,52988,3400,Cash on Delivery,Paid,2025-10-03
2783,52989,2520.0,UPI,Paid,2025-08-16
2784,52991,900,UPI,Paid,2025-06-18
2785,52992,45885.0,Credit Card,Paid,2025-12-02
2786,52993,14327.5,UPI,Paid,2026-05-10
2787,52994,16767.5,UPI,Paid,2026-02-03
2788,52996,4420.0,UPI,Paid,2025-08-16
2789,52997,8250,UPI,Paid,2026-01-14
2790,52998,68782.5,Credit Card,Paid,2026-06-01
2791,52999,500,UPI,Paid,2026-01-14
2792,53000,26330.0,Cash on Delivery,Paid,2026-05-17
2793,53001,6300,Net Banking,Paid,2026-07-27
2794,53002,71125.0,Credit Card,Paid,2026-05-15
2795,53003,47565.0,Net Banking,Paid,2025-09-25
2796,53004,1450,Debit Card,Paid,2025-05-03
2797,53005,66675.0,Net Banking,Paid,2026-08-14
2798,53006,5900,UPI,Paid,2026-05-08
2799,53007,43652.5,Net Banking,Paid,2025-07-23
2800,53008,5265.0,UPI,Paid,2026-08-19
2801,53009,5050,Net Banking,Paid,2025-03-30
2802,53010,5100,Credit Card,Paid,2025-11-11
2803,53011,2000.0,Credit Card,Paid,2025-04-21
2804,53012,205350,Credit Card,Paid,2025-04-20
2805,53014,10495.0,UPI,Paid,2026-05-03
2806,53015,78022.5,Credit Card,Paid,2025-04-10
2807,53016,4950,UPI,Paid,2025-11-21
2808,53017,3040.0,UPI,Pending,2025-09-30
2809,53018,73150.0,UPI,Paid,2025-04-22
2810,53019,855.0,UPI,Paid,2025-03-31
2811,53020,120900,UPI,Paid,2026-04-13
2812,53021,5057.5,UPI,Paid,2025-05-05
2813,53022,1000,Credit Card,Paid,2026-07-29
2814,53023,21250.0,Debit Card,Paid,2025-05-15
2815,53024,900,Credit Card,Paid,2026-01-05
2816,53025,1200,Credit Card,Paid,2026-06-24
2817,53026,9655.0,Net Banking,Paid,2026-02-16
2818,53027,1947.5,UPI,Paid,2025-12-05
2819,53028,23747.5,Debit Card,Paid,2026-03-15
2820,53029,6737.5,UPI,Paid,2026-08-21
2821,53030,14662.5,Cash on Delivery,Paid,2026-04-06
2822,53031,3105.0,Net Banking,Paid,2025-06-21
2823,53032,67087.5,UPI,Paid,2026-06-07
2824,53033,85712.5,Credit Card,Paid,2025-10-14
2825,53034,12550,Credit Card,Paid,2026-08-26
2826,53035,10100,Credit Card,Paid,2025-11-21
2827,53036,3230.0,UPI,Paid,2025-10-22
2828,53038,12255.0,UPI,Pending,2026-03-15
2829,53040,65217.5,Cash on Delivery,Paid,2025-11-11
2830,53041,1650,Credit Card,Paid,2025-08-26
2831,53042,13650,Credit Card,Paid,2025-04-29
2832,53043,4130.0,Credit Card,Paid,2025-03-12
2833,53044,1950,Credit Card,Paid,2026-05-08
2834,53045,2280.0,UPI,Paid,2026-03-12
2835,53046,3500,UPI,Paid,2025-04-13
2836,53047,1700,Credit Card,Paid,2026-06-17
2837,53048,6485.0,UPI,Paid,2026-08-24
2838,53049,1200,Credit Card,Paid,2025-05-28
2839,53050,10600,Credit Card,Paid,2025-08-16
2840,53051,60850.0,Credit Card,Paid,2026-03-28
2841,53052,115290.0,Cash on Delivery,Paid,2026-02-28
2842,53053,900.0,Cash on Delivery,Paid,2026-01-11
2843,53055,146255.0,UPI,Paid,2025-03-13
2844,53056,6505.0,Credit Card,Paid,2025-06-27
2845,53057,10450,Credit Card,Paid,2025-04-19
2846,53058,8600,Credit Card,Paid,2025-03-06
2847,53059,2100,Cash on Delivery,Paid,2025-01-08
2848,53060,16195.0,Debit Card,Paid,2025-03-02
2849,53061,18060.0,Debit Card,Paid,2025-04-03
2850,53062,15525.0,UPI,Paid,2026-05-17
2851,53063,2050,Credit Card,Paid,2026-04-20
2852,53064,56970.0,UPI,Paid,2026-04-28
2853,53065,9215.0,Cash on Delivery,Paid,2026-04-12
2854,53066,6347.5,Credit Card,Paid,2025-12-25
2855,53067,12502.5,UPI,Paid,2026-01-07
2856,53068,17100,Credit Card,Paid,2025-05-19
2857,53069,5950,Credit Card,Paid,2025-02-03
2858,53070,12200,Debit Card,Paid,2026-06-08
2859,53071,8200,Debit Card,Paid,2026-04-10
2860,53072,13790.0,Cash on Delivery,Paid,2025-09-04
2861,53073,3135.0,Net Banking,Paid,2026-07-17
2862,53074,7795.0,UPI,Paid,2025-05-04
2863,53075,2115.0,UPI,Paid,2026-04-14
2864,53077,1900,Debit Card,Pending,2025-07-10
2865,53078,3600,Debit Card,Paid,2025-11-30
2866,53081,24082.5,UPI,Paid,2026-03-14
2867,53082,4200,Credit Card,Paid,2026-08-23
2868,53083,950.0,Debit Card,Paid,2026-07-21
2869,53084,950.0,Debit Card,Paid,2025-06-20
2870,53085,5750,Credit Card,Paid,2025-09-08
2871,53086,3135.0,UPI,Paid,2026-07-08
2872,53087,71790.0,Debit Card,Paid,2025-11-12
2873,53088,1665.0,Cash on Delivery,Paid,2026-04-20
2874,53089,36750,UPI,Paid,2025-08-13
2875,53091,62520.0,Net Banking,Paid,2025-09-25
2876,53092,9060.0,Net Banking,Paid,2026-05-26
2877,53094,2500,Credit Card,Paid,2026-08-20
2878,53095,8455.0,Net Banking,Paid,2025-06-28
2879,53096,11537.5,Credit Card,Paid,2025-12-06
2880,53097,9975.0,Credit Card,Paid,2026-04-25
2881,53098,29417.5,Net Banking,Paid,2025-04-26
2882,53099,4890.0,UPI,Paid,2025-12-01
2883,53100,1125.0,Net Banking,Paid,2026-06-16
2884,53101,5755.0,UPI,Paid,2025-04-11
2885,53102,1445.0,Cash on Delivery,Paid,2025-02-25
2886,53103,1900.0,UPI,Paid,2025-02-15
2887,53104,12355.0,UPI,Paid,2026-09-14
2888,53105,27370.0,Credit Card,Paid,2026-04-22
2889,53106,9900.0,UPI,Paid,2026-08-06
2890,53107,48100.0,Net Banking,Paid,2026-01-17
2891,53108,10200,Debit Card,Paid,2025-08-31
2892,53109,208500,Credit Card,Paid,2025-03-04
2893,53110,650,Cash on Delivery,Paid,2025-02-11
2894,53111,7415.0,UPI,Paid,2025-11-06
2895,53112,1567.5,Credit Card,Paid,2025-03-25
2896,53113,997.5,UPI,Paid,2026-08-11
2897,53114,75115.0,Credit Card,Paid,2025-12-22
2898,53115,24000,Debit Card,Paid,2025-08-04
2899,53116,67895.0,UPI,Paid,2025-04-06
2900,53117,2500,UPI,Paid,2026-08-15
2901,53118,11637.5,UPI,Paid,2026-08-24
2902,53119,18335.0,Debit Card,Paid,2025-04-05
2903,53120,10200,UPI,Paid,2026-06-08
2904,53122,6412.5,Debit Card,Paid,2026-04-27
2905,53123,5980.0,Net Banking,Paid,2026-05-27
2906,53124,6552.5,Credit Card,Paid,2025-05-29
2907,53125,3000.0,Net Banking,Paid,2025-06-05
2908,53126,2232.5,Credit Card,Paid,2026-04-17
2909,53127,1500,UPI,Paid,2025-05-23
2910,53128,7857.5,Credit Card,Paid,2025-04-02
2911,53129,34020.0,Net Banking,Paid,2025-04-18
2912,53130,112200,Cash on Delivery,Paid,2025-05-04
2913,53131,129570.0,Debit Card,Paid,2025-05-20
2914,53132,1680.0,Credit Card,Paid,2026-06-26
2915,53134,1890.0,Cash on Delivery,Paid,2025-08-08
2916,53135,19300,Credit Card,Paid,2026-03-18
2917,53136,10250,Cash on Delivery,Paid,2025-01-14
2918,53137,5220.0,UPI,Paid,2025-11-05
2919,53138,10000,Debit Card,Paid,2025-10-16
2920,53139,3300,Credit Card,Paid,2025-01-24
2921,53140,5100,Credit Card,Paid,2026-06-22
2922,53141,750,UPI,Paid,2025-01-09
2923,53142,5462.5,Net Banking,Paid,2025-05-18
2924,53143,1850,Cash on Delivery,Paid,2025-05-12
2925,53144,1662.5,UPI,Paid,2025-07-18
2926,53145,94460.0,Debit Card,Paid,2025-12-25
2927,53146,1170.0,Credit Card,Paid,2025-03-09
2928,53147,51470.0,Credit Card,Paid,2025-01-02
2929,53148,3102.5,Credit Card,Paid,2026-08-06
2930,53149,22650.0,UPI,Paid,2026-08-21
2931,53150,12285.0,Debit Card,Paid,2025-04-10
2932,53151,20622.5,UPI,Paid,2025-05-26
2933,53152,60510.0,Net Banking,Paid,2026-01-03
2934,53153,2660.0,Debit Card,Paid,2026-02-01
2935,53154,12505.0,UPI,Paid,2025-08-06
2936,53156,1950,Credit Card,Paid,2025-01-27
2937,53157,665.0,Credit Card,Paid,2025-02-25
2938,53158,3500,Net Banking,Paid,2025-06-15
2939,53159,3325.0,UPI,Paid,2025-10-12
2940,53160,2400,UPI,Paid,2025-03-04
2941,53161,10180.0,Debit Card,Paid,2025-03-29
2942,53162,8120.0,Credit Card,Paid,2025-01-23
2943,53163,39465.0,Cash on Delivery,Paid,2025-10-16
2944,53164,6950,UPI,Paid,2025-04-20
2945,53165,2700,Credit Card,Paid,2025-06-12
2946,53166,10545.0,Net Banking,Paid,2025-01-08
2947,53167,15525.0,UPI,Paid,2025-10-20
2948,53168,30900,Credit Card,Paid,2025-01-18
2949,53169,4252.5,Credit Card,Pending,2026-02-20
2950,53170,5082.5,Net Banking,Paid,2026-04-08
2951,53171,2750,Cash on Delivery,Paid,2025-11-12
2952,53172,39350,UPI,Paid,2026-08-28
2953,53173,2100,Credit Card,Paid,2026-01-16
2954,53174,85570.0,UPI,Paid,2025-09-10
2955,53175,64860.0,Cash on Delivery,Paid,2025-05-21
2956,53176,2337.5,Debit Card,Paid,2026-03-21
2957,53177,6500,UPI,Paid,2025-03-02
2958,53178,11100,Net Banking,Paid,2026-06-11
2959,53179,24320.0,UPI,Paid,2026-02-27
2960,53180,78605.0,Debit Card,Paid,2026-02-13
2961,53181,24122.5,Credit Card,Paid,2026-05-16
2962,53182,79610.0,Credit Card,Paid,2026-07-12
2963,53183,42907.5,UPI,Paid,2026-01-11
2964,53184,31650,UPI,Paid,2025-02-01
2965,53185,22300.0,Cash on Delivery,Paid,2025-12-17
2966,53186,5590.0,Credit Card,Paid,2025-07-20
2967,53187,11100,UPI,Paid,2025-04-15
2968,53188,3230.0,Credit Card,Paid,2025-08-23
2969,53189,2550,Debit Card,Paid,2025-10-22
2970,53190,4890.0,Credit Card,Paid,2025-10-10
2971,53191,3900,UPI,Paid,2026-02-15
2972,53192,17457.5,Credit Card,Paid,2025-01-26
2973,53193,4085.0,Cash on Delivery,Paid,2025-12-24
2974,53194,10300,Cash on Delivery,Paid,2025-12-30
2975,53195,14002.5,Credit Card,Paid,2026-09-03
2976,53196,3850,Debit Card,Paid,2025-05-04
2977,53197,1852.5,Credit Card,Paid,2025-07-25
2978,53199,11922.5,Cash on Delivery,Paid,2026-02-08
2979,53200,6340.0,Net Banking,Paid,2025-12-28
2980,53201,44155.0,UPI,Paid,2025-05-22
2981,53202,11495.0,UPI,Paid,2025-02-02
2982,53203,8860.0,UPI,Paid,2026-03-01
2983,53204,19300,Net Banking,Paid,2025-12-05
2984,53205,13745.0,Debit Card,Paid,2025-03-11
2985,53206,4600,UPI,Paid,2026-08-26
2986,53207,53850,UPI,Paid,2025-09-16
2987,53208,13460.0,Credit Card,Paid,2025-09-26
2988,53209,25765.0,Debit Card,Paid,2026-07-20
2989,53210,8600,Credit Card,Paid,2025-10-04
2990,53211,4100,Credit Card,Paid,2025-03-09
2991,53212,103930.0,UPI,Paid,2025-09-19
2992,53213,1710.0,UPI,Paid,2026-08-27
2993,53215,1852.5,Net Banking,Paid,2026-09-13
2994,53216,20695.0,UPI,Paid,2025-08-18
2995,53217,20610.0,Credit Card,Paid,2026-08-28
2996,53218,8722.5,Cash on Delivery,Paid,2026-03-01
2997,53219,19000,UPI,Paid,2025-10-27
2998,53220,2350,Debit Card,Paid,2025-04-12
2999,53221,2800,Credit Card,Paid,2025-02-20
3000,53222,2040.0,UPI,Paid,2025-09-12
3001,53223,39677.5,Credit Card,Paid,2025-11-27
3002,53224,12600.0,Credit Card,Paid,2026-06-12
3003,53225,85445.0,Credit Card,Paid,2026-08-20
3004,53226,4322.5,Cash on Delivery,Paid,2026-09-18
3005,53227,13900,Cash on Delivery,Paid,2025-09-28
3006,53228,66585.0,Debit Card,Paid,2025-05-23
3007,53229,6650,Credit Card,Paid,2026-06-12
3008,53230,4377.5,UPI,Paid,2025-06-25
3009,53231,1950,Credit Card,Paid,2025-06-12
3010,53232,20830.0,Credit Card,Paid,2025-09-23
3011,53234,126600,UPI,Paid,2025-08-29
3012,53235,2780.0,UPI,Paid,2026-09-22
3013,53236,10100,UPI,Paid,2026-08-22
3014,53237,7742.5,Cash on Delivery,Paid,2025-04-25
3015,53238,1757.5,Net Banking,Paid,2025-01-23
3016,53239,4050,UPI,Pending,2026-08-25
3017,53240,4310.0,Debit Card,Paid,2026-06-05
3018,53241,23995.0,Cash on Delivery,Pending,2025-03-14
3019,53242,5175.0,UPI,Paid,2025-09-24
3020,53243,1950,UPI,Paid,2025-05-04
3021,53244,675.0,UPI,Paid,2025-12-31
3022,53245,150400,UPI,Paid,2025-08-27
3023,53246,4465.0,UPI,Paid,2026-06-04
3024,53247,16550,UPI,Paid,2026-07-07
3025,53248,2232.5,Cash on Delivery,Paid,2025-09-23
3026,53249,2900,Debit Card,Paid,2025-11-24
3027,53250,23145.0,Debit Card,Paid,2025-07-04
3028,53251,22570.0,Debit Card,Paid,2025-03-29
3029,53253,3400,UPI,Paid,2026-05-27
3030,53254,5950,Credit Card,Paid,2025-06-19
3031,53255,8195.0,Credit Card,Paid,2026-06-01
3032,53256,2430.0,Cash on Delivery,Paid,2026-02-06
3033,53257,7000,Credit Card,Paid,2026-05-04
3034,53258,9000,Credit Card,Paid,2025-02-14
3035,53259,3465.0,Debit Card,Paid,2025-05-01
3036,53260,14150.0,UPI,Paid,2026-08-18
3037,53261,70115.0,Credit Card,Paid,2025-02-15
3038,53262,2100,Net Banking,Paid,2025-09-12
3039,53263,5445.0,Debit Card,Paid,2026-07-21
3040,53264,11390.0,Debit Card,Paid,2026-01-22
3041,53265,7150,UPI,Paid,2026-04-17
3042,53266,62550.0,Net Banking,Paid,2026-02-12
3043,53268,7200,UPI,Paid,2025-10-17
3044,53269,74660.0,UPI,Paid,2026-07-14
3045,53270,1950,UPI,Paid,2026-09-19
3046,53271,4800,UPI,Paid,2026-06-08
3047,53272,990.0,UPI,Paid,2025-01-12
3048,53273,2660.0,Credit Card,Paid,2026-01-31
3049,53274,4687.5,Credit Card,Paid,2025-12-31
3050,53275,990.0,Credit Card,Paid,2026-02-21
3051,53276,38340.0,Debit Card,Paid,2025-01-01
3052,53277,2805.0,UPI,Paid,2025-08-16
3053,53278,75017.5,UPI,Paid,2026-05-29
3054,53279,3060.0,Debit Card,Paid,2026-03-23
3055,53280,3200,UPI,Paid,2026-05-07
3056,53281,6922.5,Debit Card,Paid,2026-06-24
3057,53282,3900,UPI,Paid,2026-03-12
3058,53283,72157.5,UPI,Paid,2025-04-02
3059,53284,61970.0,UPI,Paid,2025-04-26
3060,53285,16807.5,UPI,Paid,2025-09-12
3061,53286,4750,Credit Card,Paid,2026-09-07
3062,53287,2565.0,Credit Card,Paid,2025-07-29
3063,53288,16840.0,Debit Card,Paid,2025-08-07
3064,53289,7300.0,Net Banking,Paid,2025-01-01
3065,53291,450.0,Cash on Delivery,Paid,2026-06-08
3066,53293,4512.5,UPI,Paid,2025-10-13
3067,53294,49227.5,Net Banking,Paid,2025-09-26
3068,53295,4950,Debit Card,Paid,2025-11-22
3069,53296,5850,Debit Card,Paid,2025-10-24
3070,53297,36875.0,Debit Card,Paid,2026-03-03
3071,53299,6750,Debit Card,Paid,2025-03-08
3072,53300,10365.0,Net Banking,Paid,2025-09-22
3073,53301,39455.0,UPI,Paid,2026-07-14
3074,53302,5000,Net Banking,Paid,2025-01-03
3075,53303,31850,Cash on Delivery,Paid,2026-07-19
3076,53304,7055.0,Debit Card,Paid,2026-03-30
3077,53305,45910.0,Debit Card,Paid,2025-04-18
3078,53306,15600.0,Debit Card,Paid,2026-09-30
3079,53308,6950,Credit Card,Paid,2026-09-24
3080,53309,3550,UPI,Paid,2025-09-12
3081,53310,7937.5,UPI,Paid,2026-09-26
3082,53311,139000,UPI,Paid,2026-06-03
3083,53312,12822.5,Credit Card,Paid,2025-04-03
3084,53313,20800,Cash on Delivery,Paid,2025-11-18
3085,53314,5837.5,Cash on Delivery,Paid,2025-05-08
3086,53315,55860.0,UPI,Paid,2025-07-04
3087,53316,121805.0,Debit Card,Pending,2026-05-05
3088,53318,47475.0,Debit Card,Paid,2025-04-27
3089,53319,2400,UPI,Paid,2025-03-05
3090,53320,10250,UPI,Paid,2026-07-23
3091,53321,59950,UPI,Paid,2025-11-18
3092,53322,35577.5,UPI,Paid,2025-05-09
3093,53323,22050,Credit Card,Paid,2025-12-02
3094,53324,8150,Cash on Delivery,Paid,2026-05-13
3095,53325,74900,UPI,Paid,2026-08-10
3096,53326,68097.5,Debit Card,Pending,2026-06-28
3097,53327,17250,Debit Card,Paid,2025-02-18
3098,53328,8400.0,Credit Card,Paid,2026-01-20
3099,53329,59185.0,Debit Card,Paid,2026-07-25
3100,53330,131015.0,UPI,Paid,2026-02-25
3101,53331,20117.5,Credit Card,Paid,2025-09-26
3102,53332,19555.0,UPI,Paid,2025-11-15
3103,53333,3250,UPI,Paid,2026-05-17
3104,53334,950.0,Credit Card,Paid,2025-01-30
3105,53335,3015.0,Credit Card,Paid,2025-11-12
3106,53336,278650,UPI,Paid,2025-07-16
3107,53337,2100,Credit Card,Paid,2025-01-30
3108,53338,825.0,UPI,Paid,2026-01-14
3109,53339,19855.0,UPI,Paid,2026-01-26
3110,53340,14560.0,UPI,Paid,2025-07-08
3111,53341,5600,Net Banking,Paid,2025-10-24
3112,53342,1250,Cash on Delivery,Paid,2025-12-09
3113,53343,11495.0,Credit Card,Paid,2025-02-24
3114,53344,187500.0,Cash on Delivery,Paid,2026-03-12
3115,53345,71775.0,Debit Card,Paid,2025-06-29
3116,53346,7917.5,UPI,Paid,2026-04-08
3117,53347,1000,UPI,Paid,2026-05-01
3118,53348,17575.0,UPI,Paid,2025-11-20
3119,53349,11565.0,Debit Card,Paid,2025-04-17
3120,53350,123660.0,UPI,Paid,2025-04-13
3121,53351,3330.0,Net Banking,Paid,2026-05-31
3122,53352,2100,UPI,Paid,2026-06-14
3123,53353,9690.0,Cash on Delivery,Paid,2025-01-07
3124,53354,3285.0,Credit Card,Paid,2025-01-16
3125,53355,19950,UPI,Paid,2026-02-10
3126,53356,3650,Net Banking,Paid,2026-07-27
3127,53357,39107.5,Cash on Delivery,Paid,2025-06-27
3128,53358,14420.0,UPI,Paid,2026-01-02
3129,53360,10000,Credit Card,Pending,2025-05-19
3130,53361,2100,Credit Card,Paid,2025-09-27
3131,53362,109007.5,Credit Card,Paid,2026-03-12
3132,53363,540.0,Debit Card,Paid,2025-06-18
3133,53364,2500,UPI,Paid,2025-08-23
3134,53365,68900.0,Credit Card,Paid,2025-12-17
3135,53366,66310.0,Debit Card,Paid,2026-08-26
3136,53367,950.0,Credit Card,Paid,2026-06-30
3137,53368,4512.5,UPI,Paid,2025-06-22
3138,53369,6640.0,Cash on Delivery,Paid,2026-06-11
3139,53370,1200,Net Banking,Paid,2026-07-25
3140,53371,950,Debit Card,Paid,2025-11-29
3141,53372,97910.0,UPI,Paid,2025-10-02
3142,53373,3712.5,UPI,Paid,2026-03-16
3143,53374,6850.0,Debit Card,Paid,2025-10-20
3144,53375,4095.0,Cash on Delivery,Paid,2025-05-30
3145,53376,3222.5,UPI,Paid,2025-03-20
3146,53378,1552.5,UPI,Paid,2025-10-20
3147,53379,855.0,Credit Card,Paid,2026-05-19
3148,53380,4322.5,UPI,Paid,2025-03-28
3149,53381,1450,UPI,Paid,2026-02-12
3150,53382,11690.0,Credit Card,Paid,2025-10-28
3151,53383,185315.0,Credit Card,Paid,2025-06-20
3152,53384,2745.0,Credit Card,Paid,2026-07-23
3153,53386,3365.0,Credit Card,Paid,2025-01-13
3154,53387,12657.5,UPI,Paid,2025-03-10
3155,53388,2612.5,Cash on Delivery,Paid,2025-09-10
3156,53389,5950,UPI,Paid,2025-07-19
3157,53390,14800,UPI,Paid,2025-08-24
3158,53391,97395.0,UPI,Paid,2025-05-29
3159,53392,26265.0,UPI,Paid,2025-12-05
3160,53393,16972.5,Credit Card,Paid,2025-01-13
3161,53394,2000,Debit Card,Paid,2025-04-17
3162,53395,5725.0,UPI,Paid,2026-02-10
3163,53397,1050,UPI,Pending,2025-12-20
3164,53399,2750,Credit Card,Paid,2025-09-25
3165,53400,7955.0,Debit Card,Paid,2026-06-29
3166,53401,5800,Credit Card,Paid,2026-01-06
3167,53402,14800,UPI,Paid,2026-09-27
3168,53403,120220.0,Net Banking,Paid,2026-07-20
3169,53404,9150.0,Cash on Delivery,Paid,2025-11-25
3170,53405,81710.0,Credit Card,Paid,2025-05-31
3171,53406,2400,Cash on Delivery,Paid,2026-06-09
3172,53407,37600.0,UPI,Paid,2026-01-31
3173,53408,22200,Credit Card,Pending,2026-03-12
3174,53410,8450.0,Cash on Delivery,Paid,2026-09-06
3175,53411,4650,Debit Card,Paid,2025-11-19
3176,53412,7060.0,UPI,Paid,2026-05-06
3177,53413,630.0,Debit Card,Paid,2025-05-21
3178,53414,6655.0,Credit Card,Paid,2025-04-02
3179,53415,10610.0,UPI,Paid,2026-07-08
3180,53416,2705.0,UPI,Paid,2025-09-16
3181,53417,66045.0,UPI,Paid,2025-07-28
3182,53418,4377.5,UPI,Paid,2026-08-30
3183,53419,70822.5,Credit Card,Paid,2025-09-01
3184,53420,14400,Debit Card,Pending,2025-04-26
3185,53421,10117.5,UPI,Paid,2026-05-27
3186,53423,1530.0,Net Banking,Paid,2025-06-26
3187,53424,20600,UPI,Paid,2025-02-20
3188,53425,48065.0,Debit Card,Paid,2025-08-06
3189,53426,2755.0,Credit Card,Paid,2025-04-30
3190,53427,3427.5,UPI,Paid,2025-01-03
3191,53428,17065.0,UPI,Paid,2026-01-31
3192,53430,13617.5,UPI,Paid,2026-09-04
3193,53431,78575.0,UPI,Paid,2026-05-08
3194,53432,4550,Net Banking,Paid,2026-07-15
3195,53433,73505.0,Debit Card,Paid,2026-01-17
3196,53435,31090.0,Cash on Delivery,Paid,2026-07-21
3197,53436,2280.0,Cash on Delivery,Paid,2025-09-07
3198,53437,86155.0,UPI,Paid,2026-06-07
3199,53438,8690.0,UPI,Paid,2025-10-10
3200,53439,138277.5,UPI,Paid,2026-07-18
3201,53440,10100,UPI,Paid,2025-11-13
3202,53441,5040.0,Credit Card,Paid,2025-11-20
3203,53442,1955.0,Cash on Delivery,Paid,2025-02-05
3204,53443,9025.0,UPI,Paid,2025-01-18
3205,53444,7350,UPI,Paid,2025-07-06
3206,53446,11570.0,UPI,Paid,2026-08-26
3207,53447,7400,Credit Card,Paid,2025-12-06
3208,53448,5275.0,Net Banking,Paid,2026-03-23
3209,53449,17250,Credit Card,Paid,2026-02-04
3210,53451,116365.0,Debit Card,Paid,2026-01-15
3211,53452,6500,Credit Card,Paid,2025-04-03
3212,53453,4322.5,Credit Card,Pending,2025-08-19
3213,53454,3230.0,Net Banking,Paid,2026-04-03
3214,53455,5747.5,Net Banking,Paid,2026-09-21
3215,53456,133400,Cash on Delivery,Paid,2025-10-03
3216,53457,2050,UPI,Paid,2026-06-20
3217,53458,46802.5,Debit Card,Paid,2026-07-30
3218,53459,36540.0,UPI,Paid,2026-07-16
3219,53460,8417.5,Net Banking,Paid,2026-01-22
3220,53461,26900,Debit Card,Paid,2026-09-29
3221,53462,5700.0,UPI,Paid,2026-04-16
3222,53463,4700,Net Banking,Paid,2026-07-07
3223,53464,10100,UPI,Paid,2026-08-03
3224,53465,3870.0,Credit Card,Paid,2026-05-12
3225,53466,18225.0,Credit Card,Paid,2025-02-01
3226,53467,1950,UPI,Paid,2025-07-04
3227,53468,3465.0,Debit Card,Paid,2026-08-07
3228,53469,22250,Credit Card,Paid,2026-09-01
3229,53470,3940.0,Debit Card,Paid,2025-03-31
3230,53471,4100,Debit Card,Paid,2026-01-03
3231,53472,9210.0,UPI,Paid,2026-06-19
3232,53473,49820.0,UPI,Paid,2025-07-11
3233,53474,147460.0,Debit Card,Paid,2025-03-22
3234,53475,2800,UPI,Paid,2026-08-09
3235,53476,29200.0,Debit Card,Paid,2025-03-16
3236,53477,75387.5,Debit Card,Paid,2026-06-07
3237,53478,5840.0,Net Banking,Paid,2026-04-17
3238,53479,34500,Debit Card,Paid,2025-04-03
3239,53480,121525.0,UPI,Paid,2025-10-31
3240,53481,4550,Debit Card,Paid,2025-03-18
3241,53482,5850,UPI,Paid,2026-07-19
3242,53483,35910.0,UPI,Paid,2026-08-30
3243,53484,2100,Credit Card,Paid,2025-09-30
3244,53485,4300,UPI,Paid,2026-05-04
3245,53486,10710.0,Cash on Delivery,Paid,2026-04-06
3246,53487,190400,UPI,Paid,2025-09-28
3247,53488,77400.0,Credit Card,Paid,2025-05-16
3248,53489,5500,Credit Card,Paid,2025-10-28
3249,53490,4322.5,Net Banking,Paid,2025-02-16
3250,53491,13100,Debit Card,Paid,2025-05-10
3251,53492,6570.0,UPI,Paid,2025-05-10
3252,53493,2900,Debit Card,Paid,2025-01-01
3253,53494,600,Cash on Delivery,Paid,2025-02-20
3254,53495,9922.5,Debit Card,Paid,2025-12-17
3255,53496,34635.0,Debit Card,Paid,2026-04-16
3256,53497,4250.0,Debit Card,Paid,2025-10-13
3257,53498,63110.0,Debit Card,Paid,2025-07-01
3258,53499,10300,UPI,Paid,2026-09-18
3259,53500,500,Debit Card,Paid,2025-10-14
3260,53501,5940.0,Credit Card,Paid,2026-06-17
3261,53502,9910.0,UPI,Paid,2026-06-14
3262,53503,1845.0,UPI,Paid,2026-04-09
3263,53504,2800,UPI,Paid,2026-03-06
3264,53506,11445.0,UPI,Paid,2026-01-18
3265,53508,14095.0,Net Banking,Paid,2025-03-02
3266,53509,30600,Debit Card,Paid,2025-01-02
3267,53510,2350,Net Banking,Pending,2025-04-22
3268,53511,31150,UPI,Paid,2025-11-19
3269,53512,4750,Credit Card,Paid,2025-02-14
3270,53513,66360.0,Debit Card,Paid,2026-03-28
3271,53514,66100.0,Credit Card,Paid,2025-07-24
3272,53515,2450,Debit Card,Paid,2026-03-17
3273,53516,2115.0,Debit Card,Pending,2025-01-05
3274,53517,4325.0,Credit Card,Paid,2025-03-30
3275,53518,13850,UPI,Paid,2025-11-16
3276,53519,14650.0,Cash on Delivery,Paid,2025-10-28
3277,53520,48350,Debit Card,Paid,2026-08-05
3278,53521,37500,Cash on Delivery,Paid,2026-07-23
3279,53522,2275.0,Credit Card,Paid,2026-02-27
3280,53523,69795.0,Debit Card,Pending,2025-10-13
3281,53524,2000,UPI,Paid,2026-02-28
3282,53526,1950,UPI,Paid,2025-07-27
3283,53527,4700,Debit Card,Paid,2025-03-26
3284,53528,9845.0,UPI,Paid,2025-03-14
3285,53529,6887.5,Credit Card,Paid,2025-06-07
3286,53530,1900.0,UPI,Paid,2026-09-18
3287,53531,5200,Credit Card,Paid,2025-03-12
3288,53532,4550,Credit Card,Paid,2026-01-04
3289,53533,6550,UPI,Paid,2025-09-05
3290,53534,2167.5,UPI,Paid,2026-03-07
3291,53535,11130.0,Credit Card,Pending,2025-10-07
3292,53536,3995.0,Debit Card,Paid,2026-03-16
3293,53537,11130.0,UPI,Pending,2025-08-13
3294,53539,6945.0,Debit Card,Paid,2026-07-15
3295,53540,62200,Debit Card,Paid,2025-08-22
3296,53541,4700,Credit Card,Paid,2025-11-02
3297,53542,2400,Cash on Delivery,Paid,2025-02-18
3298,53544,54700,Debit Card,Paid,2026-02-07
3299,53545,43850,UPI,Paid,2025-12-27
3300,53546,14175.0,Credit Card,Paid,2025-06-13
3301,53547,5150,UPI,Paid,2025-01-10
3302,53549,5560.0,Debit Card,Paid,2025-02-13
3303,53550,56800,UPI,Paid,2025-01-29
3304,53551,66165.0,UPI,Paid,2025-08-28
3305,53552,5400,Credit Card,Paid,2025-04-13
3306,53553,9737.5,Debit Card,Paid,2026-02-02
3307,53554,3550,UPI,Paid,2025-01-20
3308,53555,124500,Credit Card,Paid,2026-04-01
3309,53556,120900,UPI,Paid,2025-07-01
3310,53557,3655.0,Credit Card,Paid,2026-09-28
3311,53558,3465.0,Net Banking,Paid,2025-10-02
3312,53559,900,UPI,Pending,2025-07-01
3313,53560,2350,UPI,Paid,2025-05-19
3314,53561,73850,Credit Card,Paid,2026-08-03
3315,53562,22050,Credit Card,Paid,2025-01-11
3316,53563,1140.0,Credit Card,Paid,2025-02-21
3317,53564,65970.0,UPI,Paid,2025-08-08
3318,53565,14235.0,UPI,Pending,2025-12-22
3319,53566,4322.5,Credit Card,Paid,2026-08-26
3320,53567,8190.0,Debit Card,Paid,2026-09-25
3321,53568,1400,Debit Card,Pending,2025-02-14
3322,53569,4085.0,Credit Card,Paid,2026-03-30
3323,53570,74900,Credit Card,Paid,2026-04-20
3324,53571,23850,UPI,Paid,2025-12-29
3325,53572,9990.0,Credit Card,Paid,2026-01-10
3326,53573,2400,UPI,Paid,2025-03-09
3327,53574,4800,Debit Card,Pending,2025-10-22
3328,53575,22665.0,UPI,Paid,2025-11-08
3329,53576,9247.5,Credit Card,Paid,2026-08-16
3330,53578,25000,UPI,Paid,2026-03-15
3331,53579,2422.5,UPI,Paid,2025-10-19
3332,53582,5850.0,Credit Card,Pending,2025-06-28
3333,53584,72780.0,Net Banking,Paid,2025-12-15
3334,53585,950.0,Credit Card,Paid,2025-03-14
3335,53586,6950,UPI,Paid,2026-05-14
3336,53587,2150,Credit Card,Paid,2025-01-20
3337,53588,21787.5,UPI,Paid,2026-07-15
3338,53589,3467.5,UPI,Paid,2026-03-26
3339,53590,2707.5,Debit Card,Pending,2025-09-05
3340,53591,8447.5,UPI,Paid,2025-05-09
3341,53592,3515.0,UPI,Paid,2025-07-18
3342,53593,3150.0,Credit Card,Paid,2026-08-18
3343,53594,16950,UPI,Paid,2025-08-19
3344,53595,14137.5,UPI,Paid,2026-04-15
3345,53596,4090.0,UPI,Paid,2025-06-10
3346,53597,1450,Credit Card,Paid,2025-06-14
3347,53598,5605.0,Credit Card,Paid,2025-03-16
3348,53599,2150,Credit Card,Paid,2025-11-17
3349,53600,109400,Net Banking,Paid,2025-07-08
3350,53601,4005.0,UPI,Paid,2025-09-18
3351,53602,1450,Debit Card,Paid,2025-07-11
3352,53603,73700,Credit Card,Paid,2025-06-03
3353,53604,35910.0,Credit Card,Paid,2025-12-05
3354,53605,4155.0,Credit Card,Paid,2025-02-02
3355,53606,1377.5,Credit Card,Paid,2026-03-08
3356,53607,5900,UPI,Paid,2025-09-08
3357,53608,5605.0,Net Banking,Paid,2026-07-08
3358,53609,3040.0,Debit Card,Paid,2025-09-17
3359,53610,7665.0,Credit Card,Paid,2025-04-30
3360,53611,1650,UPI,Paid,2025-08-14
3361,53612,1305.0,Debit Card,Paid,2025-01-07
3362,53613,5255.0,Net Banking,Paid,2026-04-13
3363,53614,5000,Debit Card,Paid,2026-07-31
3364,53615,7200,Cash on Delivery,Paid,2026-04-07
3365,53616,10710.0,UPI,Paid,2025-07-10
3366,53617,6910.0,Credit Card,Paid,2026-08-31
3367,53618,5747.5,Credit Card,Paid,2026-02-09
3368,53619,6800,Credit Card,Paid,2025-09-04
3369,53620,2900,UPI,Paid,2025-07-03
3370,53621,21800,Debit Card,Paid,2025-05-25
3371,53622,5950,UPI,Paid,2025-07-11
3372,53624,475.0,Net Banking,Paid,2025-05-10
3373,53625,10015.0,Credit Card,Paid,2025-04-04
3374,53626,3500,Credit Card,Paid,2025-08-20
3375,53627,35405.0,UPI,Paid,2025-07-05
3376,53628,5042.5,Cash on Delivery,Paid,2025-06-22
3377,53629,28200,UPI,Paid,2025-06-25
3378,53630,38310.0,Cash on Delivery,Paid,2026-06-22
3379,53631,33400.0,UPI,Paid,2026-05-16
3380,53632,4600,UPI,Paid,2026-08-03
3381,53633,8630.0,Debit Card,Paid,2025-04-25
3382,53634,68450,Debit Card,Paid,2026-01-16
3383,53636,17782.5,Credit Card,Paid,2026-04-20
3384,53637,18950.0,Debit Card,Paid,2025-04-07
3385,53638,2150,Net Banking,Paid,2025-02-21
3386,53639,14200,UPI,Paid,2025-08-31
3387,53640,10400,UPI,Paid,2026-09-11
3388,53641,47007.5,UPI,Paid,2026-01-20
3389,53642,11400.0,Credit Card,Paid,2026-08-19
3390,53643,4940.0,Debit Card,Paid,2026-06-06
3391,53644,4550,Cash on Delivery,Paid,2025-11-15
3392,53645,1500,UPI,Paid,2026-06-11
3393,53646,13362.5,Debit Card,Paid,2026-05-04
3394,53647,540.0,Debit Card,Paid,2026-07-19
3395,53648,3092.5,Credit Card,Paid,2025-05-11
3396,53649,2350,Credit Card,Paid,2025-08-23
3397,53650,950,Debit Card,Paid,2025-03-02
3398,53651,8842.5,Credit Card,Pending,2026-05-14
3399,53653,57427.5,Debit Card,Paid,2025-04-23
3400,53654,7190.0,Debit Card,Paid,2026-01-04
3401,53655,5355.0,Debit Card,Paid,2025-01-11
3402,53656,45950,Net Banking,Paid,2025-01-14
3403,53657,12750.0,UPI,Paid,2025-02-21
3404,53658,2422.5,Debit Card,Paid,2025-06-02
3405,53659,18000,Net Banking,Paid,2026-03-26
3406,53660,110430.0,UPI,Paid,2025-05-11
3407,53661,5640.0,Credit Card,Paid,2026-01-17
3408,53662,7317.5,UPI,Paid,2025-05-14
3409,53663,49230.0,UPI,Paid,2025-02-18
3410,53664,59275.0,Debit Card,Paid,2025-01-03
3411,53665,4950.0,Credit Card,Paid,2025-12-19
3412,53666,61900,UPI,Paid,2026-03-27
3413,53667,17655.0,UPI,Paid,2026-08-22
3414,53668,22035.0,Net Banking,Paid,2025-05-16
3415,53669,135005.0,UPI,Pending,2025-06-15
3416,53670,37450,Debit Card,Paid,2025-03-17
3417,53671,7267.5,Credit Card,Paid,2026-09-15
3418,53672,40680.0,UPI,Paid,2026-08-20
3419,53674,24192.5,UPI,Paid,2025-09-11
3420,53675,2380.0,UPI,Paid,2025-10-10
3421,53676,6112.5,UPI,Paid,2025-06-16
3422,53678,2860.0,UPI,Paid,2025-01-15
3423,53680,2357.5,Net Banking,Paid,2026-03-04
3424,53681,1185.0,Credit Card,Pending,2026-04-17
3425,53682,45950,UPI,Paid,2025-02-11
3426,53683,6210.0,Credit Card,Paid,2025-06-06
3427,53684,765.0,Debit Card,Paid,2026-02-08
3428,53685,66770.0,Cash on Delivery,Paid,2026-08-19
3429,53686,7320.0,Debit Card,Paid,2025-09-18
3430,53687,3850,UPI,Paid,2026-03-18
3431,53688,41355.0,Cash on Delivery,Paid,2025-11-10
3432,53689,11175.0,UPI,Paid,2025-08-19
3433,53690,69350.0,Credit Card,Paid,2025-11-06
3434,53691,47102.5,Debit Card,Paid,2026-04-10
3435,53692,13912.5,UPI,Paid,2026-01-30
3436,53693,7170.0,Credit Card,Paid,2025-05-01
3437,53694,7400.0,Credit Card,Paid,2025-09-19
3438,53696,34500,UPI,Paid,2026-07-23
3439,53697,1805.0,UPI,Paid,2025-06-04
3440,53698,9830.0,UPI,Paid,2026-06-10
3441,53699,5995.0,Credit Card,Paid,2026-07-01
3442,53700,48527.5,Debit Card,Pending,2026-09-01
3443,53702,9580.0,Credit Card,Paid,2025-09-03
3444,53703,6000,Debit Card,Paid,2025-03-28
3445,53704,3850,Net Banking,Paid,2026-01-25
3446,53705,4655.0,Cash on Delivery,Paid,2025-12-13
3447,53708,4680.0,UPI,Paid,2026-01-09
3448,53710,2610.0,Credit Card,Paid,2025-02-05
3449,53711,1700,Credit Card,Paid,2025-03-22
3450,53712,6750,Credit Card,Paid,2026-06-26
3451,53713,2115.0,Net Banking,Paid,2025-10-01
3452,53715,16062.5,Debit Card,Paid,2025-10-03
3453,53716,4900,Debit Card,Paid,2026-02-16
3454,53717,19040.0,UPI,Paid,2025-10-02
3455,53719,14060.0,Credit Card,Paid,2025-09-03
3456,53720,5900,Debit Card,Paid,2025-10-05
3457,53721,68450,Credit Card,Paid,2026-09-01
3458,53722,6950,Net Banking,Paid,2025-03-07
3459,53723,4700,Credit Card,Paid,2025-05-10
3460,53724,61000,Debit Card,Paid,2026-01-14
3461,53725,35520.0,Net Banking,Paid,2025-01-09
3462,53727,10500,Debit Card,Paid,2025-03-31
3463,53728,17250,Debit Card,Paid,2026-02-13
3464,53729,8335.0,Credit Card,Paid,2026-01-16
3465,53730,46200,UPI,Paid,2026-04-03
3466,53731,58915.0,Credit Card,Paid,2025-09-03
3467,53732,12545.0,Debit Card,Paid,2025-10-10
3468,53733,47232.5,Debit Card,Pending,2026-08-26
3469,53734,5670.0,Credit Card,Paid,2026-01-30
3470,53735,1425.0,Credit Card,Pending,2025-02-23
3471,53736,16245.0,UPI,Paid,2026-07-12
3472,53738,1000,Cash on Delivery,Paid,2025-11-05
3473,53739,9652.5,Credit Card,Paid,2025-08-07
3474,53740,11782.5,Credit Card,Paid,2026-08-04
3475,53741,5200,Debit Card,Paid,2026-04-14
3476,53742,115950.0,Debit Card,Paid,2025-01-19
3477,53743,1575.0,Credit Card,Paid,2025-05-05
3478,53745,27300,Net Banking,Paid,2025-05-04
3479,53746,2232.5,Net Banking,Paid,2026-04-03
3480,53747,118362.5,Credit Card,Paid,2025-10-15
3481,53748,26785.0,UPI,Paid,2025-10-14
3482,53749,24302.5,UPI,Paid,2026-06-02
3483,53750,33705.0,Net Banking,Paid,2026-05-26
3484,53751,34750.0,Credit Card,Paid,2025-06-17
3485,53752,5100,UPI,Paid,2025-01-26
3486,53753,23750.0,Debit Card,Paid,2025-12-16
3487,53755,6240.0,UPI,Paid,2025-05-16
3488,53756,500,UPI,Paid,2025-11-28
3489,53757,121600,UPI,Paid,2025-01-04
3490,53759,4410.0,UPI,Paid,2026-01-01
3491,53760,7950.0,UPI,Paid,2026-07-04
3492,53761,13885.0,Debit Card,Paid,2026-01-12
3493,53762,6035.0,Debit Card,Paid,2025-02-16
3494,53763,8535.0,Credit Card,Paid,2026-05-11
3495,53764,1045.0,Cash on Delivery,Paid,2025-05-12
3496,53765,29450,UPI,Paid,2026-04-20
3497,53766,1890.0,Debit Card,Paid,2025-05-03
3498,53767,5190.0,Net Banking,Pending,2025-08-21
3499,53768,60135.0,UPI,Paid,2025-05-07
3500,53769,2205.0,Debit Card,Paid,2026-02-12
3501,53770,2900,Net Banking,Paid,2025-03-30
3502,53771,7267.5,Cash on Delivery,Paid,2025-02-05
3503,53772,5150,Cash on Delivery,Paid,2026-09-30
3504,53773,99700,UPI,Paid,2026-06-15
3505,53774,69500,Net Banking,Paid,2025-01-28
3506,53775,3500,UPI,Paid,2026-05-12
3507,53776,6272.5,UPI,Pending,2026-01-18
3508,53778,7850.0,UPI,Paid,2025-06-04
3509,53779,25412.5,Debit Card,Paid,2026-03-30
3510,53780,5440.0,UPI,Paid,2026-06-19
3511,53781,13577.5,Debit Card,Paid,2025-10-22
3512,53782,5295.0,Debit Card,Paid,2025-08-16
3513,53783,4057.5,Net Banking,Paid,2025-08-21
3514,53784,6577.5,Debit Card,Pending,2025-12-25
3515,53786,1045.0,Debit Card,Paid,2026-04-16
3516,53787,11780.0,Cash on Delivery,Paid,2026-09-14
3517,53788,5310.0,Credit Card,Paid,2026-06-02
3518,53789,9325.0,Net Banking,Paid,2025-07-24
3519,53790,18225.0,Debit Card,Paid,2026-05-19
3520,53791,43890.0,Debit Card,Paid,2025-12-29
3521,53792,4085.0,UPI,Paid,2026-07-21
3522,53793,14600.0,Net Banking,Paid,2026-07-28
3523,53794,2295.0,Debit Card,Pending,2025-04-02
3524,53796,1600,UPI,Paid,2026-07-01
3525,53797,3900,Net Banking,Paid,2026-05-05
3526,53798,5100,Debit Card,Paid,2025-09-26
3527,53799,6100,Cash on Delivery,Pending,2025-08-10
3528,53800,12835.0,UPI,Pending,2025-05-26
3529,53801,1755.0,Cash on Delivery,Paid,2026-06-05
3530,53802,23750.0,Credit Card,Paid,2026-09-15
3531,53803,13395.0,UPI,Paid,2025-12-21
3532,53804,1100,Credit Card,Paid,2026-08-03
3533,53805,6865.0,UPI,Paid,2025-07-08
3534,53806,7380.0,UPI,Paid,2026-02-19
3535,53807,9325.0,Credit Card,Pending,2026-09-25
3536,53808,16595.0,Credit Card,Paid,2026-01-16
3537,53809,8750.0,Credit Card,Paid,2025-09-06
3538,53810,6150,UPI,Paid,2026-05-06
3539,53811,3325.0,Credit Card,Paid,2025-04-28
3540,53812,4430.0,UPI,Paid,2026-05-19
3541,53813,7100,Debit Card,Paid,2025-01-07
3542,53815,147270.0,Credit Card,Paid,2026-07-30
3543,53816,20775.0,UPI,Paid,2025-03-15
3544,53817,6842.5,Net Banking,Paid,2026-02-15
3545,53818,570.0,Debit Card,Paid,2025-10-21
3546,53819,23250,Credit Card,Paid,2026-04-30
3547,53820,5937.5,Debit Card,Paid,2025-11-18
3548,53821,3900,Credit Card,Paid,2025-02-16
3549,53822,6697.5,UPI,Paid,2025-03-16
3550,53823,13950.0,Credit Card,Paid,2025-03-10
3551,53824,68450,Credit Card,Paid,2025-10-02
3552,53825,9290.0,UPI,Paid,2025-12-17
3553,53827,37800,UPI,Paid,2026-01-20
3554,53828,12105.0,Net Banking,Paid,2025-11-25
3555,53829,54405.0,UPI,Paid,2025-07-09
3556,53830,49607.5,Credit Card,Paid,2025-05-21
3557,53831,113825.0,UPI,Paid,2025-06-12
3558,53832,4227.5,Debit Card,Paid,2026-05-24
3559,53833,9880.0,Net Banking,Paid,2025-04-02
3560,53834,137850,Net Banking,Paid,2025-07-26
3561,53836,4490.0,Net Banking,Paid,2026-04-19
3562,53837,3750,UPI,Paid,2026-02-20
3563,53838,11817.5,Debit Card,Paid,2026-05-01
3564,53840,1620.0,UPI,Pending,2026-09-09
3565,53841,35585.0,UPI,Paid,2026-03-25
3566,53842,4230.0,UPI,Paid,2025-01-29
3567,53843,2655.0,Net Banking,Pending,2026-08-14
3568,53844,136800.0,UPI,Paid,2026-05-02
3569,53845,2575.0,Cash on Delivery,Paid,2025-08-31
3570,53847,5390.0,Cash on Delivery,Paid,2025-11-13
3571,53848,1300,Net Banking,Paid,2026-01-27
3572,53849,17250,UPI,Paid,2026-06-09
3573,53850,10792.5,UPI,Paid,2025-12-09
3574,53851,8000,UPI,Paid,2025-02-16
3575,53852,1950,Cash on Delivery,Paid,2025-12-27
3576,53853,23750.0,UPI,Paid,2026-05-13
3577,53854,63665.0,UPI,Paid,2025-10-17
3578,53855,1000,Net Banking,Paid,2025-10-18
3579,53856,3230.0,Credit Card,Paid,2025-01-02
3580,53857,9575.0,Credit Card,Paid,2026-04-21
3581,53858,2400,Debit Card,Paid,2026-03-22
3582,53859,5350.0,Credit Card,Paid,2026-04-04
3583,53860,3372.5,UPI,Paid,2025-04-02
3584,53861,33590.0,Net Banking,Paid,2025-12-22
3585,53862,4940.0,Cash on Delivery,Paid,2025-09-21
3586,53863,13250,Net Banking,Paid,2026-02-21
3587,53864,4185.0,Debit Card,Paid,2025-08-14
3588,53865,5747.5,Debit Card,Pending,2026-01-31
3589,53866,8550.0,UPI,Paid,2026-09-24
3590,53867,4750,UPI,Paid,2025-03-22
3591,53868,63940.0,Credit Card,Paid,2026-01-02
3592,53869,4750.0,Cash on Delivery,Paid,2025-08-17
3593,53870,2380.0,Debit Card,Paid,2026-01-15
3594,53871,5895.0,Cash on Delivery,Paid,2025-07-03
3595,53872,32220.0,Debit Card,Paid,2026-06-26
3596,53873,5100,Debit Card,Paid,2025-07-31
3597,53874,3400,UPI,Paid,2025-03-22
3598,53875,11102.5,Cash on Delivery,Paid,2026-06-22
3599,53876,106520.0,Credit Card,Paid,2026-08-07
3600,53878,94255.0,Credit Card,Paid,2026-03-22
3601,53879,2655.0,UPI,Paid,2025-09-26
3602,53880,183145.0,UPI,Paid,2025-10-27
3603,53881,5900,Debit Card,Paid,2025-09-21
3604,53882,1715.0,Credit Card,Paid,2025-11-09
3605,53883,26620.0,Debit Card,Paid,2026-09-10
3606,53884,2800,UPI,Paid,2025-09-06
3607,53885,131650,Credit Card,Paid,2025-09-22
3608,53886,3465.0,Debit Card,Paid,2025-08-20
3609,53887,16630.0,Debit Card,Paid,2026-02-24
3610,53888,4500.0,Cash on Delivery,Paid,2026-07-29
3611,53889,7955.0,Debit Card,Paid,2026-08-31
3612,53890,9237.5,UPI,Paid,2026-09-12
3613,53891,4150,UPI,Pending,2025-08-12
3614,53892,2280.0,UPI,Paid,2026-06-30
3615,53893,1915.0,Net Banking,Paid,2026-08-20
3616,53894,3087.5,Credit Card,Paid,2025-09-13
3617,53895,5810.0,Net Banking,Paid,2026-08-08
3618,53896,900,Credit Card,Paid,2025-06-27
3619,53897,4500.0,UPI,Paid,2025-02-14
3620,53898,2040.0,UPI,Paid,2026-06-16
3621,53899,22880.0,UPI,Paid,2026-02-27
3622,53900,35577.5,Credit Card,Paid,2026-08-23
3623,53901,3870.0,Debit Card,Paid,2025-02-08
3624,53902,3467.5,UPI,Paid,2025-10-12
3625,53904,8542.5,Credit Card,Paid,2026-09-18
3626,53905,3230.0,Debit Card,Paid,2025-01-29
3627,53906,2550,UPI,Paid,2025-12-31
3628,53907,11100,Credit Card,Paid,2025-07-28
3629,53908,7362.5,Credit Card,Paid,2026-02-07
3630,53909,5950,UPI,Paid,2026-09-02
3631,53910,4102.5,UPI,Paid,2025-12-12
3632,53911,47910.0,Credit Card,Paid,2025-01-03
3633,53913,137772.5,UPI,Paid,2025-03-12
3634,53914,33705.0,UPI,Paid,2025-11-02
3635,53915,5790.0,Debit Card,Paid,2026-02-11
3636,53918,68450,UPI,Paid,2025-07-07
3637,53919,1935.0,Net Banking,Paid,2025-05-19
3638,53920,44475.0,Debit Card,Paid,2025-11-14
3639,53921,12352.5,UPI,Paid,2026-02-21
3640,53922,22187.5,Debit Card,Paid,2025-11-05
3641,53923,51965.0,Credit Card,Paid,2026-08-17
3642,53924,11532.5,UPI,Paid,2026-02-10
3643,53925,7000,Credit Card,Paid,2025-01-29
3644,53926,5240.0,Net Banking,Paid,2025-11-18
3645,53927,9880.0,Credit Card,Paid,2026-08-06
3646,53928,8952.5,Credit Card,Pending,2026-08-20
3647,53929,18622.5,Net Banking,Paid,2025-04-02
3648,53931,93400,UPI,Paid,2025-09-27
3649,53932,6600,UPI,Paid,2025-08-01
3650,53933,42897.5,Debit Card,Paid,2025-08-22
3651,53935,10412.5,Debit Card,Paid,2026-07-27
3652,53936,7982.5,Credit Card,Paid,2026-02-05
3653,53937,6570.0,UPI,Paid,2025-12-11
3654,53938,10950,UPI,Paid,2025-06-13
3655,53939,997.5,Credit Card,Paid,2025-06-06
3656,53940,4450,UPI,Paid,2025-05-20
3657,53941,1520.0,Net Banking,Pending,2026-08-11
3658,53942,9360.0,Cash on Delivery,Paid,2025-01-11
3659,53943,3850,UPI,Paid,2025-09-17
3660,53944,5445.0,Cash on Delivery,Paid,2025-05-06
3661,53945,25100,UPI,Paid,2026-04-13
3662,53946,62550.0,Credit Card,Paid,2026-03-25
3663,53947,1450,Credit Card,Paid,2026-05-05
3664,53948,6390.0,Net Banking,Paid,2025-11-19
3665,53949,4750,UPI,Paid,2025-06-27
3666,53950,14790.0,UPI,Paid,2025-02-27
3667,53951,1000,Debit Card,Paid,2025-08-25
3668,53952,3990.0,Net Banking,Paid,2025-09-22
3669,53953,6860.0,Net Banking,Paid,2025-01-30
3670,53954,11475.0,Credit Card,Paid,2025-05-15
3671,53955,157370.0,Cash on Delivery,Paid,2026-04-15
3672,53956,19850.0,Debit Card,Paid,2026-08-19
3673,53957,700,Credit Card,Paid,2025-01-17
3674,53958,6555.0,Cash on Delivery,Paid,2025-06-17
3675,53961,5100,Debit Card,Paid,2026-07-14
3676,53962,16670.0,Credit Card,Paid,2025-04-15
3677,53963,16387.5,Net Banking,Paid,2026-05-23
3678,53964,26630.0,Net Banking,Paid,2025-04-19
3679,53966,72600,UPI,Paid,2026-01-04
3680,53967,6015.0,Net Banking,Paid,2026-03-28
3681,53968,2700,Debit Card,Paid,2025-06-01
3682,53969,22600,Cash on Delivery,Paid,2025-03-07
3683,53970,22085.0,UPI,Paid,2025-02-11
3684,53971,142530.0,UPI,Paid,2025-12-18
3685,53972,4550,UPI,Paid,2025-10-16
3686,53974,25800,Cash on Delivery,Paid,2025-07-12
3687,53975,3705.0,UPI,Paid,2025-03-20
3688,53976,2550,UPI,Paid,2025-03-28
3689,53977,50430.0,Debit Card,Paid,2026-06-28
3690,53978,4465.0,UPI,Paid,2025-08-30
3691,53979,6075.0,Credit Card,Paid,2026-07-21
3692,53980,3760.0,Net Banking,Paid,2026-09-21
3693,53981,10540.0,UPI,Paid,2025-03-17
3694,53982,5900,Debit Card,Paid,2026-05-12
3695,53983,1620.0,Debit Card,Paid,2025-08-19
3696,53984,22052.5,UPI,Pending,2026-08-25
3697,53985,19430.0,Cash on Delivery,Paid,2025-12-30
3698,53986,1140.0,Debit Card,Paid,2025-04-23
3699,53988,12500,UPI,Paid,2025-09-18
3700,53989,6315.0,Credit Card,Paid,2025-07-06
3701,53990,117265.0,UPI,Paid,2025-10-24
3702,53991,3990.0,UPI,Paid,2025-06-30
3703,53992,750,UPI,Paid,2025-09-24
3704,53994,27140.0,Debit Card,Paid,2025-01-02
3705,53995,7220.0,UPI,Pending,2025-07-27
3706,53996,1000,Debit Card,Paid,2026-03-30
3707,53997,8430.0,Credit Card,Paid,2025-11-09
3708,53998,11365.0,UPI,Paid,2026-06-05
3709,53999,250,UPI,Paid,2025-01-13
3710,54000,70460.0,Cash on Delivery,Paid,2025-06-20
3711,54001,1650,UPI,Paid,2026-01-22
3712,54002,21150.0,Credit Card,Paid,2025-03-15
3713,54003,15000,Debit Card,Paid,2025-07-14
3714,54004,64000.0,Debit Card,Paid,2025-09-21
3715,54005,6897.5,Net Banking,Paid,2026-02-11
3716,54007,6950,Credit Card,Paid,2025-11-21
3717,54009,14575.0,Cash on Delivery,Paid,2025-06-24
3718,54010,2950,Credit Card,Paid,2025-06-07
3719,54011,13650,Credit Card,Paid,2026-02-13
3720,54012,5317.5,Cash on Delivery,Paid,2026-09-12
3721,54013,12450,Debit Card,Paid,2026-08-10
3722,54014,1900,Credit Card,Paid,2026-08-30
3723,54015,3072.5,Debit Card,Paid,2026-02-25
3724,54016,75200,Cash on Delivery,Paid,2025-11-22
3725,54017,12100,UPI,Paid,2026-08-19
3726,54018,2750,Debit Card,Paid,2026-04-20
3727,54019,12967.5,Credit Card,Paid,2026-02-23
3728,54020,37800,Credit Card,Paid,2025-10-31
3729,54021,6500,UPI,Paid,2025-02-13
3730,54022,1600,Net Banking,Paid,2025-09-23
3731,54023,7370.0,UPI,Paid,2026-07-19
3732,54024,12055.0,Credit Card,Paid,2025-04-20
3733,54025,145635.0,Net Banking,Paid,2025-02-11
3734,54026,35112.5,Net Banking,Paid,2025-08-18
3735,54027,9262.5,Credit Card,Paid,2025-03-27
3736,54028,12300,Cash on Delivery,Paid,2025-06-27
3737,54029,10425.0,UPI,Paid,2025-10-31
3738,54030,3060.0,Credit Card,Paid,2025-04-26
3739,54031,15150,UPI,Paid,2026-03-22
3740,54032,6840.0,Cash on Delivery,Paid,2026-02-16
3741,54033,5795.0,Net Banking,Paid,2026-08-20
3742,54034,1947.5,Debit Card,Paid,2026-07-24
3743,54035,23307.5,UPI,Paid,2025-11-09
3744,54036,68450,Net Banking,Paid,2025-01-01
3745,54038,4300,Credit Card,Paid,2026-05-25
3746,54039,4450,UPI,Paid,2025-09-08
3747,54040,24900.0,UPI,Paid,2026-02-02
3748,54041,9700,UPI,Paid,2026-02-13
3749,54042,36830.0,Net Banking,Paid,2025-05-02
3750,54043,25000,UPI,Paid,2025-08-11
3751,54044,18657.5,Credit Card,Paid,2026-09-18
3752,54045,12235.0,Net Banking,Paid,2025-05-29
3753,54046,12755.0,UPI,Paid,2025-01-18
3754,54047,14150,UPI,Paid,2025-10-19
3755,54048,9452.5,Debit Card,Paid,2025-08-11
3756,54050,31150,Cash on Delivery,Paid,2026-08-05
3757,54051,12010.0,Credit Card,Paid,2025-04-25
3758,54052,15050,Net Banking,Paid,2026-04-03
3759,54053,164695.0,UPI,Paid,2026-08-26
3760,54054,2422.5,Cash on Delivery,Paid,2025-10-12
3761,54055,630.0,Credit Card,Paid,2025-06-14
3762,54056,4300,UPI,Paid,2026-07-17
3763,54057,14845.0,Credit Card,Paid,2026-03-19
3764,54058,11660.0,Net Banking,Paid,2025-06-22
3765,54060,17250,Credit Card,Paid,2026-07-07
3766,54061,57040.0,UPI,Paid,2025-07-13
3767,54062,94615.0,Cash on Delivery,Paid,2025-02-17
3768,54064,1615.0,Credit Card,Paid,2026-07-18
3769,54065,1530.0,UPI,Paid,2026-07-21
3770,54066,4465.0,UPI,Paid,2026-09-23
3771,54067,5100,UPI,Paid,2026-09-19
3772,54068,16570.0,Debit Card,Paid,2026-07-01
3773,54069,13940.0,UPI,Paid,2026-04-14
3774,54070,7125.0,Cash on Delivery,Paid,2025-08-21
3775,54072,9090.0,Cash on Delivery,Paid,2026-01-30
3776,54073,54900.0,UPI,Paid,2025-07-28
3777,54074,3260.0,Credit Card,Paid,2025-03-27
3778,54076,10130.0,Debit Card,Paid,2026-02-17
3779,54077,4000,Credit Card,Paid,2025-09-11
3780,54078,2550,Debit Card,Paid,2025-04-22
3781,54079,3850,UPI,Paid,2025-06-08
3782,54081,31390.0,UPI,Paid,2025-06-06
3783,54082,1050,Credit Card,Paid,2026-06-05
3784,54083,3650,UPI,Paid,2025-07-11
3785,54084,10350.0,UPI,Paid,2025-03-06
3786,54085,6640.0,Credit Card,Paid,2025-01-21
3787,54086,2745.0,UPI,Paid,2026-05-20
3788,54087,5800,Cash on Delivery,Paid,2026-03-09
3789,54088,52947.5,UPI,Paid,2026-08-19
3790,54089,11377.5,Credit Card,Paid,2026-07-06
3791,54090,6255.0,Credit Card,Paid,2025-09-30
3792,54091,4367.5,Credit Card,Paid,2025-05-11
3793,54092,1890.0,Debit Card,Paid,2026-02-24
3794,54093,5130.0,Credit Card,Paid,2025-04-24
3795,54094,2337.5,Net Banking,Paid,2026-08-17
3796,54095,450.0,Debit Card,Paid,2026-07-09
3797,54096,37450,Cash on Delivery,Paid,2026-05-25
3798,54097,5275.0,Credit Card,Paid,2025-06-04
3799,54098,11795.0,UPI,Paid,2026-02-13
3800,54099,1852.5,UPI,Paid,2026-09-19
3801,54100,6750,Credit Card,Paid,2025-04-07
3802,54101,9140.0,UPI,Paid,2025-11-12
3803,54102,22657.5,UPI,Paid,2025-06-16
3804,54103,8220.0,Credit Card,Paid,2025-10-07
3805,54104,1950,Net Banking,Paid,2025-01-10
3806,54105,142850,UPI,Paid,2025-05-20
3807,54106,32775.0,Credit Card,Paid,2026-04-01
3808,54107,9500,UPI,Paid,2026-09-25
3809,54108,17250,UPI,Paid,2025-11-08
3810,54109,1662.5,UPI,Paid,2026-09-26
3811,54110,600,UPI,Paid,2025-01-04
3812,54111,14050,UPI,Paid,2025-11-11
3813,54112,25100,Debit Card,Paid,2026-07-27
3814,54113,54150.0,Debit Card,Paid,2026-08-08
3815,54114,5907.5,Net Banking,Paid,2026-06-06
3816,54115,13395.0,Net Banking,Paid,2026-06-01
3817,54116,39235.0,UPI,Paid,2026-04-19
3818,54118,3850,Credit Card,Paid,2026-02-13
3819,54119,8405.0,Credit Card,Paid,2026-07-01
3820,54120,9955.0,Cash on Delivery,Paid,2026-08-22
3821,54121,18890.0,UPI,Paid,2025-11-20
3822,54122,712.5,Credit Card,Paid,2026-06-12
3823,54123,4065.0,UPI,Pending,2025-12-01
3824,54124,7750,Credit Card,Paid,2025-02-02
3825,54125,1080.0,Debit Card,Paid,2026-04-15
3826,54126,2000,Debit Card,Paid,2026-07-21
3827,54127,126600,UPI,Paid,2026-07-12
3828,54128,5355.0,Cash on Delivery,Paid,2025-09-16
3829,54129,19560.0,Debit Card,Paid,2025-08-15
3830,54130,945.0,UPI,Paid,2026-08-10
3831,54131,14145.0,Credit Card,Paid,2025-02-12
3832,54132,1200,Net Banking,Paid,2026-07-08
3833,54133,900.0,Debit Card,Paid,2026-05-01
3834,54134,65800.0,UPI,Paid,2025-04-19
3835,54135,3292.5,Cash on Delivery,Paid,2025-08-31
3836,54136,113400,UPI,Paid,2026-04-03
3837,54137,33045.0,Debit Card,Paid,2025-02-18
3838,54138,2700,UPI,Paid,2025-12-20
3839,54139,9000,UPI,Paid,2026-02-17
3840,54140,20675.0,UPI,Paid,2026-09-03
3841,54141,5747.5,Credit Card,Paid,2026-01-02
3842,54142,31470.0,UPI,Paid,2025-09-25
3843,54143,1900,UPI,Pending,2026-03-25
3844,54144,3700,UPI,Paid,2025-10-29
3845,54145,1650,UPI,Paid,2026-05-30
3846,54146,64817.5,UPI,Paid,2025-01-20
3847,54147,12537.5,Credit Card,Paid,2025-06-15
3848,54148,19855.0,Credit Card,Paid,2025-02-05
3849,54149,36147.5,Cash on Delivery,Paid,2025-07-28
3850,54150,121835.0,Debit Card,Paid,2025-05-06
3851,54151,2150,UPI,Paid,2025-10-30
3852,54152,13650,Net Banking,Paid,2025-05-15
3853,54153,475.0,Credit Card,Paid,2026-02-07
3854,54154,5675.0,Credit Card,Paid,2026-03-09
3855,54155,70545.0,Debit Card,Paid,2026-01-19
3856,54156,5000,Credit Card,Paid,2026-01-22
3857,54157,23845.0,Cash on Delivery,Paid,2025-04-30
3858,54158,2745.0,Credit Card,Paid,2026-09-04
3859,54161,23170.0,Credit Card,Paid,2026-09-16
3860,54162,10925.0,UPI,Paid,2025-10-29
3861,54163,900,UPI,Paid,2026-05-26
3862,54164,19207.5,UPI,Paid,2025-11-07
3863,54165,7010.0,UPI,Paid,2025-11-30
3864,54166,1575.0,UPI,Paid,2026-03-24
3865,54167,60135.0,UPI,Paid,2025-08-26
3866,54168,6460.0,Net Banking,Paid,2026-05-16
3867,54169,20337.5,UPI,Paid,2025-10-22
3868,54170,19135.0,Credit Card,Paid,2025-04-15
3869,54171,4320.0,Credit Card,Paid,2026-09-03
3870,54172,131670.0,UPI,Paid,2026-02-08
3871,54174,7850,Net Banking,Paid,2026-04-29
3872,54175,7235.0,Cash on Delivery,Paid,2025-05-27
3873,54176,6400,UPI,Paid,2025-06-10
3874,54177,1100,Net Banking,Paid,2026-07-13
3875,54178,3465.0,UPI,Paid,2026-07-24
3876,54179,144600,Credit Card,Paid,2026-07-22
3877,54180,29915.0,Credit Card,Paid,2025-11-09
3878,54181,3285.0,UPI,Paid,2025-05-24
3879,54182,70487.5,Credit Card,Paid,2026-02-20
3880,54183,1450,UPI,Paid,2026-05-16
3881,54184,1450,Cash on Delivery,Paid,2025-03-10
3882,54185,4227.5,UPI,Paid,2026-06-26
3883,54186,11995.0,UPI,Paid,2025-11-12
3884,54187,1950,UPI,Paid,2026-04-11
3885,54188,11100,Debit Card,Paid,2026-01-10
3886,54189,11012.5,Cash on Delivery,Paid,2025-05-25
3887,54190,57035.0,Cash on Delivery,Paid,2025-10-30
3888,54191,69950,UPI,Paid,2026-04-18
3889,54192,2925.0,Debit Card,Paid,2026-08-08
3890,54193,3900,Cash on Delivery,Paid,2026-09-10
3891,54194,9900,Credit Card,Paid,2026-05-16
3892,54195,22200,Cash on Delivery,Paid,2025-07-19
3893,54196,10497.5,Credit Card,Paid,2025-03-27
3894,54197,3650,UPI,Paid,2025-07-25
3895,54198,10285.0,Net Banking,Pending,2026-09-08
3896,54199,21090.0,Credit Card,Paid,2025-02-08
3897,54200,47577.5,Credit Card,Paid,2025-06-29
3898,54201,510.0,Cash on Delivery,Paid,2025-12-28
3899,54202,11730.0,UPI,Paid,2026-05-02
3900,54203,7565.0,Credit Card,Paid,2026-07-23
3901,54204,900.0,Debit Card,Paid,2025-03-06
3902,54205,66400.0,UPI,Paid,2025-11-10
3903,54207,12972.5,Debit Card,Paid,2026-05-10
3904,54208,8407.5,Net Banking,Paid,2025-02-21
3905,54209,110310.0,Credit Card,Paid,2025-04-20
3906,54210,5330.0,UPI,Paid,2025-07-12
3907,54211,12685.0,UPI,Paid,2026-05-24
3908,54213,4897.5,Credit Card,Paid,2026-02-12
3909,54214,750,Credit Card,Paid,2025-11-14
3910,54215,665.0,UPI,Paid,2025-05-20
3911,54216,1755.0,Net Banking,Paid,2026-01-21
3912,54217,35910.0,Debit Card,Paid,2025-12-16
3913,54218,600,Credit Card,Paid,2026-08-23
3914,54219,155277.5,UPI,Paid,2025-04-25
3915,54220,2735.0,UPI,Paid,2025-12-15
3916,54222,128215.0,Cash on Delivery,Paid,2025-12-15
3917,54223,1950,Debit Card,Paid,2026-07-08
3918,54225,198455.0,Debit Card,Paid,2025-10-29
3919,54226,1950,UPI,Paid,2026-06-11
3920,54227,6180.0,Cash on Delivery,Paid,2026-09-22
3921,54228,3550,UPI,Paid,2026-03-25
3922,54229,1530.0,UPI,Paid,2026-01-15
3923,54230,93600,Net Banking,Paid,2025-12-03
3924,54231,5050,Credit Card,Paid,2026-06-17
3925,54232,15680.0,Credit Card,Paid,2025-04-24
3926,54233,10045.0,Net Banking,Paid,2025-05-27
3927,54234,450.0,Debit Card,Paid,2026-04-19
3928,54235,47905.0,Net Banking,Paid,2025-03-17
3929,54236,81840.0,UPI,Paid,2026-07-08
3930,54238,7232.5,Cash on Delivery,Paid,2025-12-03
3931,54240,59485.0,UPI,Paid,2025-09-30
3932,54241,8040.0,UPI,Paid,2026-05-24
3933,54242,9540.0,Cash on Delivery,Pending,2026-02-05
3934,54243,68632.5,UPI,Paid,2025-07-06
3935,54244,2530.0,Credit Card,Paid,2025-08-03
3936,54245,7595.0,UPI,Paid,2026-03-21
3937,54246,3650,Debit Card,Paid,2025-03-25
3938,54247,7350,Debit Card,Paid,2026-05-19
3939,54248,12550,Credit Card,Paid,2025-12-11
3940,54249,1377.5,UPI,Paid,2025-01-24
3941,54250,5457.5,Debit Card,Paid,2026-08-10
3942,54251,29970.0,Credit Card,Paid,2025-04-18
3943,54252,8550.0,Net Banking,Paid,2026-01-15
3944,54254,62280.0,Debit Card,Paid,2025-08-15
3945,54255,5000,UPI,Paid,2025-11-17
3946,54256,211300.0,Debit Card,Paid,2025-01-22
3947,54257,60450,Cash on Delivery,Paid,2025-01-13
3948,54258,10220.0,Debit Card,Paid,2025-07-19
3949,54259,7315.0,Net Banking,Paid,2025-05-05
3950,54260,22590.0,Debit Card,Paid,2026-08-22
3951,54261,2500,Cash on Delivery,Paid,2026-06-30
3952,54262,1140.0,UPI,Paid,2026-05-01
3953,54263,600,Debit Card,Paid,2025-11-19
3954,54264,126600,Cash on Delivery,Paid,2026-03-13
3955,54265,1950,UPI,Paid,2026-06-28
3956,54266,22135.0,UPI,Paid,2025-04-14
3957,54267,12435.0,Cash on Delivery,Paid,2025-02-13
3958,54268,14805.0,Debit Card,Paid,2025-05-19
3959,54269,7350,Credit Card,Paid,2025-07-31
3960,54270,6875.0,Cash on Delivery,Paid,2026-06-28
3961,54271,33500,Net Banking,Paid,2026-02-16
3962,54272,9215.0,Net Banking,Paid,2025-08-11
3963,54273,72300,UPI,Paid,2026-09-06
3964,54274,21575.0,Debit Card,Paid,2025-12-28
3965,54275,11775.0,Debit Card,Paid,2025-01-08
3966,54276,46950.0,Debit Card,Paid,2026-03-17
3967,54277,5310.0,Credit Card,Paid,2025-10-26
3968,54278,2800,Cash on Delivery,Paid,2025-12-09
3969,54279,5350.0,UPI,Paid,2025-09-03
3970,54280,19300,Credit Card,Paid,2026-01-01
3971,54281,7575.0,UPI,Paid,2025-04-14
3972,54282,1300,Credit Card,Paid,2026-09-21
3973,54284,126065.0,Cash on Delivery,Paid,2025-07-06
3974,54285,6255.0,UPI,Paid,2026-07-12
3975,54286,32830.0,UPI,Paid,2026-01-23
3976,54287,900.0,Net Banking,Paid,2025-09-13
3977,54288,2802.5,Cash on Delivery,Paid,2026-01-22
3978,54289,22837.5,Credit Card,Paid,2026-02-27
3979,54290,4300,Debit Card,Pending,2026-04-18
3980,54291,4750,Credit Card,Paid,2025-07-29
3981,54292,9090.0,Net Banking,Paid,2025-11-03
3982,54293,3905.0,Debit Card,Pending,2026-01-18
3983,54294,1600,Debit Card,Paid,2026-07-28
3984,54295,3240.0,Net Banking,Paid,2025-08-08
3985,54296,5750,Debit Card,Paid,2026-03-06
3986,54297,15600,Debit Card,Paid,2026-06-06
3987,54298,172282.5,Credit Card,Paid,2025-09-23
3988,54299,52920.0,Net Banking,Paid,2026-06-26
3989,54300,131565.0,UPI,Paid,2025-11-21
3990,54301,7350.0,Credit Card,Paid,2026-08-13
3991,54302,6082.5,UPI,Paid,2026-03-05
3992,54303,1377.5,UPI,Paid,2026-09-14
3993,54304,214850,Debit Card,Paid,2025-01-04
3994,54305,1500,Credit Card,Paid,2026-07-04
3995,54306,25950,UPI,Paid,2026-09-21
3996,54307,3700,Credit Card,Paid,2025-11-24
3997,54308,27690.0,Debit Card,Paid,2025-08-31
3998,54309,3030.0,Credit Card,Paid,2026-07-05
3999,54310,6550,Debit Card,Paid,2026-05-18
4000,54311,7950,Net Banking,Paid,2025-07-21
4001,54312,3650,Credit Card,Pending,2026-07-21
4002,54313,6750,Cash on Delivery,Paid,2025-04-19
4003,54314,3050,Debit Card,Paid,2025-10-05
4004,54315,102465.0,UPI,Paid,2025-02-05
4005,54316,2375.0,Credit Card,Paid,2026-08-28
4006,54317,11910.0,Debit Card,Paid,2025-03-08
4007,54318,6900,Credit Card,Paid,2026-04-27
4008,54319,4200,UPI,Paid,2026-06-09
4009,54320,45950,Credit Card,Paid,2026-02-19
4010,54321,10465.0,Credit Card,Paid,2025-01-15
4011,54322,72240.0,Debit Card,Paid,2025-01-09
4012,54324,14440.0,Credit Card,Paid,2026-06-09
4013,54325,25902.5,Debit Card,Paid,2025-01-24
4014,54326,15010.0,Cash on Delivery,Paid,2025-05-17
4015,54328,7652.5,Credit Card,Paid,2025-06-24
4016,54329,3325.0,Credit Card,Paid,2025-03-29
4017,54330,5135.0,UPI,Paid,2025-12-31
4018,54331,2550,Debit Card,Paid,2025-10-02
4019,54332,28490.0,Credit Card,Paid,2025-02-27
4020,54333,7922.5,Credit Card,Paid,2026-08-29
4021,54334,4040.0,UPI,Paid,2026-08-02
4022,54335,40747.5,Cash on Delivery,Paid,2025-09-03
4023,54336,2400,UPI,Paid,2025-03-02
4024,54337,1995.0,UPI,Paid,2025-11-13
4025,54338,32152.5,UPI,Paid,2025-05-28
4026,54339,14070.0,Credit Card,Paid,2026-04-22
4027,54340,20225.0,UPI,Paid,2026-07-26
4028,54341,4322.5,Cash on Delivery,Paid,2025-09-19
4029,54342,2300,Net Banking,Paid,2025-07-29
4030,54343,1845.0,Net Banking,Paid,2026-05-23
4031,54344,4300,Cash on Delivery,Paid,2025-07-09
4032,54345,1440.0,Credit Card,Paid,2025-08-08
4033,54346,5390.0,UPI,Paid,2026-07-01
4034,54347,43905.0,UPI,Paid,2025-07-17
4035,54348,12870.0,Credit Card,Paid,2025-04-12
4036,54349,4200,Credit Card,Paid,2026-05-02
4037,54350,25555.0,Credit Card,Paid,2026-04-05
4038,54351,12100,UPI,Paid,2025-06-05
4039,54352,5475.0,Debit Card,Paid,2025-12-10
4040,54353,30210.0,UPI,Paid,2026-03-01
4041,54354,10240.0,Cash on Delivery,Paid,2026-01-05
4042,54355,29680.0,Credit Card,Paid,2026-08-21
4043,54356,12967.5,Credit Card,Paid,2026-05-03
4044,54357,34740.0,UPI,Paid,2025-04-09
4045,54358,10425.0,UPI,Pending,2026-07-31
4046,54359,5100,UPI,Paid,2026-04-18
4047,54360,65027.5,Credit Card,Paid,2025-07-14
4048,54361,5557.5,Credit Card,Paid,2026-04-08
4049,54362,3780.0,Debit Card,Paid,2025-07-29
4050,54363,1900.0,Net Banking,Paid,2025-02-12
4051,54364,62555.0,Debit Card,Paid,2025-03-19
4052,54365,26800,UPI,Paid,2025-07-10
4053,54366,63665.0,Credit Card,Paid,2025-09-17
4054,54367,81000,UPI,Paid,2025-10-14
4055,54368,14047.5,UPI,Paid,2026-05-23
4056,54369,60330.0,UPI,Paid,2025-03-12
4057,54370,3200,Net Banking,Paid,2025-09-20
4058,54371,23677.5,UPI,Paid,2025-05-29
4059,54372,9785.0,Credit Card,Paid,2025-10-28
4060,54373,41580.0,UPI,Paid,2025-05-15
4061,54374,6800,UPI,Paid,2026-02-11
4062,54376,263195.0,Net Banking,Paid,2025-03-26
4063,54377,7540.0,Credit Card,Paid,2025-01-18
4064,54378,16400,UPI,Paid,2026-04-02
4065,54379,44422.5,UPI,Paid,2025-07-04
4066,54380,8110.0,UPI,Paid,2025-07-07
4067,54381,22392.5,UPI,Paid,2025-11-20
4068,54382,1050,UPI,Paid,2026-04-27
4069,54383,4200,Debit Card,Paid,2026-09-10
4070,54384,32775.0,Net Banking,Pending,2025-01-25
4071,54386,7722.5,Debit Card,Paid,2026-01-03
4072,54387,51382.5,Debit Card,Paid,2026-01-27
4073,54388,5950,Debit Card,Paid,2026-08-12
4074,54389,13800,UPI,Paid,2026-07-04
4075,54390,1140.0,Debit Card,Paid,2025-06-24
4076,54391,25005.0,UPI,Pending,2026-02-19
4077,54392,5100,UPI,Paid,2026-09-14
4078,54393,2605.0,Credit Card,Paid,2025-09-19
4079,54394,8882.5,Debit Card,Paid,2026-06-11
4080,54395,179270.0,Credit Card,Paid,2026-04-20
4081,54396,3087.5,Credit Card,Paid,2025-01-10
4082,54397,1600,UPI,Paid,2026-04-13
4083,54398,6222.5,Credit Card,Paid,2025-08-25
4084,54399,4845.0,Debit Card,Pending,2025-04-01
4085,54400,2030.0,UPI,Paid,2025-02-03
4086,54401,239310.0,Credit Card,Paid,2026-08-04
4087,54402,7700,Credit Card,Paid,2025-02-14
4088,54404,15922.5,UPI,Paid,2025-07-26
4089,54405,27005.0,Debit Card,Paid,2025-05-11
4090,54406,8285.0,Credit Card,Paid,2025-08-24
4091,54407,11145.0,UPI,Paid,2026-03-24
4092,54408,17370.0,Credit Card,Paid,2025-02-10
4093,54409,1045.0,Credit Card,Pending,2026-08-11
4094,54410,19257.5,Debit Card,Paid,2025-10-08
4095,54411,1900.0,Net Banking,Paid,2025-01-10
4096,54412,237.5,Credit Card,Paid,2025-07-24
4097,54413,2200,UPI,Paid,2025-06-01
4098,54414,73875.0,Credit Card,Paid,2025-12-03
4099,54415,152425.0,UPI,Paid,2025-08-12
4100,54416,4987.5,UPI,Paid,2026-07-16
4101,54417,39450.0,Net Banking,Paid,2025-10-26
4102,54418,2945.0,UPI,Paid,2026-04-10
4103,54419,1950,UPI,Paid,2025-01-05
4104,54420,6345.0,Debit Card,Pending,2026-08-05
4105,54421,11557.5,Credit Card,Paid,2025-05-02
4106,54422,3700,UPI,Pending,2026-08-17
4107,54423,46317.5,UPI,Paid,2026-01-29
4108,54424,44702.5,Net Banking,Paid,2025-06-05
4109,54425,46152.5,Credit Card,Paid,2026-05-22
4110,54426,20860.0,Credit Card,Paid,2026-08-19
4111,54427,4830.0,Credit Card,Paid,2026-08-15
4112,54428,13852.5,Credit Card,Paid,2026-09-25
4113,54429,6312.5,Credit Card,Paid,2025-12-11
4114,54431,5950,Debit Card,Paid,2026-07-15
4115,54432,2475.0,Credit Card,Paid,2026-02-02
4116,54433,19980.0,Credit Card,Paid,2026-09-04
4117,54434,75655.0,UPI,Paid,2026-06-12
4118,54435,1805.0,Net Banking,Paid,2026-03-21
4119,54436,17150.0,Credit Card,Pending,2025-09-08
4120,54437,4987.5,Credit Card,Paid,2025-04-09
4121,54438,1080.0,UPI,Paid,2025-04-05
4122,54439,5250,Debit Card,Paid,2026-01-14
4123,54440,4750,Net Banking,Paid,2025-05-25
4124,54441,570.0,Net Banking,Paid,2025-11-13
4125,54442,4065.0,Credit Card,Paid,2025-09-24
4126,54443,7765.0,Debit Card,Paid,2025-03-12
4127,54444,10450,UPI,Paid,2025-09-02
4128,54445,3052.5,Credit Card,Paid,2026-04-03
4129,54446,62350.0,Net Banking,Paid,2026-09-14
4130,54447,475.0,Credit Card,Paid,2025-10-07
4131,54448,38162.5,Net Banking,Paid,2025-06-01
4132,54449,12550,Credit Card,Paid,2026-07-18
4133,54450,17287.5,Debit Card,Paid,2025-01-17
4134,54453,2900,UPI,Paid,2026-06-10
4135,54454,3250,Net Banking,Pending,2025-10-23
4136,54455,5040.0,Credit Card,Paid,2026-02-05
4137,54458,10225.0,UPI,Paid,2026-01-03
4138,54459,4200,Cash on Delivery,Paid,2025-11-16
4139,54460,4300,UPI,Pending,2025-12-19
4140,54461,855.0,Debit Card,Paid,2025-10-29
4141,54462,1780.0,Debit Card,Pending,2026-07-28
4142,54463,4550,Debit Card,Paid,2025-12-06
4143,54465,5220.0,UPI,Paid,2025-12-02
4144,54466,10562.5,UPI,Paid,2026-02-12
4145,54467,98165.0,Debit Card,Paid,2026-04-21
4146,54468,23210.0,Credit Card,Paid,2025-09-28
4147,54469,35010.0,UPI,Paid,2025-03-29
4148,54470,17210.0,UPI,Paid,2025-05-27
4149,54471,7967.5,Debit Card,Paid,2025-06-29
4150,54472,191935.0,Debit Card,Paid,2026-08-05
4151,54473,4300,UPI,Paid,2026-03-14
4152,54474,42175.0,UPI,Paid,2025-01-31
4153,54475,4635.0,Debit Card,Paid,2026-06-30
4154,54476,13200,Credit Card,Paid,2026-03-16
4155,54477,4085.0,Debit Card,Paid,2025-09-22
4156,54478,7150,Credit Card,Paid,2025-11-09
4157,54479,11695.0,Debit Card,Paid,2026-03-27
4158,54480,5895.0,UPI,Paid,2025-11-04
4159,54481,41900,Credit Card,Paid,2025-04-20
4160,54482,25060.0,UPI,Paid,2025-01-08
4161,54483,20825.0,UPI,Pending,2025-07-29
4162,54484,32130.0,Cash on Delivery,Paid,2025-06-02
4163,54485,6925.0,Debit Card,Paid,2026-03-08
4164,54486,4750,UPI,Paid,2026-07-02
4165,54487,5610.0,UPI,Paid,2025-04-14
4166,54488,43785.0,UPI,Paid,2026-04-15
4167,54489,5550,Cash on Delivery,Pending,2026-04-09
4168,54490,10350,UPI,Paid,2026-03-05
4169,54492,5652.5,Cash on Delivery,Paid,2025-06-06
4170,54493,2160.0,Credit Card,Pending,2025-03-20
4171,54495,5435.0,Cash on Delivery,Paid,2026-07-13
4172,54496,14510.0,UPI,Paid,2025-10-04
4173,54497,1662.5,UPI,Paid,2026-04-24
4174,54498,15582.5,UPI,Paid,2026-08-16
4175,54499,18450,Credit Card,Paid,2025-01-16
4176,54500,4680.0,Credit Card,Paid,2025-04-22
4177,54501,33892.5,UPI,Paid,2026-08-03
4178,54502,12240.0,Net Banking,Paid,2025-05-30
4179,54503,14160.0,UPI,Paid,2025-10-06
4180,54504,49230.0,Credit Card,Paid,2025-11-11
4181,54505,30582.5,UPI,Paid,2026-01-23
4182,54506,6050,Credit Card,Paid,2025-06-04
4183,54507,14485.0,Debit Card,Paid,2026-03-20
4184,54508,600,UPI,Paid,2025-12-31
4185,54509,26920.0,UPI,Paid,2025-06-26
4186,54510,500,UPI,Paid,2025-10-11
4187,54511,6300.0,Debit Card,Paid,2025-04-01
4188,54512,2422.5,Credit Card,Paid,2026-09-20
4189,54513,3700,Credit Card,Paid,2026-07-18
4190,54514,3800,Cash on Delivery,Paid,2025-09-13
4191,54515,35160.0,UPI,Paid,2025-08-28
4192,54516,5350.0,Debit Card,Paid,2026-08-24
4193,54517,56680.0,Debit Card,Paid,2026-05-30
4194,54518,1600,Cash on Delivery,Paid,2026-06-25
4195,54519,8232.5,Credit Card,Paid,2026-03-06
4196,54520,71250.0,Debit Card,Paid,2026-02-19
4197,54521,63915.0,UPI,Paid,2025-12-22
4198,54522,11942.5,Debit Card,Paid,2025-02-14
4199,54523,900,UPI,Paid,2026-01-15
4200,54524,6222.5,UPI,Paid,2025-10-13
4201,54525,1000,Debit Card,Paid,2025-09-11
4202,54526,3650,UPI,Paid,2026-02-16
4203,54527,1950,UPI,Paid,2026-06-25
4204,54528,1125.0,Cash on Delivery,Paid,2025-09-03
4205,54529,6935.0,Debit Card,Paid,2026-06-02
4206,54530,20650.0,Credit Card,Paid,2025-07-27
4207,54531,9957.5,Credit Card,Paid,2025-07-26
4208,54532,62490.0,UPI,Paid,2026-08-30
4209,54533,6602.5,UPI,Paid,2025-02-20
4210,54535,6310.0,Debit Card,Paid,2026-05-02
4211,54536,3725.0,Cash on Delivery,Paid,2026-05-24
4212,54537,1950,UPI,Paid,2026-04-23
4213,54538,1500.0,Credit Card,Paid,2025-02-16
4214,54540,2800,Net Banking,Paid,2025-12-30
4215,54541,5200,Credit Card,Paid,2025-02-22
4216,54542,2250,UPI,Paid,2026-08-19
4217,54543,35800.0,UPI,Paid,2026-04-23
4218,54545,1615.0,Credit Card,Paid,2025-03-20
4219,54546,8400,UPI,Paid,2025-08-17
4220,54547,87050.0,Debit Card,Paid,2025-05-03
4221,54548,40755.0,UPI,Paid,2026-07-26
4222,54549,5895.0,Debit Card,Paid,2026-03-31
4223,54550,4950.0,Net Banking,Paid,2025-05-21
4224,54551,1300,UPI,Paid,2025-02-27
4225,54552,4560.0,Debit Card,Paid,2026-03-02
4226,54553,2700,Credit Card,Paid,2026-06-09
4227,54554,3515.0,Cash on Delivery,Paid,2025-06-08
4228,54555,6000,Net Banking,Paid,2026-09-03
4229,54556,19872.5,Net Banking,Paid,2026-01-29
4230,54557,5392.5,UPI,Paid,2025-05-04
4231,54558,12677.5,UPI,Paid,2025-08-21
4232,54559,10295.0,Cash on Delivery,Paid,2026-07-28
4233,54560,4550,Credit Card,Paid,2025-01-08
4234,54561,5445.0,Credit Card,Paid,2025-01-16
4235,54562,47025.0,Credit Card,Paid,2026-01-11
4236,54563,2550,Cash on Delivery,Paid,2026-05-28
4237,54564,1912.5,UPI,Paid,2025-09-21
4238,54565,945.0,UPI,Paid,2025-05-19
4239,54566,20202.5,Credit Card,Paid,2025-07-10
4240,54567,238657.5,Debit Card,Paid,2026-02-05
4241,54568,118640.0,Debit Card,Paid,2026-01-29
4242,54569,540.0,Cash on Delivery,Paid,2026-07-19
4243,54570,6995.0,UPI,Paid,2026-02-12
4244,54571,9650.0,Net Banking,Paid,2026-03-30
4245,54572,4100,UPI,Paid,2026-03-24
4246,54573,8007.5,Credit Card,Paid,2026-08-15
4247,54574,9945.0,Cash on Delivery,Paid,2026-01-09
4248,54575,11267.5,Net Banking,Paid,2025-05-26
4249,54576,4815.0,UPI,Paid,2025-04-29
4250,54577,2250.0,UPI,Paid,2025-05-29
4251,54578,3372.5,UPI,Paid,2025-01-10
4252,54579,9827.5,Debit Card,Paid,2026-06-20
4253,54580,4500.0,UPI,Paid,2025-06-10
4254,54581,5900,Credit Card,Paid,2025-04-26
4255,54582,84785.0,UPI,Paid,2026-08-15
4256,54583,5100,Cash on Delivery,Paid,2025-10-27
4257,54584,7400.0,Debit Card,Paid,2025-01-11
4258,54585,69197.5,Debit Card,Paid,2026-03-12
4259,54586,19855.0,Debit Card,Paid,2025-01-16
4260,54587,1600,UPI,Paid,2025-05-31
4261,54588,55015.0,UPI,Paid,2026-01-22
4262,54589,2790.0,UPI,Pending,2026-07-18
4263,54590,12445.0,Credit Card,Paid,2026-02-18
4264,54591,15525.0,Credit Card,Paid,2026-09-22
4265,54592,13490.0,Credit Card,Paid,2026-07-18
4266,54593,2450,UPI,Paid,2025-01-18
4267,54595,5557.5,Debit Card,Paid,2025-06-09
4268,54596,750,UPI,Paid,2026-08-23
4269,54597,5060.0,UPI,Paid,2025-05-06
4270,54598,2555.0,Cash on Delivery,Paid,2025-12-12
4271,54599,181580.0,UPI,Paid,2025-04-24
4272,54601,10175.0,Credit Card,Paid,2025-04-11
4273,54602,2797.5,UPI,Paid,2026-07-31
4274,54603,37450,Debit Card,Paid,2026-01-06
4275,54604,44650,Credit Card,Paid,2025-02-16
4276,54605,1900,UPI,Paid,2026-04-18
4277,54606,1852.5,Credit Card,Paid,2025-01-20
4278,54607,3135.0,UPI,Paid,2026-03-22
4279,54608,3330.0,Credit Card,Paid,2026-01-14
4280,54609,32040.0,UPI,Paid,2026-04-19
4281,54610,13705.0,UPI,Paid,2025-03-08
4282,54611,2327.5,Debit Card,Paid,2025-07-28
4283,54612,21087.5,UPI,Paid,2025-05-06
4284,54613,6950,Debit Card,Paid,2026-05-08
4285,54614,5605.0,Credit Card,Paid,2025-08-24
4286,54615,50047.5,Net Banking,Paid,2025-08-10
4287,54616,18557.5,UPI,Paid,2025-08-22
4288,54617,2802.5,UPI,Paid,2026-03-29
4289,54618,65027.5,UPI,Paid,2025-11-05
4290,54619,46005.0,Net Banking,Paid,2026-04-16
4291,54620,9215.0,UPI,Paid,2025-06-15
4292,54621,18430.0,Credit Card,Paid,2026-02-08
4293,54623,10887.5,Cash on Delivery,Paid,2026-06-13
4294,54624,8450,Debit Card,Paid,2026-04-05
4295,54625,1800,UPI,Paid,2025-01-11
4296,54626,3650,UPI,Paid,2025-07-31
4297,54628,5200,UPI,Pending,2026-07-16
4298,54629,1440.0,UPI,Paid,2026-03-04
4299,54630,6412.5,UPI,Paid,2025-05-09
4300,54631,4680.0,Cash on Delivery,Paid,2026-06-01
4301,54633,1260.0,Debit Card,Paid,2025-09-27
4302,54634,26900,Credit Card,Paid,2026-02-07
4303,54635,3705.0,UPI,Paid,2025-02-28
4304,54636,3465.0,Credit Card,Paid,2025-08-29
4305,54637,16075.0,Debit Card,Paid,2025-01-27
4306,54638,3705.0,Credit Card,Paid,2026-09-11
4307,54639,9500,UPI,Paid,2026-08-15
4308,54640,2100,Cash on Delivery,Paid,2025-12-02
4309,54641,1100,Debit Card,Paid,2025-09-21
4310,54642,5155.0,Net Banking,Paid,2025-11-26
4311,54643,56252.5,Credit Card,Paid,2026-05-01
4312,54644,4680.0,UPI,Paid,2026-05-27
4313,54645,2430.0,Debit Card,Paid,2025-06-12
4314,54646,4100,Net Banking,Paid,2025-01-29
4315,54647,2450,Cash on Delivery,Paid,2025-09-23
4316,54648,4725.0,Debit Card,Paid,2025-08-04
4317,54649,4995.0,Credit Card,Paid,2025-05-14
4318,54650,43402.5,Credit Card,Paid,2025-03-03
4319,54651,8150,Debit Card,Paid,2025-05-31
4320,54652,18200.0,UPI,Paid,2025-03-18
4321,54653,9400,Debit Card,Paid,2026-05-17
4322,54654,3510.0,Credit Card,Paid,2026-05-19
4323,54655,2100,Credit Card,Paid,2025-10-29
4324,54656,66025.0,UPI,Paid,2026-01-16
4325,54657,1755.0,Cash on Delivery,Paid,2026-07-20
4326,54658,91900,Credit Card,Paid,2025-02-03
4327,54659,9700,UPI,Pending,2026-03-12
4328,54660,9400,Debit Card,Paid,2026-08-22
4329,54662,41900,Credit Card,Paid,2026-08-06
4330,54663,2400,UPI,Paid,2025-09-30
4331,54664,21865.0,Debit Card,Paid,2026-05-23
4332,54665,1650,Net Banking,Paid,2026-07-14
4333,54667,4227.5,Credit Card,Paid,2025-08-10
4334,54668,2800,UPI,Paid,2025-07-18
4335,54669,4750,UPI,Paid,2025-12-17
4336,54670,40770.0,Credit Card,Paid,2025-10-26
4337,54671,65027.5,Credit Card,Paid,2026-02-28
4338,54672,8645.0,Debit Card,Paid,2025-10-14
4339,54673,59450,Cash on Delivery,Paid,2025-04-26
4340,54674,7475.0,Credit Card,Paid,2026-07-31
4341,54676,2700,Cash on Delivery,Pending,2025-08-16
4342,54677,6640.0,Cash on Delivery,Paid,2026-02-12
4343,54678,33745.0,Credit Card,Paid,2025-03-04
4344,54679,600,Net Banking,Paid,2026-09-20
4345,54680,7800,Credit Card,Paid,2025-04-22
4346,54681,50300,Debit Card,Paid,2026-09-12
4347,54682,1600,Credit Card,Pending,2025-06-11
4348,54683,12650,UPI,Paid,2026-07-08
4349,54684,2755.0,UPI,Paid,2026-08-10
4350,54685,12240.0,Debit Card,Paid,2025-12-23
4351,54686,2900,UPI,Paid,2026-07-31
4352,54687,3510.0,Credit Card,Paid,2026-03-17
4353,54688,10845.0,Credit Card,Paid,2025-12-06
4354,54689,3520.0,Debit Card,Paid,2025-06-20
4355,54690,665.0,Credit Card,Paid,2025-07-30
4356,54691,1377.5,UPI,Paid,2026-08-24
4357,54692,36830.0,Debit Card,Paid,2025-01-01
4358,54693,4100,UPI,Paid,2025-11-05
4359,54694,108575.0,Debit Card,Pending,2026-05-23
4360,54695,11675.0,Credit Card,Paid,2025-01-23
4361,54696,4700,UPI,Paid,2025-04-16
4362,54697,4680.0,Cash on Delivery,Paid,2025-06-25
4363,54700,3515.0,Credit Card,Paid,2025-02-03
4364,54701,4845.0,Cash on Delivery,Paid,2025-02-05
4365,54702,1100,UPI,Paid,2025-06-10
4366,54703,4972.5,UPI,Paid,2025-07-31
4367,54704,12850,Credit Card,Paid,2025-09-08
4368,54706,4470.0,Credit Card,Paid,2025-12-19
4369,54708,6000,Credit Card,Paid,2025-12-12
4370,54709,12270.0,Credit Card,Paid,2025-02-04
4371,54710,2250,UPI,Paid,2026-06-01
4372,54711,8892.5,Debit Card,Paid,2025-10-19
4373,54712,38637.5,Debit Card,Paid,2025-07-18
4374,54713,29325.0,Cash on Delivery,Paid,2025-06-16
4375,54714,23455.0,UPI,Paid,2025-06-17
4376,54715,1615.0,Debit Card,Paid,2026-07-05
4377,54716,33000,Net Banking,Pending,2026-07-06
4378,54717,64820.0,Credit Card,Paid,2025-05-10
4379,54718,9785.0,Debit Card,Paid,2025-10-04
4380,54719,2295.0,Debit Card,Paid,2025-02-28
4381,54720,47102.5,UPI,Paid,2026-09-05
4382,54721,51300.0,Credit Card,Paid,2026-09-19
4383,54722,79105.0,Cash on Delivery,Paid,2025-02-27
4384,54723,129850.0,Credit Card,Paid,2026-05-24
4385,54724,4262.5,Net Banking,Paid,2026-04-16
4386,54725,4550,Credit Card,Paid,2025-06-13
4387,54726,900,Debit Card,Paid,2025-07-06
4388,54727,2100,Debit Card,Paid,2025-04-06
4389,54728,26837.5,Net Banking,Paid,2025-12-17
4390,54729,6450,Cash on Delivery,Paid,2026-08-24
4391,54730,76250.0,Credit Card,Paid,2025-03-19
4392,54731,4917.5,Debit Card,Paid,2026-01-17
4393,54732,1845.0,Cash on Delivery,Paid,2026-03-10
4394,54733,6695.0,Debit Card,Paid,2025-11-23
4395,54734,13262.5,Debit Card,Paid,2026-02-13
4396,54735,15525.0,Credit Card,Paid,2025-05-26
4397,54736,124830.0,UPI,Paid,2026-03-12
4398,54737,8077.5,Cash on Delivery,Paid,2025-08-23
4399,54738,120900,UPI,Paid,2025-06-12
4400,54739,5760.0,UPI,Paid,2025-10-03
4401,54740,11350.0,Cash on Delivery,Paid,2025-03-04
4402,54741,3965.0,Cash on Delivery,Paid,2025-03-06
4403,54742,4275.0,Credit Card,Paid,2025-12-06
4404,54743,1950,Net Banking,Paid,2025-10-05
4405,54744,104965.0,UPI,Paid,2025-04-13
4406,54745,3272.5,Credit Card,Paid,2025-09-01
4407,54746,65405.0,UPI,Paid,2026-03-29
4408,54747,4425.0,UPI,Paid,2025-05-24
4409,54748,27540.0,UPI,Paid,2025-05-10
4410,54749,6380.0,UPI,Paid,2025-05-15
4411,54750,3400,UPI,Paid,2026-07-13
4412,54751,66025.0,Debit Card,Paid,2025-11-26
4413,54752,2900,Credit Card,Paid,2025-04-23
4414,54753,7950,Credit Card,Paid,2025-01-08
4415,54754,128045.0,UPI,Paid,2026-05-20
4416,54755,13982.5,UPI,Paid,2026-01-27
4417,54757,11100,Cash on Delivery,Paid,2026-08-27
4418,54758,5130.0,Debit Card,Paid,2025-12-29
4419,54759,8170.0,UPI,Paid,2025-02-28
4420,54760,108867.5,Net Banking,Paid,2026-07-10
4421,54761,17700.0,UPI,Paid,2025-10-09
4422,54762,3700,Credit Card,Paid,2026-05-31
4423,54763,18587.5,Credit Card,Paid,2026-06-24
4424,54764,2100,UPI,Paid,2026-07-09
4425,54765,900,UPI,Paid,2026-03-24
4426,54766,60135.0,Credit Card,Paid,2026-02-19
4427,54767,4095.0,UPI,Paid,2026-06-05
4428,54768,44400.0,UPI,Paid,2026-08-22
4429,54769,1900,UPI,Paid,2025-08-10
4430,54770,4347.5,Cash on Delivery,Paid,2025-11-23
4431,54771,945.0,Debit Card,Paid,2026-08-23
4432,54772,2280.0,Credit Card,Paid,2025-06-26
4433,54773,13305.0,UPI,Paid,2025-04-19
4434,54774,5715.0,Debit Card,Paid,2026-02-20
4435,54775,20050.0,UPI,Paid,2025-11-04
4436,54776,39500,Net Banking,Paid,2025-07-13
4437,54777,101775.0,Debit Card,Paid,2025-07-04
4438,54778,44312.5,Credit Card,Paid,2025-06-23
4439,54779,4510.0,Debit Card,Paid,2025-10-08
4440,54780,88302.5,Credit Card,Paid,2025-06-29
4441,54781,3050,Credit Card,Paid,2026-09-13
4442,54782,1890.0,Cash on Delivery,Paid,2025-06-24
4443,54783,13215.0,Debit Card,Paid,2025-05-18
4444,54784,10800.0,UPI,Paid,2025-12-17
4445,54785,750,Cash on Delivery,Paid,2026-08-18
4446,54786,6050,Credit Card,Paid,2025-03-10
4447,54787,23825.0,Credit Card,Paid,2025-02-10
4448,54788,11752.5,UPI,Paid,2025-03-18
4449,54789,7377.5,Credit Card,Paid,2026-08-12
4450,54790,2550,Credit Card,Paid,2025-07-25
4451,54791,1805.0,Debit Card,Paid,2025-06-14
4452,54793,5740.0,Cash on Delivery,Paid,2025-01-06
4453,54795,9927.5,UPI,Paid,2026-05-13
4454,54796,36200.0,Net Banking,Paid,2025-10-15
4455,54797,3852.5,Net Banking,Paid,2026-03-05
4456,54798,6912.5,Cash on Delivery,Paid,2026-03-23
4457,54799,11310.0,UPI,Paid,2025-08-12
4458,54800,40965.0,Cash on Delivery,Paid,2025-12-29
4459,54801,3650,Debit Card,Paid,2025-08-22
4460,54802,9270.0,UPI,Paid,2026-03-10
4461,54803,30350,Credit Card,Paid,2025-05-31
4462,54804,7057.5,UPI,Pending,2025-07-30
4463,54805,25870.0,Net Banking,Paid,2026-02-25
4464,54806,2450,Net Banking,Paid,2026-09-25
4465,54807,4590.0,Debit Card,Paid,2026-03-22
4466,54808,42600,Credit Card,Paid,2025-04-12
4467,54809,11927.5,Net Banking,Paid,2025-10-22
4468,54810,56537.5,Cash on Delivery,Paid,2026-04-16
4469,54811,82412.5,UPI,Paid,2026-02-02
4470,54813,10092.5,Debit Card,Paid,2026-03-09
4471,54814,2612.5,Credit Card,Paid,2025-09-15
4472,54815,4300,UPI,Paid,2025-02-16
4473,54816,4950,Net Banking,Paid,2025-03-13
4474,54817,46800,Net Banking,Paid,2025-04-13
4475,54818,1852.5,Credit Card,Paid,2025-03-30
4476,54819,57427.5,UPI,Paid,2026-09-23
4477,54820,6650.0,Cash on Delivery,Paid,2025-07-07
4478,54821,11050,UPI,Paid,2026-07-28
4479,54822,21257.5,Net Banking,Paid,2025-10-01
4480,54823,10950,Debit Card,Paid,2025-08-13
4481,54824,17107.5,Debit Card,Paid,2025-12-10
4482,54825,3657.5,Net Banking,Paid,2026-02-03
4483,54826,68350,UPI,Paid,2025-01-12
4484,54827,43835.0,UPI,Paid,2026-07-03
4485,54828,12670.0,UPI,Paid,2025-05-21
4486,54829,29860.0,UPI,Paid,2025-10-15
4487,54830,1950,Cash on Delivery,Paid,2026-06-13
4488,54831,83750.0,UPI,Paid,2025-03-06
4489,54832,2000,Cash on Delivery,Paid,2025-01-04
4490,54833,38595.0,Credit Card,Paid,2025-12-12
4491,54834,3870.0,Net Banking,Paid,2025-10-02
4492,54835,8170.0,UPI,Paid,2025-10-13
4493,54836,2377.5,Debit Card,Paid,2026-09-10
4494,54837,3250,Credit Card,Paid,2026-08-19
4495,54838,1050,Debit Card,Paid,2025-03-21
4496,54839,2150,Credit Card,Paid,2025-11-09
4497,54840,4700,Debit Card,Paid,2026-02-25
4498,54841,29972.5,Net Banking,Paid,2026-04-12
4499,54842,1020.0,Credit Card,Paid,2025-09-26
4500,54843,9400,UPI,Paid,2026-02-10
4501,54844,6057.5,Credit Card,Paid,2026-04-08
4502,54845,71200,Debit Card,Paid,2025-12-26
4503,54846,7075.0,UPI,Paid,2026-03-01
4504,54847,5587.5,Credit Card,Paid,2026-02-02
4505,54848,18952.5,Debit Card,Paid,2025-03-10
4506,54849,94475.0,Credit Card,Paid,2025-03-31
4507,54850,3850,UPI,Paid,2026-09-16
4508,54851,5355.0,Credit Card,Paid,2025-06-02
4509,54852,3600.0,Debit Card,Paid,2025-06-20
4510,54853,1755.0,Net Banking,Paid,2026-06-14
4511,54854,10065.0,Credit Card,Paid,2026-04-11
4512,54855,113940.0,Credit Card,Paid,2026-01-30
4513,54856,5647.5,UPI,Paid,2026-01-08
4514,54857,73675.0,UPI,Paid,2025-02-04
4515,54858,1890.0,Net Banking,Paid,2025-09-11
4516,54859,4035.0,Credit Card,Paid,2026-08-30
4517,54860,41900,Debit Card,Paid,2026-02-10
4518,54861,3400,Credit Card,Paid,2025-08-05
4519,54862,11120.0,UPI,Paid,2025-05-04
4520,54863,9405.0,UPI,Paid,2025-07-07
4521,54865,143210.0,Credit Card,Paid,2025-03-25
4522,54866,5200,UPI,Paid,2026-04-08
4523,54867,6505.0,Credit Card,Paid,2025-12-03
4524,54868,37800,Credit Card,Paid,2026-09-05
4525,54869,78900,Credit Card,Paid,2026-04-28
4526,54870,2302.5,Debit Card,Paid,2025-07-29
4527,54871,13700,UPI,Paid,2026-06-12
4528,54872,2200,Debit Card,Paid,2026-05-31
4529,54873,9900.0,Debit Card,Paid,2025-01-25
4530,54874,1852.5,UPI,Paid,2025-11-27
4531,54875,552.5,Debit Card,Paid,2025-11-06
4532,54876,29100,Credit Card,Paid,2025-05-01
4533,54877,5280.0,UPI,Paid,2026-07-29
4534,54878,35577.5,Credit Card,Paid,2025-03-21
4535,54879,13645.0,UPI,Paid,2026-03-30
4536,54880,1750,Debit Card,Paid,2025-07-11
4537,54881,5250,UPI,Paid,2026-02-16
4538,54882,15555.0,UPI,Paid,2025-01-16
4539,54883,1852.5,Credit Card,Paid,2026-08-18
4540,54884,20360.0,Credit Card,Paid,2026-06-06
4541,54885,8970.0,UPI,Paid,2026-08-04
4542,54886,32050,UPI,Paid,2026-05-18
4543,54887,113940.0,Debit Card,Pending,2025-11-27
4544,54888,76522.5,Credit Card,Paid,2025-08-27
4545,54889,10890.0,Debit Card,Paid,2025-01-07
4546,54890,2100,Credit Card,Paid,2025-11-12
4547,54891,1995.0,UPI,Paid,2026-08-25
4548,54892,8587.5,Net Banking,Paid,2026-08-29
4549,54893,5355.0,UPI,Pending,2025-08-29
4550,54894,6050,Credit Card,Pending,2025-09-01
4551,54895,3630.0,Credit Card,Paid,2026-09-08
4552,54896,5800.0,UPI,Paid,2026-01-03
4553,54897,51300,UPI,Paid,2026-03-05
4554,54898,2460.0,UPI,Paid,2026-09-06
4555,54899,55240.0,UPI,Paid,2026-07-06
4556,54900,25482.5,Cash on Delivery,Pending,2025-09-22
4557,54901,10250,Credit Card,Paid,2025-10-06
4558,54902,997.5,UPI,Paid,2025-10-12
4559,54903,56697.5,Credit Card,Paid,2025-02-25
4560,54904,3135.0,Credit Card,Paid,2025-03-19
4561,54905,19475.0,UPI,Paid,2026-03-01
4562,54906,48330.0,Credit Card,Paid,2025-01-06
4563,54907,5800,UPI,Paid,2025-10-05
4564,54909,72035.0,Credit Card,Paid,2025-02-23
4565,54912,21250.0,Credit Card,Paid,2025-04-06
4566,54913,60945.0,Credit Card,Paid,2026-04-05
4567,54915,62550.0,Credit Card,Paid,2026-02-27
4568,54916,3230.0,Debit Card,Paid,2025-02-19
4569,54917,74900,Credit Card,Paid,2026-07-07
4570,54918,4300,UPI,Paid,2025-03-09
4571,54919,5510.0,UPI,Paid,2026-06-26
4572,54920,21337.5,Credit Card,Paid,2026-07-18
4573,54921,3102.5,UPI,Paid,2025-10-31
4574,54922,8600,UPI,Paid,2025-12-01
4575,54923,7525.0,Debit Card,Paid,2025-01-20
4576,54924,5700,UPI,Pending,2026-08-17
4577,54925,2550,Credit Card,Paid,2025-07-08
4578,54926,20955.0,Debit Card,Paid,2025-10-10
4579,54927,4085.0,Net Banking,Paid,2025-01-03
4580,54928,3860.0,UPI,Paid,2025-04-26
4581,54929,5100,UPI,Paid,2026-01-30
4582,54930,3087.5,Debit Card,Paid,2026-04-29
4583,54931,700,UPI,Paid,2026-07-25
4584,54932,17850,UPI,Paid,2025-01-18
4585,54933,3705.0,UPI,Paid,2025-02-28
4586,54934,75600,Net Banking,Paid,2026-03-08
4587,54935,7200,Net Banking,Paid,2025-09-28
4588,54936,4602.5,Cash on Delivery,Paid,2026-09-02
4589,54937,8800,UPI,Paid,2025-09-17
4590,54939,4465.0,Cash on Delivery,Paid,2025-01-12
4591,54940,20425.0,Cash on Delivery,Paid,2025-05-27
4592,54941,3800.0,Cash on Delivery,Paid,2026-01-18
4593,54942,5260.0,Credit Card,Paid,2026-08-23
4594,54943,34900.0,UPI,Paid,2025-08-17
4595,54944,15400,Cash on Delivery,Paid,2025-07-07
4596,54945,49322.5,Net Banking,Paid,2026-04-08
4597,54946,102765.0,UPI,Paid,2025-03-02
4598,54947,1445.0,Credit Card,Paid,2026-04-05
4599,54948,78240.0,UPI,Paid,2025-10-28
4600,54949,1890.0,Credit Card,Paid,2025-11-12
4601,54950,5882.5,Net Banking,Paid,2026-03-12
4602,54951,6150,UPI,Paid,2026-06-30
4603,54952,78647.5,Debit Card,Paid,2025-10-13
4604,54953,77750,UPI,Paid,2026-02-14
4605,54954,6365.0,Credit Card,Paid,2026-06-07
4606,54955,5082.5,UPI,Paid,2026-08-07
4607,54956,93655.0,Cash on Delivery,Paid,2026-06-15
4608,54957,37715.0,Credit Card,Paid,2026-02-14
4609,54958,9270.0,Credit Card,Paid,2025-05-11
4610,54959,3230.0,Debit Card,Paid,2026-02-17
4611,54960,6417.5,UPI,Paid,2026-06-26
4612,54961,52990.0,Debit Card,Paid,2025-05-13
4613,54962,5125.0,UPI,Pending,2026-05-12
4614,54963,46270.0,UPI,Paid,2025-06-28
4615,54964,5050,Net Banking,Paid,2025-09-20
4616,54965,11980.0,Credit Card,Paid,2025-07-08
4617,54966,178155.0,UPI,Paid,2026-09-27
4618,54967,6800,Credit Card,Paid,2026-02-12
4619,54968,11155.0,Credit Card,Paid,2026-08-06
4620,54969,37800,UPI,Paid,2025-12-20
4621,54970,135880.0,Credit Card,Paid,2026-09-08
4622,54971,3040.0,Credit Card,Paid,2026-09-10
4623,54972,1890.0,UPI,Paid,2025-09-11
4624,54973,7670.0,Debit Card,Paid,2026-05-04
4625,54974,117005.0,Credit Card,Paid,2026-06-12
4626,54975,1450,Net Banking,Paid,2026-09-18
4627,54976,6870.0,UPI,Paid,2026-03-21
4628,54977,15115.0,Cash on Delivery,Paid,2025-09-18
4629,54979,19570.0,Net Banking,Paid,2025-04-08
4630,54980,41900,Net Banking,Pending,2025-07-14
4631,54981,4365.0,UPI,Pending,2025-06-08
4632,54982,45950,Credit Card,Paid,2025-01-31
4633,54983,6800,UPI,Paid,2025-11-01
4634,54985,4080.0,Net Banking,Paid,2026-09-24
4635,54986,675.0,UPI,Paid,2025-11-09
4636,54987,4275.0,UPI,Paid,2025-02-04
4637,54988,29085.0,UPI,Paid,2026-08-01
4638,54989,2100,Credit Card,Paid,2025-01-18
4639,54990,1100,UPI,Paid,2026-05-23
4640,54991,11295.0,Debit Card,Paid,2026-07-11
4641,54992,60885.0,UPI,Paid,2026-09-20
4642,54993,45025.0,Credit Card,Paid,2026-01-28
4643,54994,14940.0,Credit Card,Paid,2025-05-19
4644,54995,6910.0,Credit Card,Pending,2026-09-28
4645,54996,2250.0,Cash on Delivery,Paid,2025-02-26
4646,54997,4817.5,Cash on Delivery,Paid,2025-08-26
4647,54998,6145.0,UPI,Paid,2026-03-13
4648,54999,6750,UPI,Paid,2025-04-15
4649,55000,14125.0,Debit Card,Paid,2026-09-28
